RecordID,Timestamp,Message
REC-000001,2025-08-26 13:05:47,Facing an issue where my workstation at training hall showing disk full this has been happening since yesterday.
REC-000002,2025-09-07 15:08:47,Facing an issue where performance on Word is extremely slow this is blocking me from completing my tasks.
REC-000003,2025-09-14 12:30:47,Problem encountered: VPN connection drops every few minutes causing delays in project work.
REC-000004,2025-06-29 07:41:47,Request for support regarding the printer at remote is not working again need this fixed ASAP. Contact: ahmed.h
REC-000005,2025-09-20 03:09:47,Could you please check can't log in to Excel need this fixed ASAP.
REC-000006,2025-09-18 07:49:47,Problem encountered: can't log in to PowerPoint please install Adobe Acrobat.
REC-000007,2025-08-30 13:25:47,"Facing an issue where unable to access Word, request ID #TKT-74898 please setup new email account."
REC-000008,2025-09-09 03:26:47,User youssef.t reported: my phone at datacenter showing error code 720 please install VPN client. Contact: hannah.j
REC-000009,2025-07-01 07:36:47,"Need urgent help with performance on chrome is extremely slow already tried restarting, no success."
REC-000010,2025-07-14 11:42:47,li.chen submitted a ticket: SAP refuses to start after update this is blocking me from completing my tasks. Contact: sofia.g
REC-000011,2025-07-09 03:29:47,"User sofia.g reported: unable to access Chrome, request ID #TKT-41791 already tried restarting, no success. Contact: ahmed.h"
REC-000012,2025-08-26 04:46:47,Problem encountered: VPN connection drops every few minutes colleagues on training hall also affected.
REC-000013,2025-08-31 22:09:47,Request for support regarding the workstation keeps restarting randomly this has been happening since yesterday.
REC-000014,2025-09-18 20:39:47,Facing an issue where VPN connection drops every few minutes need this fixed ASAP. Contact: sofia.g
REC-000015,2025-07-15 03:35:47,"User david.p reported: unable to access Chrome, request ID #TKT-19010 please fix wifi."
REC-000016,2025-08-22 12:31:47,"Need urgent help with can't log in to Chrome already tried restarting, no success. Contact: khaled.a"
REC-000017,2025-09-22 10:01:47,Request for support regarding performance on Outlook is extremely slow need this fixed ASAP. Contact: khaled.a
REC-000018,2025-09-20 19:49:47,Request for support regarding my server at floor 3 showing not responding causing delays in project work.
REC-000019,2025-06-27 21:23:47,Request for support regarding can't log in to Teams colleagues on HQ also affected.
REC-000020,2025-09-21 07:19:47,Request for support regarding vpn connection drops every few minutes need this fixed asap.
REC-000021,2025-07-25 15:36:47,Facing an issue where performance on Outlook is extremely slow please fix wifi.
REC-000022,2025-07-30 18:59:47,"Need urgent help with VPN connection drops every few minutes already tried restarting, no success."
REC-000023,2025-09-19 23:39:47,"Need urgent help with my desktop at floor 1 showing unknown host already tried restarting, no success."
REC-000024,2025-07-14 17:36:47,User maria.l reported: performance on Slack is extremely slow colleagues on remote also affected. Contact: alex.b
REC-000025,2025-08-31 16:50:47,Need urgent help with the printer at datacenter is not working again this has been happening since yesterday. Contact: george.t
REC-000026,2025-08-03 21:47:47,"Request for support regarding my workstation at branch office showing printer jam already tried restarting, no success. Contact: khaled.a"
REC-000027,2025-09-16 20:41:47,User nina.b reported: my workstation at floor 2 showing disk full please grant access to shared drive.
REC-000028,2025-09-08 23:49:47,maria.l submitted a ticket: can't log in to PowerPoint causing delays in project work. Contact: sarah.k
REC-000029,2025-07-23 03:58:47,I'm having trouble with performance on Zoom is extremely slow causing delays in project work.
REC-000030,2025-08-01 11:57:47,Facing an issue where the printer at floor 3 is not working again this is blocking me from completing my tasks.
REC-000031,2025-09-02 17:12:47,I'm having trouble with can't log in to sharepoint causing delays in project work.
REC-000032,2025-08-12 17:46:47,Need urgent help with my phone at lab room showing access denied need this fixed ASAP. Contact: paul.r
REC-000033,2025-07-13 00:39:47,I'm having trouble with the workstation keeps restarting randomly colleagues on floor 2 also affected.
REC-000034,2025-07-06 12:31:47,fatima.z submitted a ticket: my phone at branch office showing network timeout colleagues on branch office also affected.
REC-000035,2025-09-07 10:56:47,User emma.w reported: the printer at training hall is not working again this is blocking me from completing my tasks.
REC-000036,2025-07-07 22:38:47,fatima.z submitted a ticket: performance on Teams is extremely slow this is blocking me from completing my tasks.
REC-000037,2025-09-21 15:11:47,"alex.b submitted a ticket: unable to access PowerPoint, request ID #TKT-66640 need this fixed ASAP."
REC-000038,2025-08-11 11:14:47,I'm having trouble with performance on OneDrive is extremely slow need this fixed ASAP. Contact: hannah.j
REC-000039,2025-08-02 15:53:47,Could you please check Excel refuses to start after update this is blocking me from completing my tasks. Contact: mohamed.s
REC-000040,2025-08-05 22:17:47,"I'm having trouble with unable to access OneDrive, request ID #TKT-67497 please upgrade RAM."
REC-000041,2025-09-07 04:57:47,"I'm having trouble with unable to access Jira, request ID #TKT-74604 causing delays in project work. Contact: maria.l"
REC-000042,2025-08-19 00:20:47,Could you please check OneDrive refuses to start after update need this fixed ASAP. Contact: nina.b
REC-000043,2025-08-11 04:02:47,"Need urgent help with the printer at lab room is not working again already tried restarting, no success."
REC-000044,2025-08-30 09:52:47,"I'm having trouble with performance on Jira is extremely slow already tried restarting, no success."
REC-000045,2025-07-26 17:30:47,"Problem encountered: SharePoint refuses to start after update already tried restarting, no success."
REC-000046,2025-09-05 15:30:47,"User emma.w reported: unable to access Teams, request ID #TKT-11760 this is blocking me from completing my tasks."
REC-000047,2025-07-18 17:49:47,Request for support regarding the printer at floor 1 is not working again colleagues on floor 1 also affected. Contact: sofia.g
REC-000048,2025-07-12 12:26:47,Need urgent help with my server at floor 1 showing network timeout this is blocking me from completing my tasks.
REC-000049,2025-08-04 16:57:47,Facing an issue where VPN connection drops every few minutes please install VPN client.
REC-000050,2025-09-13 05:42:47,Facing an issue where performance on Word is extremely slow causing delays in project work. Contact: hannah.j
REC-000051,2025-07-31 09:06:47,Could you please check performance on OneDrive is extremely slow this is blocking me from completing my tasks.
REC-000052,2025-09-06 10:31:47,"User youssef.t reported: the workstation keeps restarting randomly already tried restarting, no success."
REC-000053,2025-08-12 04:00:47,"maria.l submitted a ticket: Slack refuses to start after update already tried restarting, no success. Contact: david.p"
REC-000054,2025-08-09 09:07:47,I'm having trouble with the printer at floor 3 is not working again please fix wifi.
REC-000055,2025-08-24 18:04:47,I'm having trouble with can't log in to teams this has been happening since yesterday.
REC-000056,2025-07-15 09:13:47,Problem encountered: the server keeps restarting randomly causing delays in project work.
REC-000057,2025-09-04 01:24:47,User paul.r reported: the tablet keeps restarting randomly causing delays in project work.
REC-000058,2025-08-30 16:28:47,User fatima.z reported: VPN connection drops every few minutes this is blocking me from completing my tasks. Contact: sarah.k
REC-000059,2025-09-17 05:05:47,Request for support regarding the printer at training hall is not working again colleagues on training hall also affected.
REC-000060,2025-07-27 05:49:47,olivia.m submitted a ticket: the printer at floor 1 is not working again please upgrade RAM.
REC-000061,2025-09-08 01:35:47,Need urgent help with the printer at datacenter is not working again need this fixed asap.
REC-000062,2025-08-13 02:19:47,Facing an issue where the tablet keeps restarting randomly causing delays in project work.
REC-000063,2025-08-24 05:06:47,User hannah.j reported: the tablet keeps restarting randomly this is blocking me from completing my tasks.
REC-000064,2025-08-26 13:06:47,Could you please check the printer at floor 3 is not working again this is blocking me from completing my tasks.
REC-000065,2025-09-07 02:54:47,"Request for support regarding unable to access SharePoint, request ID #TKT-28264 this is blocking me from completing my tasks."
REC-000066,2025-08-29 18:16:47,"Need urgent help with unable to access Slack, request ID #TKT-90212 need this fixed ASAP."
REC-000067,2025-09-19 23:04:47,I'm having trouble with VPN connection drops every few minutes please grant access to shared drive. Contact: ahmed.h
REC-000068,2025-08-26 22:41:47,Request for support regarding can't log in to SharePoint this has been happening since yesterday. Contact: maria.l
REC-000069,2025-08-08 17:39:47,User li.chen reported: can't log in to OneDrive need this fixed ASAP. Contact: mohamed.s
REC-000070,2025-07-11 00:29:47,Request for support regarding the printer at floor 2 is not working again please replace keyboard.
REC-000071,2025-07-16 08:02:47,Facing an issue where Outlook refuses to start after update this is blocking me from completing my tasks. Contact: olivia.m
REC-000072,2025-08-26 18:51:47,Problem encountered: the laptop keeps restarting randomly need this fixed ASAP. Contact: ahmed.h
REC-000073,2025-09-11 03:01:47,"User george.t reported: unable to access OneDrive, request ID #TKT-12036 this has been happening since yesterday. Contact: emma.w"
REC-000074,2025-08-18 02:32:47,nina.b submitted a ticket: VPN connection drops every few minutes causing delays in project work.
REC-000075,2025-09-20 09:17:47,"User paul.r reported: unable to access sharepoint, request id #tkt-38014 already tried restarting, no success."
REC-000076,2025-08-15 13:23:47,"Could you pls check the printer at remote is not working again already tried restarting, no success."
REC-000077,2025-08-07 00:45:47,I'm having trouble with my phone at datacenter showing access denied please install VPN client.
REC-000078,2025-09-12 02:04:47,I'm having trouble with performance on OneDrive is extremely slow colleagues on datacenter also affected.
REC-000079,2025-07-31 07:24:47,"Mohamed.s submitted a ticket: the laptop keeps restarting randomly already tried restarting, no success."
REC-000080,2025-07-17 06:57:47,Could you please check performance on PowerPoint is extremely slow this is blocking me from completing my tasks.
REC-000081,2025-07-20 01:48:47,Need urgent help with the server keeps restarting randomly this has been happening since yesterday.
REC-000082,2025-09-12 07:52:47,"I'm having trouble with unable to access Outlook, request ID #TKT-14471 causing delays in project work. Contact: emma.w"
REC-000083,2025-09-09 12:53:47,I'm having trouble with can't log in to Excel causing delays in project work. Contact: hannah.j
REC-000084,2025-08-01 07:18:47,"Problem encountered: can't log in to SharePoint already tried restarting, no success."
REC-000085,2025-07-31 01:19:47,Problem encountered: can't log in to excel need this fixed asap.
REC-000086,2025-08-01 11:39:47,Problem encountered: the workstation keeps restarting randomly causing delays in project work. Contact: fatima.z
REC-000087,2025-08-21 10:43:47,I'm having trouble with can't log in to SAP this has been happening since yesterday.
REC-000088,2025-08-30 08:00:47,Problem encountered: can't log in to PowerPoint this is blocking me from completing my tasks.
REC-000089,2025-07-30 18:22:47,"User sarah.k reported: can't log in to Chrome already tried restarting, no success."
REC-000090,2025-08-12 12:16:47,Facing an issue where can't log in to Outlook this is blocking me from completing my tasks.
REC-000091,2025-08-21 23:34:47,"User nina.b reported: performance on SharePoint is extremely slow already tried restarting, no success. Contact: david.p"
REC-000092,2025-09-16 01:10:47,Need urgent help with VPN connection drops every few minutes please install VPN client.
REC-000093,2025-08-10 13:40:47,"User fatima.z reported: unable to access onedrive, request id #tkt-46294 already tried restarting, no success. contact: ahmed.h"
REC-000094,2025-07-26 22:41:47,"I'm having trouble with unable to access Word, request ID #TKT-55458 this is blocking me from completing my tasks."
REC-000095,2025-09-04 06:03:47,Problem encountered: my server at floor 3 showing not responding please reset password.
REC-000096,2025-08-07 13:41:47,"Request for support regarding VPN connection drops every few minutes already tried restarting, no success."
REC-000097,2025-08-05 06:06:47,"emma.w submitted a ticket: Slack refuses to start after update already tried restarting, no success."
REC-000098,2025-07-28 21:56:47,Problem encountered: my server at lab room showing network timeout causing delays in project work.
REC-000099,2025-08-29 18:57:47,"User maria.l reported: the phone keeps restarting randomly already tried restarting, no success."
REC-000100,2025-08-05 01:49:47,hannah.j submitted a ticket: my desktop at HQ showing error code 720 need this fixed ASAP.
REC-000101,2025-08-21 23:50:47,"Need urgent help with unable to access SAP, request ID #TKT-28734 causing delays in project work."
REC-000102,2025-08-25 13:42:47,User ahmed.h reported: can't log in to PowerPoint this has been happening since yesterday.
REC-000103,2025-06-25 06:54:47,I'm having trouble with the printer at branch office is not working again need this fixed ASAP. Contact: fatima.z
REC-000104,2025-07-05 10:44:47,"Need urgent help with unable to access Chrome, request ID #TKT-13963 colleagues on branch office also affected."
REC-000105,2025-07-15 18:54:47,I'm having trouble with VPN connection drops every few minutes causing delays in project work.
REC-000106,2025-08-21 08:12:47,alex.b submitted a ticket: performance on Jira is extremely slow this is blocking me from completing my tasks.
REC-000107,2025-09-12 08:14:47,Facing an issue where can't log in to OneDrive causing delays in project work.
REC-000108,2025-08-09 13:07:47,Facing an issue where can't log in to powerpoint this has been happening since yesterday.
REC-000109,2025-09-04 19:56:47,I'm having trouble with the printer at lab room is not working again colleagues on lab room also affected. Contact: hannah.j
REC-000110,2025-09-02 23:08:47,Request for support regarding the printer at training hall is not working again please grant access to shared drive.
REC-000111,2025-07-19 09:52:47,"Problem encountered: unable to access SAP, request ID #TKT-71369 this is blocking me from completing my tasks."
REC-000112,2025-09-14 21:21:47,"I'm having trouble with my phone at floor 3 showing blue screen already tried restarting, no success."
REC-000113,2025-07-31 14:32:47,alex.b submitted a ticket: the laptop keeps restarting randomly this has been happening since yesterday.
REC-000114,2025-07-27 18:24:47,Need urgent help with SAP refuses to start after update this has been happening since yesterday.
REC-000115,2025-07-24 17:56:47,Could you please check the tablet keeps restarting randomly this is blocking me from completing my tasks.
REC-000116,2025-09-14 09:52:47,"Could you please check unable to access OneDrive, request ID #TKT-94347 already tried restarting, no success."
REC-000117,2025-08-22 13:44:47,Facing an issue where Teams refuses to start after update need this fixed ASAP.
REC-000118,2025-07-16 13:21:47,Need urgent help with performance on Outlook is extremely slow this has been happening since yesterday. Contact: ahmed.h
REC-000119,2025-07-26 05:13:47,fatima.z submitted a ticket: my server at HQ showing blue screen this is blocking me from completing my tasks.
REC-000120,2025-07-09 21:36:47,Facing an issue where can't log in to Zoom this is blocking me from completing my tasks. Contact: li.chen
REC-000121,2025-07-27 22:45:47,Problem encountered: the tablet keeps restarting randomly colleagues on training hall also affected.
REC-000122,2025-08-16 04:59:47,Need urgent help with VPN connection drops every few minutes please install Adobe Acrobat. Contact: khaled.a
REC-000123,2025-07-30 20:55:47,"Could you please check unable to access Excel, request ID #TKT-93031 causing delays in project work."
REC-000124,2025-08-05 21:37:47,Problem encountered: the workstation keeps restarting randomly causing delays in project work. Contact: sofia.g
REC-000125,2025-08-27 08:35:47,Could you please check the workstation keeps restarting randomly this is blocking me from completing my tasks. Contact: david.p
REC-000126,2025-09-19 00:50:47,Could you please check VPN connection drops every few minutes please reset password.
REC-000127,2025-08-17 03:58:47,I'm having trouble with performance on Excel is extremely slow need this fixed ASAP.
REC-000128,2025-09-18 13:02:47,"Could you please check unable to access PowerPoint, request ID #TKT-33480 colleagues on branch office also affected."
REC-000129,2025-09-18 22:01:47,john.doe submitted a ticket: Chrome refuses to start after update this has been happening since yesterday.
REC-000130,2025-08-03 14:18:47,User david.p reported: VPN connection drops every few minutes please install Adobe Acrobat. Contact: paul.r
REC-000131,2025-08-10 22:59:47,david.p submitted a ticket: can't log in to SAP need this fixed ASAP.
REC-000132,2025-07-11 03:12:47,Facing an issue where the printer at floor 2 is not working again this is blocking me from completing my tasks. Contact: george.t
REC-000133,2025-09-01 07:18:47,Problem encountered: can't log in to word this has been happening since yesterday.
REC-000134,2025-07-13 12:18:47,"Request for support regarding my desktop at lab room showing printer jam already tried restarting, no success."
REC-000135,2025-07-27 02:08:47,"Could you please check my tablet at lab room showing disk full already tried restarting, no success."
REC-000136,2025-07-31 05:28:47,Facing an issue where can't log in to Teams causing delays in project work. Contact: mohamed.s
REC-000137,2025-08-27 14:59:47,Need urgent help with the tablet keeps restarting randomly this has been happening since yesterday. Contact: li.chen
REC-000138,2025-09-20 23:41:47,Could you please check my workstation at datacenter showing access denied need this fixed ASAP.
REC-000139,2025-08-16 06:02:47,Could you pls check can't log in to Zoom colleagues on floor 3 also affected.
REC-000140,2025-09-07 09:31:47,Need urgent help with Excel refuses to start after update this is blocking me from completing my tasks.
REC-000141,2025-07-20 05:35:47,Problem encountered: performance on PowerPoint is extremely slow this is blocking me from completing my tasks.
REC-000142,2025-08-02 19:43:47,User alex.b reported: the printer at lab room is not working again need this fixed ASAP. Contact: nina.b
REC-000143,2025-08-03 13:34:47,User nina.b reported: performance on Teams is extremely slow this has been happening since yesterday.
REC-000144,2025-07-14 09:51:47,"I'm having trouble with can't log in to Zoom already tried restarting, no success."
REC-000145,2025-07-10 02:42:47,"Problem encountered: SAP refuses to start after update already tried restarting, no success. Contact: khaled.a"
REC-000146,2025-07-29 17:43:47,Facing an issue where Outlook refuses to start after update need this fixed ASAP. Contact: youssef.t
REC-000147,2025-08-31 02:37:47,"Could you please check the printer at lab room is not working again already tried restarting, no success."
REC-000148,2025-09-15 02:35:47,hannah.j submitted a ticket: VPN connection drops every few minutes this has been happening since yesterday.
REC-000149,2025-08-28 21:00:47,"Need urgent help with VPN connection drops every few minutes already tried restarting, no success."
REC-000150,2025-09-02 09:02:47,hannah.j submitted a ticket: OneDrive refuses to start after update causing delays in project work. Contact: paul.r
REC-000151,2025-08-01 22:25:47,"I'm having trouble with unable to access Word, request ID #TKT-81934 causing delays in project work."
REC-000152,2025-07-23 06:35:47,User david.p reported: the printer at floor 3 is not working again please upgrade RAM.
REC-000153,2025-06-28 02:54:47,Problem encountered: can't log in to Excel this has been happening since yesterday.
REC-000154,2025-08-11 02:15:47,Need urgent help with VPN connection drops every few minutes need this fixed ASAP.
REC-000155,2025-07-15 18:13:47,Problem encountered: the printer at floor 2 is not working again please replace keyboard.
REC-000156,2025-08-31 04:27:47,Facing an issue where the phone keeps restarting randomly please setup new email account.
REC-000157,2025-07-31 04:17:47,Could you please check VPN connection drops every few minutes this is blocking me from completing my tasks. Contact: george.t
REC-000158,2025-06-29 18:16:47,Need urgent help with my tablet at training hall showing not responding this has been happening since yesterday. Contact: john.doe
REC-000159,2025-09-08 16:03:47,"I'm having trouble with my laptop at floor 3 showing disk full already tried restarting, no success."
REC-000160,2025-07-30 21:34:47,"Problem encountered: word refuses to start after update already tried restarting, no success. contact: nina.b"
REC-000161,2025-08-24 07:56:47,Problem encountered: the printer at remote is not working again causing delays in project work.
REC-000162,2025-07-26 04:20:47,Problem encountered: the printer at floor 1 is not working again need this fixed ASAP.
REC-000163,2025-08-10 10:11:47,I'm having trouble with the laptop keeps restarting randomly need this fixed ASAP.
REC-000164,2025-09-08 16:02:47,User george.t reported: my laptop at lab room showing access denied this is blocking me from completing my tasks.
REC-000165,2025-09-03 21:44:47,Request for support regarding the phone keeps restarting randomly need this fixed asap.
REC-000166,2025-09-23 18:02:47,"Could you please check the phone keeps restarting randomly already tried restarting, no success."
REC-000167,2025-08-27 22:04:47,"Need urgent help with unable to access PowerPoint, request ID #TKT-27431 please install VPN client."
REC-000168,2025-09-13 02:31:47,Facing an issue where can't log in to Word this is blocking me from completing my tasks.
REC-000169,2025-09-17 06:41:47,I'm having trouble with my laptop at floor 1 showing unknown host please fix wifi.
REC-000170,2025-09-15 21:09:47,Facing an issue where VPN connection drops every few minutes colleagues on floor 1 also affected.
REC-000171,2025-07-23 18:37:47,Problem encountered: PowerPoint refuses to start after update causing delays in project work. Contact: john.doe
REC-000172,2025-08-15 05:33:47,Need urgent help with my server at datacenter showing access denied causing delays in project work.
REC-000173,2025-07-11 12:57:47,Could you please check can't log in to Excel this is blocking me from completing my tasks.
REC-000174,2025-07-28 16:11:47,"Could you please check VPN connection drops every few minutes already tried restarting, no success."
REC-000175,2025-08-16 23:52:47,maria.l submitted a ticket: VPN connection drops every few minutes this has been happening since yesterday.
REC-000176,2025-09-17 11:07:47,"I'm having trouble with can't log in to PowerPoint already tried restarting, no success. Contact: john.doe"
REC-000177,2025-09-03 22:28:47,User fatima.z reported: the printer at training hall is not working again please fix wifi.
REC-000178,2025-07-27 18:44:47,fatima.z submitted a ticket: Zoom refuses to start after update this has been happening since yesterday. Contact: olivia.m
REC-000179,2025-07-15 00:18:47,User nina.b reported: SharePoint refuses to start after update causing delays in project work. Contact: sofia.g
REC-000180,2025-09-12 22:56:47,Problem encountered: the printer at floor 3 is not working again this is blocking me from completing my tasks.
REC-000181,2025-09-02 06:52:47,Need urgent help with the phone keeps restarting randomly please replace keyboard.
REC-000182,2025-09-15 04:51:47,Could you please check the printer at datacenter is not working again please setup new email account.
REC-000183,2025-07-08 15:59:47,Could you please check the printer at HQ is not working again need this fixed ASAP.
REC-000184,2025-08-17 15:12:47,Could you pls check can't log in to outlook causing delays in project work.
REC-000185,2025-07-07 06:05:47,Nina.b submitted a ticket: the printer at remote is not working again this has been happening since yesterday.
REC-000186,2025-08-26 17:48:47,Could you pls check my phone at branch office showing network timeout need this fixed ASAP.
REC-000187,2025-07-08 07:30:47,Need urgent help with my server at floor 1 showing access denied colleagues on floor 1 also affected. Contact: george.t
REC-000188,2025-07-11 08:24:47,"User david.p reported: unable to access Word, request ID #TKT-57418 need this fixed ASAP."
REC-000189,2025-08-13 06:49:47,User sofia.g reported: the workstation keeps restarting randomly this has been happening since yesterday.
REC-000190,2025-08-13 08:13:47,"I'm having trouble with Zoom refuses to start after update already tried restarting, no success."
REC-000191,2025-09-09 23:57:47,Facing an issue where VPN connection drops every few minutes colleagues on datacenter also affected.
REC-000192,2025-07-27 22:01:47,Request for support regarding VPN connection drops every few minutes causing delays in project work. Contact: sarah.k
REC-000193,2025-08-27 12:25:47,Could you please check my laptop at datacenter showing access denied need this fixed ASAP.
REC-000194,2025-08-01 16:41:47,olivia.m submitted a ticket: the tablet keeps restarting randomly causing delays in project work. Contact: george.t
REC-000195,2025-07-05 13:51:47,Request for support regarding the laptop keeps restarting randomly this has been happening since yesterday.
REC-000196,2025-07-16 14:07:47,"I'm having trouble with unable to access SAP, request ID #TKT-38800 already tried restarting, no success."
REC-000197,2025-07-16 22:39:47,"Facing an issue where unable to access Chrome, request ID #TKT-27776 this has been happening since yesterday. Contact: hannah.j"
REC-000198,2025-09-08 18:52:47,"Request for support regarding unable to access sap, request id #tkt-49296 please unlock account."
REC-000199,2025-08-14 10:02:47,Need urgent help with VPN connection drops every few minutes this is blocking me from completing my tasks.
REC-000200,2025-08-28 06:33:47,Facing an issue where the printer at remote is not working again need this fixed ASAP.
REC-000201,2025-08-30 16:03:47,User khaled.a reported: the printer at remote is not working again this has been happening since yesterday. Contact: hannah.j
REC-000202,2025-07-15 08:09:47,"User sarah.k reported: my laptop at lab room showing error code 720 already tried restarting, no success."
REC-000203,2025-08-22 03:08:47,User sarah.k reported: performance on slack is extremely slow need this fixed asap.
REC-000204,2025-08-20 17:44:47,Facing an issue where the printer at training hall is not working again please replace keyboard.
REC-000205,2025-07-27 15:58:47,nina.b submitted a ticket: my tablet at datacenter showing not responding please fix wifi. Contact: youssef.t
REC-000206,2025-09-10 02:20:47,I'm having trouble with performance on Zoom is extremely slow colleagues on training hall also affected. Contact: sofia.g
REC-000207,2025-07-26 13:50:47,Facing an issue where the printer at datacenter is not working again this is blocking me from completing my tasks. Contact: sofia.g
REC-000208,2025-07-10 19:06:47,"User olivia.m reported: unable to access sap, request id #tkt-81074 already tried restarting, no success."
REC-000209,2025-08-23 21:11:47,Need urgent help with my server at floor 1 showing network timeout this has been happening since yesterday. Contact: mohamed.s
REC-000210,2025-08-27 02:10:47,"I'm having trouble with my workstation at floor 1 showing network timeout already tried restarting, no success. Contact: fatima.z"
REC-000211,2025-07-05 08:52:47,Problem encountered: performance on Teams is extremely slow colleagues on remote also affected. Contact: paul.r
REC-000212,2025-08-28 19:27:47,Need urgent help with Zoom refuses to start after update this is blocking me from completing my tasks.
REC-000213,2025-07-18 07:10:47,"I'm having trouble with unable to access Excel, request ID #TKT-33289 this is blocking me from completing my tasks."
REC-000214,2025-07-10 23:18:47,Could you pls check Excel refuses to start after update colleagues on branch office also affected.
REC-000215,2025-08-16 06:24:47,"Need urgent help with unable to access Teams, request ID #TKT-15659 colleagues on branch office also affected."
REC-000216,2025-06-28 08:24:47,"Facing an issue where unable to access chrome, request id #tkt-81081 pls install adobe acrobat."
REC-000217,2025-09-20 10:50:47,Need urgent help with the phone keeps restarting randomly need this fixed ASAP.
REC-000218,2025-08-05 14:11:47,Facing an issue where my workstation at remote showing blue screen need this fixed ASAP.
REC-000219,2025-07-17 09:08:47,emma.w submitted a ticket: Teams refuses to start after update this is blocking me from completing my tasks.
REC-000220,2025-08-11 08:07:47,Could you pls check VPN connection drops every few minutes colleagues on branch office also affected. Contact: emma.w
REC-000221,2025-07-19 05:21:47,alex.b submitted a ticket: can't log in to Outlook this is blocking me from completing my tasks.
REC-000222,2025-07-25 16:18:47,Could you please check the printer at floor 2 is not working again causing delays in project work.
REC-000223,2025-09-14 02:23:47,Could you please check can't log in to Outlook causing delays in project work.
REC-000224,2025-07-20 16:45:47,"fatima.z submitted a ticket: unable to access OneDrive, request ID #TKT-76517 this is blocking me from completing my tasks."
REC-000225,2025-09-04 10:47:47,Request for support regarding can't log in to SharePoint causing delays in project work.
REC-000226,2025-07-05 01:57:47,Could you please check Excel refuses to start after update need this fixed ASAP.
REC-000227,2025-07-05 15:38:47,Problem encountered: can't log in to Teams please replace keyboard.
REC-000228,2025-08-12 12:05:47,Could you please check the printer at floor 1 is not working again causing delays in project work. contact: khaled.a
REC-000229,2025-08-26 15:59:47,"Need urgent help with unable to access OneDrive, request ID #TKT-94187 pls install VPN client."
REC-000230,2025-08-23 15:40:47,User mohamed.s reported: performance on Outlook is extremely slow causing delays in project work.
REC-000231,2025-07-03 13:59:47,I'm having trouble with can't log in to Outlook this has been happening since yesterday. Contact: hannah.j
REC-000232,2025-08-30 14:35:47,User sarah.k reported: vpn connection drops every few minutes this has been happening since yesterday.
REC-000233,2025-07-04 03:16:47,Problem encountered: the workstation keeps restarting randomly colleagues on datacenter also affected.
REC-000234,2025-07-02 22:42:47,Problem encountered: the printer at training hall is not working again this is blocking me from completing my tasks. Contact: john.doe
REC-000235,2025-07-06 19:00:47,I'm having trouble with can't log in to excel this has been happening since yesterday. contact: ahmed.h
REC-000236,2025-08-08 09:36:47,john.doe submitted a ticket: can't log in to Slack this is blocking me from completing my tasks.
REC-000237,2025-07-20 06:40:47,I'm having trouble with VPN connection drops every few minutes please install VPN client.
REC-000238,2025-06-28 23:59:47,Request for support regarding Zoom refuses to start after update colleagues on remote also affected.
REC-000239,2025-07-05 18:23:47,"Facing an issue where unable to access PowerPoint, request ID #TKT-98821 please unlock account."
REC-000240,2025-06-27 21:11:47,"Need urgent help with unable to access Jira, request ID #TKT-73182 already tried restarting, no success."
REC-000241,2025-07-05 18:17:47,Alex.b submitted a ticket: performance on zoom is extremely slow need this fixed asap.
REC-000242,2025-06-30 07:36:47,Need urgent help with Jira refuses to start after update this has been happening since yesterday.
REC-000243,2025-07-05 07:42:47,Need urgent help with the phone keeps restarting randomly this is blocking me from completing my tasks.
REC-000244,2025-07-24 15:13:47,nina.b submitted a ticket: the printer at floor 1 is not working again causing delays in project work. Contact: george.t
REC-000245,2025-08-23 15:06:47,"Facing an issue where unable to access chrome, request id #tkt-88110 causing delays in project work. contact: alex.b"
REC-000246,2025-07-24 09:45:47,"Request for support regarding the printer at floor 3 is not working again already tried restarting, no success."
REC-000247,2025-08-06 10:40:47,Request for support regarding Teams refuses to start after update colleagues on HQ also affected. Contact: emma.w
REC-000248,2025-06-26 21:50:47,Facing an issue where SAP refuses to start after update this has been happening since yesterday.
REC-000249,2025-07-16 04:48:47,I'm having trouble with the printer at floor 3 is not working again pls install Adobe Acrobat.
REC-000250,2025-07-20 01:56:47,Problem encountered: can't log in to Outlook please replace keyboard.
REC-000251,2025-07-19 19:10:47,Request for support regarding performance on Jira is extremely slow this has been happening since yesterday.
REC-000252,2025-09-20 03:57:47,"Could you please check the printer at HQ is not working again already tried restarting, no success."
REC-000253,2025-09-05 16:55:47,User paul.r reported: performance on Teams is extremely slow causing delays in project work.
REC-000254,2025-08-24 21:44:47,Need urgent help with my desktop at lab room showing error code 720 need this fixed ASAP.
REC-000255,2025-07-23 07:22:47,User sarah.k reported: the printer at datacenter is not working again this is blocking me from completing my tasks.
REC-000256,2025-09-09 05:52:47,I'm having trouble with can't log in to Slack colleagues on training hall also affected. Contact: maria.l
REC-000257,2025-09-22 23:11:47,"I'm having trouble with my server at lab room showing network timeout already tried restarting, no success."
REC-000258,2025-07-08 00:16:47,"Facing an issue where unable to access Outlook, request ID #TKT-62738 please grant access to shared drive."
REC-000259,2025-07-15 08:36:47,Need urgent help with performance on OneDrive is extremely slow this is blocking me from completing my tasks.
REC-000260,2025-09-05 05:53:47,I'm having trouble with Excel refuses to start after update this has been happening since yesterday.
REC-000261,2025-08-13 22:50:47,I'm having trouble with performance on SharePoint is extremely slow please grant access to shared drive.
REC-000262,2025-06-28 10:32:47,Could you please check the workstation keeps restarting randomly colleagues on floor 1 also affected.
REC-000263,2025-08-29 07:59:47,fatima.z submitted a ticket: the printer at floor 1 is not working again need this fixed ASAP. Contact: alex.b
REC-000264,2025-07-29 11:01:47,"Need urgent help with unable to access OneDrive, request ID #TKT-48036 this is blocking me from completing my tasks."
REC-000265,2025-08-29 16:59:47,Facing an issue where my laptop at HQ showing network timeout this has been happening since yesterday.
REC-000266,2025-09-17 18:35:47,"Problem encountered: unable to access Jira, request ID #TKT-95646 this has been happening since yesterday. Contact: nina.b"
REC-000267,2025-06-25 22:57:47,"Facing an issue where unable to access zoom, request id #tkt-35834 pls setup new email account. contact: sofia.g"
REC-000268,2025-08-08 17:00:47,Could you please check performance on jira is extremely slow colleagues on hq also affected. contact: ahmed.h
REC-000269,2025-07-07 20:49:47,I'm having trouble with the printer at training hall is not working again colleagues on training hall also affected.
REC-000270,2025-08-04 07:28:47,"User john.doe reported: performance on Outlook is extremely slow already tried restarting, no success. Contact: olivia.m"
REC-000271,2025-09-11 09:09:47,Could you please check Jira refuses to start after update need this fixed ASAP.
REC-000272,2025-08-31 03:08:47,"Problem encountered: the laptop keeps restarting randomly already tried restarting, no success."
REC-000273,2025-08-12 22:24:47,Need urgent help with performance on SharePoint is extremely slow pls setup new email account.
REC-000274,2025-08-07 22:10:47,Need urgent help with the phone keeps restarting randomly causing delays in project work.
REC-000275,2025-07-15 02:40:47,"User sofia.g reported: unable to access PowerPoint, request ID #TKT-23106 causing delays in project work. Contact: john.doe"
REC-000276,2025-08-24 08:22:47,Problem encountered: performance on sharepoint is extremely slow need this fixed asap.
REC-000277,2025-09-11 09:09:47,Could you please check my workstation at lab room showing printer jam this has been happening since yesterday. Contact: sofia.g
REC-000278,2025-09-19 01:16:47,Facing an issue where SAP refuses to start after update this is blocking me from completing my tasks.
REC-000279,2025-08-08 08:10:47,Facing an issue where Jira refuses to start after update this has been happening since yesterday.
REC-000280,2025-07-05 22:38:47,Problem encountered: the server keeps restarting randomly colleagues on floor 1 also affected.
REC-000281,2025-09-17 13:42:47,paul.r submitted a ticket: VPN connection drops every few minutes this is blocking me from completing my tasks.
REC-000282,2025-08-27 00:23:47,Request for support regarding VPN connection drops every few minutes please reset password.
REC-000283,2025-08-27 09:06:47,Need urgent help with the workstation keeps restarting randomly please reset password.
REC-000284,2025-08-11 06:14:47,"Ahmed.h submitted a ticket: unable to access onedrive, request id #tkt-34131 this has been happening since yesterday."
REC-000285,2025-08-17 05:06:47,khaled.a submitted a ticket: can't log in to PowerPoint this has been happening since yesterday.
REC-000286,2025-08-06 09:56:47,"Facing an issue where unable to access Excel, request ID #TKT-74655 colleagues on floor 3 also affected. Contact: olivia.m"
REC-000287,2025-08-10 08:13:47,Need urgent help with vpn connection drops every few minutes need this fixed asap. contact: fatima.z
REC-000288,2025-08-28 21:27:47,"paul.r submitted a ticket: the laptop keeps restarting randomly already tried restarting, no success. Contact: emma.w"
REC-000289,2025-09-11 07:37:47,User hannah.j reported: Zoom refuses to start after update colleagues on floor 2 also affected.
REC-000290,2025-08-26 16:08:47,Facing an issue where can't log in to outlook causing delays in project work.
REC-000291,2025-08-01 17:27:47,User mohamed.s reported: can't log in to OneDrive this is blocking me from completing my tasks. Contact: sarah.k
REC-000292,2025-08-24 04:44:47,Problem encountered: my tablet at floor 3 showing network timeout please install VPN client. Contact: olivia.m
REC-000293,2025-09-19 18:35:47,I'm having trouble with the workstation keeps restarting randomly this is blocking me from completing my tasks.
REC-000294,2025-07-13 03:55:47,"Need urgent help with unable to access Teams, request ID #TKT-19977 already tried restarting, no success. Contact: emma.w"
REC-000295,2025-08-19 04:02:47,Could you please check performance on OneDrive is extremely slow this has been happening since yesterday.
REC-000296,2025-09-19 03:45:47,Problem encountered: sap refuses to start after update this is blocking me from completing my tasks.
REC-000297,2025-08-30 01:41:47,User david.p reported: SharePoint refuses to start after update need this fixed ASAP.
REC-000298,2025-07-21 15:11:47,Need urgent help with the printer at floor 1 is not working again this is blocking me from completing my tasks. Contact: olivia.m
REC-000299,2025-09-19 04:18:47,Facing an issue where performance on Outlook is extremely slow this has been happening since yesterday. Contact: ahmed.h
REC-000300,2025-09-11 13:43:47,john.doe submitted a ticket: the phone keeps restarting randomly need this fixed ASAP.
REC-000301,2025-08-31 17:22:47,I'm having trouble with can't log in to Slack this has been happening since yesterday.
REC-000302,2025-06-26 21:21:47,Could you please check the printer at floor 2 is not working again please setup new email account. Contact: john.doe
REC-000303,2025-07-29 04:51:47,I'm having trouble with the server keeps restarting randomly this is blocking me from completing my tasks.
REC-000304,2025-07-17 18:10:47,I'm having trouble with performance on Jira is extremely slow need this fixed ASAP. Contact: emma.w
REC-000305,2025-07-25 06:01:47,"Facing an issue where the printer at lab room is not working again already tried restarting, no success. Contact: david.p"
REC-000306,2025-07-20 17:34:47,Request for support regarding the workstation keeps restarting randomly this has been happening since yesterday. Contact: david.p
REC-000307,2025-09-23 14:33:47,I'm having trouble with the server keeps restarting randomly causing delays in project work. Contact: ahmed.h
REC-000308,2025-08-09 01:40:47,li.chen submitted a ticket: VPN connection drops every few minutes colleagues on lab room also affected.
REC-000309,2025-08-22 01:57:47,I'm having trouble with Word refuses to start after update pls fix wifi.
REC-000310,2025-09-08 06:38:47,"User hannah.j reported: unable to access Teams, request ID #TKT-46533 already tried restarting, no success."
REC-000311,2025-08-03 14:27:47,Need urgent help with can't log in to SharePoint this is blocking me from completing my tasks.
REC-000312,2025-09-19 11:22:47,Request for support regarding VPN connection drops every few minutes this is blocking me from completing my tasks.
REC-000313,2025-07-26 04:54:47,"olivia.m submitted a ticket: unable to access Chrome, request ID #TKT-56413 pls replace keyboard. Contact: khaled.a"
REC-000314,2025-08-02 07:00:47,Facing an issue where my server at training hall showing printer jam need this fixed ASAP. Contact: sarah.k
REC-000315,2025-09-19 05:57:47,Request for support regarding VPN connection drops every few minutes please upgrade RAM. Contact: alex.b
REC-000316,2025-07-24 01:47:47,I'm having trouble with my desktop at remote showing not responding causing delays in project work.
REC-000317,2025-08-30 11:37:47,Request for support regarding SharePoint refuses to start after update colleagues on HQ also affected. Contact: john.doe
REC-000318,2025-09-10 20:59:47,I'm having trouble with the tablet keeps restarting randomly this is blocking me from completing my tasks.
REC-000319,2025-08-09 11:04:47,Need urgent help with Excel refuses to start after update need this fixed ASAP. Contact: emma.w
REC-000320,2025-07-30 10:07:47,Problem encountered: my workstation at training hall showing network timeout need this fixed ASAP.
REC-000321,2025-07-11 02:25:47,I'm having trouble with performance on SAP is extremely slow colleagues on floor 2 also affected. Contact: mohamed.s
REC-000322,2025-08-05 05:45:47,User olivia.m reported: my tablet at floor 2 showing not responding need this fixed ASAP.
REC-000323,2025-09-11 21:57:47,User ahmed.h reported: can't log in to Excel this has been happening since yesterday.
REC-000324,2025-08-27 01:14:47,User alex.b reported: can't log in to Word causing delays in project work.
REC-000325,2025-08-17 17:08:47,Request for support regarding the printer at floor 1 is not working again causing delays in project work.
REC-000326,2025-07-09 22:15:47,Need urgent help with performance on OneDrive is extremely slow causing delays in project work.
REC-000327,2025-08-27 07:06:47,User maria.l reported: the printer at branch office is not working again causing delays in project work.
REC-000328,2025-09-12 07:13:47,"Facing an issue where VPN connection drops every few minutes already tried restarting, no success. Contact: sarah.k"
REC-000329,2025-08-29 03:52:47,Facing an issue where my tablet at floor 1 showing not responding please unlock account.
REC-000330,2025-07-18 00:43:47,Request for support regarding the printer at training hall is not working again please install Adobe Acrobat.
REC-000331,2025-08-23 02:53:47,Facing an issue where can't log in to outlook this has been happening since yesterday.
REC-000332,2025-08-12 14:22:47,Request for support regarding VPN connection drops every few minutes please setup new email account. Contact: hannah.j
REC-000333,2025-07-10 07:29:47,Facing an issue where can't log in to word causing delays in project work.
REC-000334,2025-07-14 09:29:47,"User khaled.a reported: can't log in to Excel already tried restarting, no success."
REC-000335,2025-09-19 17:35:47,Could you please check the laptop keeps restarting randomly this is blocking me from completing my tasks.
REC-000336,2025-07-31 00:05:47,Need urgent help with vpn connection drops every few minutes this has been happening since yesterday.
REC-000337,2025-08-29 09:57:47,Need urgent help with can't log in to PowerPoint please setup new email account.
REC-000338,2025-08-06 17:43:47,Request for support regarding performance on Jira is extremely slow this has been happening since yesterday.
REC-000339,2025-09-19 08:00:47,User sofia.g reported: performance on Jira is extremely slow colleagues on floor 3 also affected.
REC-000340,2025-08-23 08:04:47,Need urgent help with the desktop keeps restarting randomly need this fixed ASAP.
REC-000341,2025-08-20 07:55:47,Facing an issue where Outlook refuses to start after update causing delays in project work.
REC-000342,2025-09-21 01:13:47,"Facing an issue where can't log in to SharePoint already tried restarting, no success."
REC-000343,2025-09-13 09:17:47,"Problem encountered: unable to access SharePoint, request ID #TKT-91317 causing delays in project work."
REC-000344,2025-09-04 03:59:47,Could you please check can't log in to chrome please unlock account. contact: alex.b
REC-000345,2025-07-10 09:07:47,Problem encountered: the printer at floor 2 is not working again need this fixed ASAP.
REC-000346,2025-08-05 15:06:47,Need urgent help with the laptop keeps restarting randomly this has been happening since yesterday. Contact: george.t
REC-000347,2025-07-29 06:56:47,"Facing an issue where can't log in to OneDrive already tried restarting, no success."
REC-000348,2025-08-22 14:45:47,Need urgent help with can't log in to OneDrive this is blocking me from completing my tasks. Contact: nina.b
REC-000349,2025-09-05 16:22:47,"User george.t reported: VPN connection drops every few minutes already tried restarting, no success. Contact: khaled.a"
REC-000350,2025-07-13 17:00:47,Could you please check my workstation at HQ showing error code 720 this has been happening since yesterday. Contact: li.chen
REC-000351,2025-07-25 20:08:47,Could you please check the printer at floor 2 is not working again need this fixed ASAP.
REC-000352,2025-07-08 18:01:47,Could you please check can't log in to OneDrive colleagues on remote also affected. Contact: david.p
REC-000353,2025-09-12 23:43:47,Problem encountered: the printer at training hall is not working again this has been happening since yesterday. Contact: mohamed.s
REC-000354,2025-07-16 11:08:47,Could you pls check VPN connection drops every few minutes this is blocking me from completing my tasks. Contact: youssef.t
REC-000355,2025-07-07 17:05:47,Request for support regarding performance on Chrome is extremely slow this has been happening since yesterday. Contact: alex.b
REC-000356,2025-08-01 09:57:47,Sofia.g submitted a ticket: my tablet at training hall showing network timeout causing delays in project work.
REC-000357,2025-06-26 00:35:47,Could you please check the tablet keeps restarting randomly please fix wifi.
REC-000358,2025-06-26 00:03:47,"User sofia.g reported: unable to access Jira, request ID #TKT-24068 please replace keyboard."
REC-000359,2025-08-30 06:10:47,User david.p reported: the phone keeps restarting randomly colleagues on datacenter also affected.
REC-000360,2025-09-04 03:50:47,Need urgent help with the desktop keeps restarting randomly this has been happening since yesterday.
REC-000361,2025-08-10 20:55:47,"Could you please check unable to access Teams, request ID #TKT-94052 this has been happening since yesterday. Contact: ahmed.h"
REC-000362,2025-09-14 14:34:47,"Could you please check the phone keeps restarting randomly already tried restarting, no success."
REC-000363,2025-09-22 18:05:47,"User george.t reported: performance on SAP is extremely slow already tried restarting, no success."
REC-000364,2025-08-08 03:18:47,"Need urgent help with unable to access SharePoint, request ID #TKT-38008 colleagues on lab room also affected."
REC-000365,2025-09-07 00:29:47,User olivia.m reported: my tablet at datacenter showing unknown host this is blocking me from completing my tasks. Contact: li.chen
REC-000366,2025-07-04 00:07:47,Request for support regarding VPN connection drops every few minutes colleagues on lab room also affected.
REC-000367,2025-09-18 06:50:47,Could you pls check outlook refuses to start after update causing delays in project work. contact: hannah.j
REC-000368,2025-09-02 05:36:47,Could you please check can't log in to SAP need this fixed ASAP. Contact: mohamed.s
REC-000369,2025-07-22 03:59:47,Request for support regarding Chrome refuses to start after update this is blocking me from completing my tasks. Contact: sofia.g
REC-000370,2025-08-08 12:48:47,"Need urgent help with my laptop at floor 2 showing error code 720 already tried restarting, no success."
REC-000371,2025-07-08 15:43:47,I'm having trouble with performance on Word is extremely slow colleagues on datacenter also affected. Contact: alex.b
REC-000372,2025-08-26 04:21:47,"Could you pls check unable to access Jira, request ID #TKT-39982 colleagues on floor 2 also affected."
REC-000373,2025-07-14 08:31:47,I'm having trouble with performance on Teams is extremely slow this has been happening since yesterday. Contact: mohamed.s
REC-000374,2025-09-16 18:13:47,I'm having trouble with the workstation keeps restarting randomly pls install Adobe Acrobat.
REC-000375,2025-08-07 17:02:47,Could you please check my tablet at datacenter showing unknown host colleagues on datacenter also affected. Contact: paul.r
REC-000376,2025-07-23 13:35:47,"User hannah.j reported: unable to access Jira, request ID #TKT-13476 this is blocking me from completing my tasks. Contact: sofia.g"
REC-000377,2025-09-05 17:57:47,hannah.j submitted a ticket: my server at branch office showing not responding pls fix wifi.
REC-000378,2025-08-27 07:11:47,"Facing an issue where can't log in to outlook already tried restarting, no success."
REC-000379,2025-09-01 13:13:47,alex.b submitted a ticket: the tablet keeps restarting randomly need this fixed ASAP.
REC-000380,2025-06-25 04:27:47,"Problem encountered: unable to access OneDrive, request ID #TKT-95960 already tried restarting, no success."
REC-000381,2025-07-19 15:36:47,Request for support regarding the workstation keeps restarting randomly this has been happening since yesterday.
REC-000382,2025-07-03 07:52:47,fatima.z submitted a ticket: VPN connection drops every few minutes pls reset password.
REC-000383,2025-08-22 22:34:47,"Could you please check performance on powerpoint is extremely slow already tried restarting, no success."
REC-000384,2025-09-12 03:01:47,Request for support regarding Chrome refuses to start after update this is blocking me from completing my tasks. Contact: li.chen
REC-000385,2025-07-12 23:09:47,Could you please check the laptop keeps restarting randomly this has been happening since yesterday.
REC-000386,2025-08-24 10:51:47,"User nina.b reported: Chrome refuses to start after update already tried restarting, no success."
REC-000387,2025-09-08 12:46:47,Emma.w submitted a ticket: excel refuses to start after update causing delays in project work.
REC-000388,2025-09-17 01:17:47,"maria.l submitted a ticket: unable to access Excel, request ID #TKT-25184 causing delays in project work."
REC-000389,2025-09-06 20:09:47,maria.l submitted a ticket: VPN connection drops every few minutes causing delays in project work.
REC-000390,2025-07-13 22:41:47,Could you please check the printer at branch office is not working again this has been happening since yesterday.
REC-000391,2025-09-06 15:49:47,Request for support regarding Teams refuses to start after update this is blocking me from completing my tasks. Contact: youssef.t
REC-000392,2025-09-15 09:29:47,"Request for support regarding word refuses to start after update already tried restarting, no success."
REC-000393,2025-06-26 09:06:47,"Facing an issue where unable to access OneDrive, request ID #TKT-62242 this has been happening since yesterday."
REC-000394,2025-09-10 00:55:47,Facing an issue where can't log in to zoom colleagues on branch office also affected. contact: ahmed.h
REC-000395,2025-08-29 21:42:47,Need urgent help with VPN connection drops every few minutes this has been happening since yesterday.
REC-000396,2025-07-08 10:21:47,"Facing an issue where unable to access Slack, request ID #TKT-35432 colleagues on training hall also affected."
REC-000397,2025-07-30 10:17:47,Could you please check my server at floor 2 showing network timeout need this fixed asap.
REC-000398,2025-07-07 13:11:47,fatima.z submitted a ticket: my desktop at training hall showing unknown host colleagues on training hall also affected.
REC-000399,2025-09-02 11:30:47,I'm having trouble with performance on OneDrive is extremely slow colleagues on floor 1 also affected.
REC-000400,2025-07-03 15:05:47,Need urgent help with my laptop at floor 2 showing network timeout colleagues on floor 2 also affected.
REC-000401,2025-08-17 02:22:47,nina.b submitted a ticket: OneDrive refuses to start after update this is blocking me from completing my tasks.
REC-000402,2025-09-09 10:25:47,"User ahmed.h reported: the workstation keeps restarting randomly already tried restarting, no success."
REC-000403,2025-07-09 08:50:47,Facing an issue where the printer at floor 2 is not working again please reset password.
REC-000404,2025-08-06 12:15:47,Request for support regarding the server keeps restarting randomly please upgrade RAM. Contact: youssef.t
REC-000405,2025-07-27 09:27:47,Problem encountered: the phone keeps restarting randomly this has been happening since yesterday.
REC-000406,2025-07-26 02:59:47,Need urgent help with can't log in to SAP causing delays in project work. Contact: sofia.g
REC-000407,2025-07-31 07:08:47,User youssef.t reported: jira refuses to start after update this is blocking me from completing my tasks.
REC-000408,2025-09-21 04:58:47,Request for support regarding performance on Zoom is extremely slow need this fixed ASAP. Contact: alex.b
REC-000409,2025-08-19 07:32:47,"Request for support regarding the workstation keeps restarting randomly already tried restarting, no success."
REC-000410,2025-07-25 14:49:47,Facing an issue where performance on Slack is extremely slow this has been happening since yesterday.
REC-000411,2025-08-02 21:22:47,Problem encountered: the printer at HQ is not working again colleagues on HQ also affected.
REC-000412,2025-08-29 11:00:47,Could you please check can't log in to OneDrive this is blocking me from completing my tasks.
REC-000413,2025-08-30 02:42:47,"Problem encountered: unable to access Chrome, request ID #TKT-18635 already tried restarting, no success."
REC-000414,2025-06-30 13:33:47,Facing an issue where VPN connection drops every few minutes colleagues on lab room also affected.
REC-000415,2025-09-09 10:42:47,I'm having trouble with the laptop keeps restarting randomly colleagues on branch office also affected.
REC-000416,2025-08-08 23:12:47,"User emma.w reported: performance on jira is extremely slow already tried restarting, no success."
REC-000417,2025-08-17 03:54:47,I'm having trouble with can't log in to OneDrive this has been happening since yesterday.
REC-000418,2025-07-10 18:40:47,"Problem encountered: can't log in to PowerPoint already tried restarting, no success."
REC-000419,2025-08-30 12:30:47,I'm having trouble with the printer at floor 1 is not working again colleagues on floor 1 also affected.
REC-000420,2025-07-02 17:37:47,Facing an issue where can't log in to SAP causing delays in project work.
REC-000421,2025-09-02 20:56:47,Problem encountered: VPN connection drops every few minutes please install Adobe Acrobat.
REC-000422,2025-08-07 06:11:47,Need urgent help with VPN connection drops every few minutes causing delays in project work.
REC-000423,2025-09-23 21:04:47,"Facing an issue where unable to access PowerPoint, request ID #TKT-63023 already tried restarting, no success. Contact: youssef.t"
REC-000424,2025-07-25 07:50:47,I'm having trouble with sap refuses to start after update this has been happening since yesterday.
REC-000425,2025-09-13 22:44:47,"Need urgent help with the phone keeps restarting randomly already tried restarting, no success. Contact: ahmed.h"
REC-000426,2025-08-03 11:23:47,User youssef.t reported: Zoom refuses to start after update this has been happening since yesterday.
REC-000427,2025-08-18 21:21:47,fatima.z submitted a ticket: the printer at floor 3 is not working again this is blocking me from completing my tasks.
REC-000428,2025-07-25 02:51:47,"Request for support regarding unable to access Slack, request ID #TKT-16465 this has been happening since yesterday."
REC-000429,2025-08-05 12:31:47,Need urgent help with the printer at floor 2 is not working again colleagues on floor 2 also affected.
REC-000430,2025-06-28 01:44:47,"Request for support regarding unable to access PowerPoint, request ID #TKT-69921 already tried restarting, no success."
REC-000431,2025-07-01 21:25:47,Need urgent help with the printer at lab room is not working again this is blocking me from completing my tasks.
REC-000432,2025-09-10 11:01:47,User olivia.m reported: vpn connection drops every few minutes please unlock account.
REC-000433,2025-08-04 20:17:47,Could you please check performance on Jira is extremely slow please unlock account.
REC-000434,2025-09-16 07:50:47,Problem encountered: the workstation keeps restarting randomly this is blocking me from completing my tasks. Contact: olivia.m
REC-000435,2025-08-26 19:07:47,Need urgent help with outlook refuses to start after update need this fixed asap.
REC-000436,2025-09-05 04:57:47,"User olivia.m reported: can't log in to word already tried restarting, no success."
REC-000437,2025-07-25 11:40:47,Could you please check can't log in to sap causing delays in project work.
REC-000438,2025-08-13 06:33:47,I'm having trouble with the laptop keeps restarting randomly please reset password. Contact: fatima.z
REC-000439,2025-09-13 02:21:47,User sofia.g reported: can't log in to Word need this fixed ASAP.
REC-000440,2025-07-07 17:48:47,Facing an issue where VPN connection drops every few minutes causing delays in project work.
REC-000441,2025-09-15 19:38:47,Need urgent help with performance on Teams is extremely slow this has been happening since yesterday.
REC-000442,2025-08-07 16:21:47,"Facing an issue where unable to access Teams, request ID #TKT-25228 colleagues on floor 2 also affected."
REC-000443,2025-09-06 00:05:47,Problem encountered: performance on Outlook is extremely slow this has been happening since yesterday.
REC-000444,2025-08-07 14:34:47,"User ahmed.h reported: unable to access Word, request ID #TKT-55461 this is blocking me from completing my tasks."
REC-000445,2025-09-13 00:18:47,Could you please check VPN connection drops every few minutes this is blocking me from completing my tasks.
REC-000446,2025-09-17 11:10:47,"Facing an issue where unable to access Teams, request ID #TKT-89816 this is blocking me from completing my tasks."
REC-000447,2025-08-24 18:45:47,Request for support regarding performance on PowerPoint is extremely slow causing delays in project work.
REC-000448,2025-09-12 04:33:47,"Problem encountered: unable to access Outlook, request ID #TKT-58031 this is blocking me from completing my tasks."
REC-000449,2025-09-16 10:38:47,Request for support regarding the printer at HQ is not working again colleagues on HQ also affected.
REC-000450,2025-07-09 11:49:47,"john.doe submitted a ticket: unable to access Slack, request ID #TKT-68993 causing delays in project work. Contact: sarah.k"
REC-000451,2025-08-02 18:25:47,Problem encountered: VPN connection drops every few minutes please fix wifi. Contact: youssef.t
REC-000452,2025-07-27 05:38:47,Could you please check the printer at remote is not working again colleagues on remote also affected.
REC-000453,2025-07-22 11:46:47,Request for support regarding the printer at datacenter is not working again colleagues on datacenter also affected.
REC-000454,2025-09-15 20:58:47,User sofia.g reported: the printer at remote is not working again this has been happening since yesterday.
REC-000455,2025-09-19 11:32:47,Problem encountered: performance on zoom is extremely slow this is blocking me from completing my tasks.
REC-000456,2025-08-31 15:52:47,I'm having trouble with the phone keeps restarting randomly need this fixed asap. contact: hannah.j
REC-000457,2025-08-16 07:17:47,Could you pls check VPN connection drops every few minutes this has been happening since yesterday.
REC-000458,2025-07-30 11:42:47,li.chen submitted a ticket: the phone keeps restarting randomly this is blocking me from completing my tasks.
REC-000459,2025-08-20 04:35:47,Facing an issue where VPN connection drops every few minutes colleagues on lab room also affected. Contact: emma.w
REC-000460,2025-09-05 12:52:47,Request for support regarding OneDrive refuses to start after update pls grant access to shared drive.
REC-000461,2025-08-12 13:53:47,Facing an issue where performance on Zoom is extremely slow this is blocking me from completing my tasks. Contact: li.chen
REC-000462,2025-09-01 12:38:47,Could you please check can't log in to slack colleagues on floor 3 also affected.
REC-000463,2025-08-15 10:12:47,Could you pls check VPN connection drops every few minutes colleagues on lab room also affected.
REC-000464,2025-09-20 21:43:47,Problem encountered: can't log in to PowerPoint pls install VPN client.
REC-000465,2025-09-18 20:49:47,I'm having trouble with VPN connection drops every few minutes need this fixed ASAP.
REC-000466,2025-08-24 17:28:47,Facing an issue where VPN connection drops every few minutes need this fixed ASAP.
REC-000467,2025-09-15 09:45:47,Problem encountered: the printer at datacenter is not working again causing delays in project work.
REC-000468,2025-07-19 16:19:47,User david.p reported: the tablet keeps restarting randomly please upgrade RAM.
REC-000469,2025-07-10 15:17:47,User george.t reported: my server at floor 2 showing disk full colleagues on floor 2 also affected. Contact: fatima.z
REC-000470,2025-08-02 05:26:47,Need urgent help with VPN connection drops every few minutes this is blocking me from completing my tasks.
REC-000471,2025-08-28 17:55:47,"I'm having trouble with unable to access Teams, request ID #TKT-42792 this is blocking me from completing my tasks."
REC-000472,2025-09-12 13:37:47,"I'm having trouble with unable to access Outlook, request ID #TKT-22393 this is blocking me from completing my tasks."
REC-000473,2025-07-06 13:42:47,I'm having trouble with performance on outlook is extremely slow need this fixed asap. contact: sarah.k
REC-000474,2025-07-28 11:37:47,"Problem encountered: unable to access outlook, request id #tkt-47483 please reset password."
REC-000475,2025-09-07 15:19:47,Request for support regarding my phone at lab room showing error code 720 need this fixed ASAP. Contact: hannah.j
REC-000476,2025-09-09 20:26:47,"Emma.w submitted a ticket: the workstation keeps restarting randomly already tried restarting, no success. contact: george.t"
REC-000477,2025-08-17 23:26:47,ahmed.h submitted a ticket: can't log in to SAP this has been happening since yesterday.
REC-000478,2025-07-13 15:05:47,Request for support regarding the printer at remote is not working again this is blocking me from completing my tasks. contact: olivia.m
REC-000479,2025-09-16 06:33:47,Problem encountered: the desktop keeps restarting randomly this has been happening since yesterday. Contact: youssef.t
REC-000480,2025-09-02 11:57:47,fatima.z submitted a ticket: my tablet at datacenter showing error code 720 this has been happening since yesterday.
REC-000481,2025-07-17 05:23:47,I'm having trouble with the printer at lab room is not working again please install Adobe Acrobat.
REC-000482,2025-09-21 02:28:47,Could you pls check Chrome refuses to start after update causing delays in project work.
REC-000483,2025-07-13 01:40:47,Could you please check the tablet keeps restarting randomly this has been happening since yesterday.
REC-000484,2025-08-11 15:20:47,"Could you please check unable to access Jira, request ID #TKT-42137 need this fixed ASAP."
REC-000485,2025-08-07 12:27:47,User youssef.t reported: the printer at training hall is not working again please upgrade RAM. Contact: mohamed.s
REC-000486,2025-09-11 16:04:47,Request for support regarding the laptop keeps restarting randomly this is blocking me from completing my tasks. contact: maria.l
REC-000487,2025-09-15 09:58:47,"david.p submitted a ticket: the tablet keeps restarting randomly already tried restarting, no success."
REC-000488,2025-09-02 21:17:47,"Request for support regarding my phone at floor 2 showing network timeout already tried restarting, no success. Contact: john.doe"
REC-000489,2025-07-28 21:19:47,Could you please check performance on Outlook is extremely slow colleagues on training hall also affected. Contact: emma.w
REC-000490,2025-09-09 18:25:47,nina.b submitted a ticket: the tablet keeps restarting randomly please install VPN client. Contact: george.t
REC-000491,2025-09-11 05:44:47,I'm having trouble with my server at remote showing printer jam this has been happening since yesterday. Contact: john.doe
REC-000492,2025-08-10 15:03:47,Request for support regarding Chrome refuses to start after update this is blocking me from completing my tasks.
REC-000493,2025-09-11 10:02:47,Could you please check performance on OneDrive is extremely slow please install Adobe Acrobat.
REC-000494,2025-09-14 20:55:47,khaled.a submitted a ticket: performance on Teams is extremely slow causing delays in project work.
REC-000495,2025-07-14 01:53:47,Problem encountered: my laptop at floor 1 showing error code 720 this is blocking me from completing my tasks.
REC-000496,2025-08-01 10:58:47,"Problem encountered: can't log in to Slack already tried restarting, no success. Contact: olivia.m"
REC-000497,2025-06-30 18:07:47,Could you please check vpn connection drops every few minutes causing delays in project work.
REC-000498,2025-07-31 14:48:47,I'm having trouble with Chrome refuses to start after update causing delays in project work. Contact: george.t
REC-000499,2025-07-30 11:51:47,Need urgent help with Outlook refuses to start after update causing delays in project work.
REC-000500,2025-07-09 11:09:47,Request for support regarding Chrome refuses to start after update need this fixed ASAP. Contact: olivia.m
REC-000501,2025-06-29 05:13:47,User david.p reported: can't log in to Outlook causing delays in project work. Contact: george.t
REC-000502,2025-09-05 08:17:47,Could you please check SAP refuses to start after update causing delays in project work.
REC-000503,2025-08-04 16:31:47,emma.w submitted a ticket: performance on Jira is extremely slow this is blocking me from completing my tasks.
REC-000504,2025-08-15 03:53:47,"Could you please check unable to access onedrive, request id #tkt-90671 causing delays in project work."
REC-000505,2025-09-02 19:42:47,I'm having trouble with the desktop keeps restarting randomly need this fixed ASAP. Contact: emma.w
REC-000506,2025-09-07 03:10:47,I'm having trouble with can't log in to Zoom colleagues on floor 1 also affected. Contact: emma.w
REC-000507,2025-07-31 15:20:47,"Need urgent help with VPN connection drops every few minutes already tried restarting, no success."
REC-000508,2025-07-11 03:26:47,I'm having trouble with Chrome refuses to start after update need this fixed ASAP. Contact: george.t
REC-000509,2025-09-20 04:53:47,Request for support regarding can't log in to PowerPoint this is blocking me from completing my tasks.
REC-000510,2025-07-20 22:57:47,Facing an issue where my server at HQ showing network timeout colleagues on HQ also affected. Contact: hannah.j
REC-000511,2025-09-03 04:07:47,Could you please check VPN connection drops every few minutes need this fixed ASAP. Contact: john.doe
REC-000512,2025-07-02 17:29:47,Could you please check my tablet at floor 1 showing disk full please install vpn client. contact: david.p
REC-000513,2025-08-29 13:05:47,Request for support regarding the printer at floor 3 is not working again causing delays in project work.
REC-000514,2025-09-10 12:49:47,Need urgent help with the phone keeps restarting randomly need this fixed ASAP.
REC-000515,2025-08-29 15:47:47,User sofia.g reported: can't log in to OneDrive please grant access to shared drive. Contact: youssef.t
REC-000516,2025-08-08 23:31:47,I'm having trouble with can't log in to Slack please reset password.
REC-000517,2025-07-14 01:14:47,Could you pls check the printer at remote is not working again this is blocking me from completing my tasks.
REC-000518,2025-09-03 23:56:47,Need urgent help with the tablet keeps restarting randomly please replace keyboard. Contact: alex.b
REC-000519,2025-08-25 11:34:47,paul.r submitted a ticket: can't log in to Teams this is blocking me from completing my tasks.
REC-000520,2025-09-19 18:01:47,john.doe submitted a ticket: OneDrive refuses to start after update this is blocking me from completing my tasks.
REC-000521,2025-07-18 15:20:47,I'm having trouble with VPN connection drops every few minutes causing delays in project work. Contact: john.doe
REC-000522,2025-09-07 18:41:47,Problem encountered: VPN connection drops every few minutes this has been happening since yesterday.
REC-000523,2025-09-09 10:11:47,Facing an issue where can't log in to Slack causing delays in project work.
REC-000524,2025-08-30 07:48:47,User olivia.m reported: my tablet at HQ showing printer jam need this fixed ASAP.
REC-000525,2025-09-19 11:47:47,"Need urgent help with the printer at remote is not working again already tried restarting, no success."
REC-000526,2025-06-27 18:40:47,Problem encountered: my laptop at floor 1 showing not responding this is blocking me from completing my tasks.
REC-000527,2025-08-30 09:47:47,I'm having trouble with SharePoint refuses to start after update this is blocking me from completing my tasks.
REC-000528,2025-08-04 06:52:47,User sarah.k reported: performance on Slack is extremely slow this is blocking me from completing my tasks.
REC-000529,2025-08-09 11:14:47,maria.l submitted a ticket: the phone keeps restarting randomly this has been happening since yesterday.
REC-000530,2025-09-01 02:22:47,User george.t reported: can't log in to zoom colleagues on branch office also affected.
REC-000531,2025-09-21 16:08:47,fatima.z submitted a ticket: VPN connection drops every few minutes this has been happening since yesterday. Contact: maria.l
REC-000532,2025-07-26 18:01:47,User youssef.t reported: performance on Excel is extremely slow need this fixed ASAP.
REC-000533,2025-07-07 06:29:47,Could you please check Word refuses to start after update this has been happening since yesterday.
REC-000534,2025-08-13 10:46:47,Need urgent help with the workstation keeps restarting randomly causing delays in project work.
REC-000535,2025-06-27 20:25:47,"Problem encountered: unable to access Zoom, request ID #TKT-29157 please grant access to shared drive."
REC-000536,2025-07-28 21:18:47,Need urgent help with my phone at floor 1 showing access denied colleagues on floor 1 also affected. Contact: khaled.a
REC-000537,2025-09-23 11:36:47,Could you please check performance on Zoom is extremely slow need this fixed ASAP.
REC-000538,2025-09-04 21:54:47,"Problem encountered: unable to access Chrome, request ID #TKT-97912 this is blocking me from completing my tasks."
REC-000539,2025-09-16 05:37:47,Need urgent help with performance on SharePoint is extremely slow need this fixed ASAP.
REC-000540,2025-07-07 00:03:47,Facing an issue where can't log in to SharePoint please setup new email account.
REC-000541,2025-07-23 20:36:47,I'm having trouble with the printer at training hall is not working again this has been happening since yesterday.
REC-000542,2025-08-14 15:34:47,I'm having trouble with the printer at remote is not working again please setup new email account.
REC-000543,2025-09-15 16:15:47,Need urgent help with my phone at floor 3 showing error code 720 causing delays in project work.
REC-000544,2025-09-21 19:26:47,Need urgent help with the printer at floor 1 is not working again colleagues on floor 1 also affected.
REC-000545,2025-07-06 19:47:47,Need urgent help with vpn connection drops every few minutes this has been happening since yesterday.
REC-000546,2025-08-19 22:23:47,Problem encountered: my phone at training hall showing unknown host need this fixed ASAP.
REC-000547,2025-09-22 08:38:47,"I'm having trouble with the workstation keeps restarting randomly already tried restarting, no success."
REC-000548,2025-08-01 14:19:47,"Request for support regarding unable to access Excel, request ID #TKT-77399 colleagues on lab room also affected. Contact: olivia.m"
REC-000549,2025-09-17 15:31:47,Could you please check performance on Outlook is extremely slow colleagues on lab room also affected. Contact: hannah.j
REC-000550,2025-08-11 12:30:47,khaled.a submitted a ticket: VPN connection drops every few minutes pls install VPN client. Contact: youssef.t
REC-000551,2025-08-28 23:50:47,David.p submitted a ticket: vpn connection drops every few minutes causing delays in project work.
REC-000552,2025-07-10 02:03:47,Problem encountered: the printer at floor 3 is not working again please grant access to shared drive.
REC-000553,2025-09-22 19:40:47,Could you please check my tablet at lab room showing not responding colleagues on lab room also affected. Contact: emma.w
REC-000554,2025-06-26 02:28:47,Problem encountered: OneDrive refuses to start after update this has been happening since yesterday.
REC-000555,2025-06-26 16:08:47,Problem encountered: performance on Zoom is extremely slow this is blocking me from completing my tasks. Contact: george.t
REC-000556,2025-07-19 03:16:47,"george.t submitted a ticket: performance on Teams is extremely slow already tried restarting, no success."
REC-000557,2025-07-12 02:48:47,Need urgent help with the printer at floor 2 is not working again need this fixed ASAP.
REC-000558,2025-07-08 00:44:47,Need urgent help with performance on Excel is extremely slow colleagues on HQ also affected. Contact: mohamed.s
REC-000559,2025-07-01 09:46:47,Request for support regarding the printer at HQ is not working again please unlock account.
REC-000560,2025-08-25 22:12:47,"I'm having trouble with unable to access chrome, request id #tkt-55694 this is blocking me from completing my tasks."
REC-000561,2025-08-16 02:53:47,I'm having trouble with the printer at lab room is not working again causing delays in project work.
REC-000562,2025-08-15 12:46:47,Request for support regarding the phone keeps restarting randomly this has been happening since yesterday.
REC-000563,2025-07-03 00:27:47,Facing an issue where can't log in to Excel this is blocking me from completing my tasks. Contact: hannah.j
REC-000564,2025-07-17 20:24:47,Could you please check performance on PowerPoint is extremely slow please install VPN client.
REC-000565,2025-09-19 23:15:47,"youssef.t submitted a ticket: performance on Slack is extremely slow already tried restarting, no success. Contact: sofia.g"
REC-000566,2025-09-07 23:03:47,I'm having trouble with my server at training hall showing error code 720 this is blocking me from completing my tasks.
REC-000567,2025-07-10 10:19:47,Request for support regarding performance on Slack is extremely slow colleagues on remote also affected.
REC-000568,2025-07-05 22:15:47,"Could you pls check can't log in to powerpoint already tried restarting, no success. contact: ahmed.h"
REC-000569,2025-07-07 00:10:47,User ahmed.h reported: VPN connection drops every few minutes need this fixed ASAP.
REC-000570,2025-09-03 23:39:47,Request for support regarding the phone keeps restarting randomly colleagues on floor 1 also affected.
REC-000571,2025-06-30 14:09:47,Problem encountered: can't log in to SAP this is blocking me from completing my tasks. Contact: sarah.k
REC-000572,2025-08-16 01:34:47,Paul.r submitted a ticket: can't log in to word this has been happening since yesterday.
REC-000573,2025-07-11 01:35:47,Request for support regarding the workstation keeps restarting randomly colleagues on HQ also affected.
REC-000574,2025-07-30 09:12:47,Need urgent help with Chrome refuses to start after update need this fixed ASAP.
REC-000575,2025-07-09 18:52:47,"Problem encountered: unable to access Teams, request ID #TKT-74694 causing delays in project work. Contact: mohamed.s"
REC-000576,2025-09-01 08:20:47,"Need urgent help with the workstation keeps restarting randomly already tried restarting, no success."
REC-000577,2025-08-10 15:21:47,"Facing an issue where unable to access sharepoint, request id #tkt-83738 need this fixed asap."
REC-000578,2025-08-12 06:41:47,Facing an issue where VPN connection drops every few minutes causing delays in project work.
REC-000579,2025-07-26 05:10:47,Could you please check the printer at floor 2 is not working again causing delays in project work. Contact: alex.b
REC-000580,2025-09-03 06:56:47,User li.chen reported: the printer at remote is not working again pls reset password.
REC-000581,2025-09-15 21:36:47,I'm having trouble with my desktop at training hall showing error code 720 causing delays in project work.
REC-000582,2025-07-05 07:11:47,youssef.t submitted a ticket: Teams refuses to start after update need this fixed ASAP.
REC-000583,2025-07-18 06:20:47,Problem encountered: OneDrive refuses to start after update need this fixed ASAP.
REC-000584,2025-07-10 00:27:47,Problem encountered: my workstation at datacenter showing network timeout need this fixed ASAP.
REC-000585,2025-07-03 23:35:47,Need urgent help with my server at remote showing not responding please setup new email account. Contact: mohamed.s
REC-000586,2025-09-14 14:43:47,Problem encountered: my phone at floor 2 showing printer jam please replace keyboard.
REC-000587,2025-07-25 08:45:47,"paul.r submitted a ticket: unable to access Jira, request ID #TKT-26322 need this fixed ASAP."
REC-000588,2025-09-01 13:54:47,"Need urgent help with unable to access powerpoint, request id #tkt-24659 need this fixed asap."
REC-000589,2025-09-08 13:50:47,"Facing an issue where VPN connection drops every few minutes already tried restarting, no success. Contact: mohamed.s"
REC-000590,2025-08-25 01:57:47,"I'm having trouble with unable to access Jira, request ID #TKT-88096 colleagues on datacenter also affected. Contact: fatima.z"
REC-000591,2025-07-24 02:50:47,Facing an issue where my workstation at branch office showing error code 720 this has been happening since yesterday.
REC-000592,2025-09-19 14:36:47,Request for support regarding the printer at floor 1 is not working again need this fixed ASAP. Contact: olivia.m
REC-000593,2025-07-16 03:18:47,Need urgent help with performance on SAP is extremely slow please grant access to shared drive.
REC-000594,2025-08-07 08:14:47,Need urgent help with the printer at floor 1 is not working again this has been happening since yesterday.
REC-000595,2025-08-09 02:36:47,"youssef.t submitted a ticket: the printer at floor 2 is not working again already tried restarting, no success. Contact: ahmed.h"
REC-000596,2025-07-16 23:37:47,Need urgent help with performance on Zoom is extremely slow need this fixed ASAP. Contact: paul.r
REC-000597,2025-08-17 20:01:47,Facing an issue where Zoom refuses to start after update colleagues on floor 3 also affected.
REC-000598,2025-09-13 18:07:47,George.t submitted a ticket: the server keeps restarting randomly this has been happening since yesterday. contact: li.chen
REC-000599,2025-09-19 12:13:47,"I'm having trouble with unable to access teams, request id #tkt-92032 causing delays in project work."
REC-000600,2025-07-20 10:23:47,"emma.w submitted a ticket: performance on PowerPoint is extremely slow already tried restarting, no success."
REC-000601,2025-06-25 09:32:47,Could you please check the printer at floor 3 is not working again this is blocking me from completing my tasks.
REC-000602,2025-09-18 09:48:47,User george.t reported: VPN connection drops every few minutes need this fixed ASAP.
REC-000603,2025-07-28 02:58:47,"Request for support regarding unable to access Word, request ID #TKT-85372 please upgrade RAM."
REC-000604,2025-07-15 21:52:47,Facing an issue where the server keeps restarting randomly this has been happening since yesterday.
REC-000605,2025-09-04 17:56:47,"Need urgent help with unable to access Chrome, request ID #TKT-73433 causing delays in project work."
REC-000606,2025-09-10 16:31:47,Need urgent help with can't log in to Zoom need this fixed ASAP.
REC-000607,2025-07-04 19:26:47,I'm having trouble with Excel refuses to start after update colleagues on lab room also affected.
REC-000608,2025-09-19 14:00:47,Problem encountered: the desktop keeps restarting randomly need this fixed ASAP. Contact: david.p
REC-000609,2025-08-08 07:35:47,sarah.k submitted a ticket: the server keeps restarting randomly this has been happening since yesterday. Contact: mohamed.s
REC-000610,2025-06-26 19:48:47,Facing an issue where the desktop keeps restarting randomly causing delays in project work.
REC-000611,2025-07-18 06:15:47,User john.doe reported: can't log in to Excel this is blocking me from completing my tasks.
REC-000612,2025-07-22 19:20:47,User ahmed.h reported: my phone at HQ showing access denied colleagues on HQ also affected.
REC-000613,2025-07-16 03:50:47,User nina.b reported: can't log in to Zoom this is blocking me from completing my tasks.
REC-000614,2025-09-11 17:21:47,Problem encountered: Outlook refuses to start after update need this fixed ASAP.
REC-000615,2025-07-30 03:27:47,Request for support regarding the laptop keeps restarting randomly need this fixed ASAP.
REC-000616,2025-08-21 07:25:47,"Problem encountered: PowerPoint refuses to start after update already tried restarting, no success."
REC-000617,2025-08-11 20:09:47,"Could you pls check unable to access OneDrive, request ID #TKT-90529 causing delays in project work."
REC-000618,2025-08-27 21:05:47,Emma.w submitted a ticket: can't log in to slack colleagues on remote also affected.
REC-000619,2025-09-23 15:55:47,Problem encountered: vpn connection drops every few minutes please grant access to shared drive. contact: maria.l
REC-000620,2025-08-03 05:42:47,"I'm having trouble with unable to access OneDrive, request ID #TKT-26065 colleagues on floor 1 also affected."
REC-000621,2025-09-16 03:42:47,I'm having trouble with the printer at training hall is not working again causing delays in project work.
REC-000622,2025-08-26 21:34:47,User hannah.j reported: performance on sharepoint is extremely slow this has been happening since yesterday.
REC-000623,2025-07-25 12:51:47,"User fatima.z reported: the workstation keeps restarting randomly already tried restarting, no success. Contact: sofia.g"
REC-000624,2025-08-19 19:47:47,"User alex.b reported: unable to access SharePoint, request ID #TKT-37890 already tried restarting, no success."
REC-000625,2025-08-14 19:48:47,User emma.w reported: can't log in to Excel this has been happening since yesterday.
REC-000626,2025-09-18 21:37:47,Problem encountered: the workstation keeps restarting randomly this is blocking me from completing my tasks. Contact: nina.b
REC-000627,2025-08-03 10:51:47,"I'm having trouble with can't log in to sharepoint already tried restarting, no success."
REC-000628,2025-08-28 08:06:47,Need urgent help with VPN connection drops every few minutes this is blocking me from completing my tasks.
REC-000629,2025-07-03 05:41:47,Could you pls check the tablet keeps restarting randomly colleagues on training hall also affected.
REC-000630,2025-06-25 14:53:47,Problem encountered: VPN connection drops every few minutes please upgrade RAM.
REC-000631,2025-09-15 08:19:47,Problem encountered: OneDrive refuses to start after update need this fixed ASAP.
REC-000632,2025-07-03 02:27:47,"Need urgent help with the printer at training hall is not working again already tried restarting, no success."
REC-000633,2025-08-13 20:19:47,"david.p submitted a ticket: unable to access OneDrive, request ID #TKT-24344 already tried restarting, no success."
REC-000634,2025-09-20 16:12:47,Facing an issue where PowerPoint refuses to start after update this has been happening since yesterday.
REC-000635,2025-08-08 15:56:47,Facing an issue where my tablet at training hall showing disk full please upgrade RAM.
REC-000636,2025-08-16 18:33:47,"Facing an issue where unable to access Excel, request ID #TKT-14224 this has been happening since yesterday."
REC-000637,2025-08-25 19:59:47,Request for support regarding SAP refuses to start after update pls install Adobe Acrobat.
REC-000638,2025-09-11 07:48:47,david.p submitted a ticket: the tablet keeps restarting randomly this has been happening since yesterday.
REC-000639,2025-08-29 01:06:47,"User george.t reported: unable to access Chrome, request ID #TKT-18891 colleagues on datacenter also affected."
REC-000640,2025-07-18 08:15:47,Request for support regarding the tablet keeps restarting randomly need this fixed ASAP.
REC-000641,2025-07-27 00:56:47,Facing an issue where my tablet at training hall showing error code 720 need this fixed ASAP.
REC-000642,2025-08-08 10:47:47,Request for support regarding the printer at floor 3 is not working again need this fixed asap.
REC-000643,2025-08-02 09:34:47,Request for support regarding the printer at branch office is not working again this has been happening since yesterday.
REC-000644,2025-06-27 09:26:47,Problem encountered: my tablet at datacenter showing error code 720 this is blocking me from completing my tasks.
REC-000645,2025-08-18 00:35:47,Need urgent help with can't log in to Chrome need this fixed ASAP.
REC-000646,2025-07-16 01:46:47,khaled.a submitted a ticket: performance on Outlook is extremely slow colleagues on branch office also affected. Contact: olivia.m
REC-000647,2025-08-17 19:59:47,Facing an issue where performance on Excel is extremely slow colleagues on floor 1 also affected.
REC-000648,2025-08-21 03:29:47,"Facing an issue where unable to access Jira, request ID #TKT-87823 please grant access to shared drive. Contact: david.p"
REC-000649,2025-09-02 17:25:47,Need urgent help with Word refuses to start after update colleagues on branch office also affected.
REC-000650,2025-08-17 21:47:47,"Request for support regarding unable to access Slack, request ID #TKT-35602 causing delays in project work."
REC-000651,2025-08-05 19:42:47,Request for support regarding can't log in to Teams need this fixed ASAP.
REC-000652,2025-09-18 17:20:47,User david.p reported: performance on SharePoint is extremely slow colleagues on training hall also affected. Contact: li.chen
REC-000653,2025-08-10 01:51:47,david.p submitted a ticket: my phone at branch office showing network timeout need this fixed ASAP. Contact: nina.b
REC-000654,2025-09-21 12:55:47,"I'm having trouble with unable to access OneDrive, request ID #TKT-17428 already tried restarting, no success."
REC-000655,2025-08-11 02:22:47,Problem encountered: my tablet at datacenter showing network timeout this is blocking me from completing my tasks.
REC-000656,2025-07-19 19:27:47,Could you please check the laptop keeps restarting randomly please replace keyboard.
REC-000657,2025-08-28 01:01:47,Problem encountered: Chrome refuses to start after update causing delays in project work. Contact: sofia.g
REC-000658,2025-09-07 22:14:47,User olivia.m reported: the phone keeps restarting randomly this is blocking me from completing my tasks.
REC-000659,2025-07-30 06:02:47,Facing an issue where performance on SharePoint is extremely slow please reset password.
REC-000660,2025-08-16 11:54:47,"Need urgent help with PowerPoint refuses to start after update already tried restarting, no success. Contact: hannah.j"
REC-000661,2025-08-17 02:47:47,"sofia.g submitted a ticket: Excel refuses to start after update already tried restarting, no success."
REC-000662,2025-09-08 14:11:47,ahmed.h submitted a ticket: the printer at remote is not working again causing delays in project work.
REC-000663,2025-08-22 10:39:47,"Could you please check unable to access Excel, request ID #TKT-44625 need this fixed ASAP."
REC-000664,2025-06-30 23:52:47,Request for support regarding VPN connection drops every few minutes causing delays in project work. Contact: olivia.m
REC-000665,2025-07-28 01:52:47,Facing an issue where SAP refuses to start after update this is blocking me from completing my tasks. Contact: fatima.z
REC-000666,2025-08-13 19:50:47,Request for support regarding VPN connection drops every few minutes please upgrade RAM.
REC-000667,2025-08-26 08:04:47,Request for support regarding performance on sap is extremely slow this is blocking me from completing my tasks. contact: mohamed.s
REC-000668,2025-07-08 07:18:47,Need urgent help with my desktop at lab room showing not responding need this fixed ASAP.
REC-000669,2025-09-06 01:47:47,Facing an issue where the printer at floor 1 is not working again this is blocking me from completing my tasks.
REC-000670,2025-07-09 11:21:47,Need urgent help with performance on Chrome is extremely slow this is blocking me from completing my tasks.
REC-000671,2025-07-21 19:57:47,"Request for support regarding unable to access SharePoint, request ID #TKT-14597 this has been happening since yesterday."
REC-000672,2025-08-21 18:23:47,Need urgent help with can't log in to OneDrive this is blocking me from completing my tasks.
REC-000673,2025-08-11 11:51:47,I'm having trouble with Outlook refuses to start after update this is blocking me from completing my tasks. Contact: sarah.k
REC-000674,2025-07-22 01:38:47,"mohamed.s submitted a ticket: unable to access Chrome, request ID #TKT-59498 causing delays in project work."
REC-000675,2025-08-09 11:15:47,Facing an issue where the laptop keeps restarting randomly causing delays in project work. Contact: youssef.t
REC-000676,2025-08-06 12:56:47,Could you please check the printer at HQ is not working again this is blocking me from completing my tasks.
REC-000677,2025-06-29 20:03:47,"I'm having trouble with unable to access SAP, request ID #TKT-42913 need this fixed ASAP."
REC-000678,2025-08-03 10:22:47,Facing an issue where the printer at datacenter is not working again this is blocking me from completing my tasks.
REC-000679,2025-08-02 01:13:47,"john.doe submitted a ticket: unable to access SharePoint, request ID #TKT-23033 colleagues on lab room also affected."
REC-000680,2025-08-24 16:10:47,Could you please check teams refuses to start after update this is blocking me from completing my tasks.
REC-000681,2025-06-30 06:18:47,Need urgent help with VPN connection drops every few minutes colleagues on lab room also affected.
REC-000682,2025-08-08 04:55:47,Facing an issue where can't log in to Outlook colleagues on branch office also affected.
REC-000683,2025-09-17 13:27:47,Problem encountered: can't log in to PowerPoint causing delays in project work. Contact: paul.r
REC-000684,2025-08-04 05:33:47,Problem encountered: can't log in to PowerPoint causing delays in project work. Contact: mohamed.s
REC-000685,2025-08-20 10:25:47,emma.w submitted a ticket: the server keeps restarting randomly colleagues on datacenter also affected.
REC-000686,2025-09-14 15:40:47,Request for support regarding the server keeps restarting randomly this has been happening since yesterday.
REC-000687,2025-08-11 15:44:47,Need urgent help with SharePoint refuses to start after update colleagues on floor 2 also affected.
REC-000688,2025-08-07 12:02:47,"Could you pls check can't log in to zoom already tried restarting, no success."
REC-000689,2025-08-24 09:34:47,"Facing an issue where PowerPoint refuses to start after update already tried restarting, no success."
REC-000690,2025-08-08 02:51:47,Facing an issue where Outlook refuses to start after update this is blocking me from completing my tasks.
REC-000691,2025-08-29 09:09:47,Request for support regarding Slack refuses to start after update colleagues on branch office also affected.
REC-000692,2025-09-06 04:13:47,Problem encountered: performance on Word is extremely slow please grant access to shared drive.
REC-000693,2025-07-07 13:45:47,john.doe submitted a ticket: performance on Jira is extremely slow need this fixed ASAP.
REC-000694,2025-08-18 15:20:47,Facing an issue where Outlook refuses to start after update need this fixed ASAP.
REC-000695,2025-07-11 05:07:47,Need urgent help with VPN connection drops every few minutes causing delays in project work.
REC-000696,2025-07-20 04:11:47,Could you please check the printer at floor 2 is not working again this is blocking me from completing my tasks.
REC-000697,2025-07-14 00:15:47,Could you pls check my laptop at floor 1 showing printer jam this is blocking me from completing my tasks.
REC-000698,2025-07-13 12:44:47,"david.p submitted a ticket: my desktop at floor 1 showing unknown host already tried restarting, no success."
REC-000699,2025-07-14 16:33:47,Could you pls check the printer at HQ is not working again colleagues on HQ also affected.
REC-000700,2025-09-21 00:58:47,Need urgent help with VPN connection drops every few minutes this is blocking me from completing my tasks.
REC-000701,2025-08-09 11:18:47,Could you please check can't log in to Slack please install Adobe Acrobat. Contact: nina.b
REC-000702,2025-08-22 20:06:47,"I'm having trouble with unable to access SAP, request ID #TKT-90250 this is blocking me from completing my tasks."
REC-000703,2025-09-16 13:50:47,Request for support regarding my phone at HQ showing error code 720 please unlock account. Contact: maria.l
REC-000704,2025-09-01 18:05:47,Request for support regarding the printer at lab room is not working again need this fixed asap.
REC-000705,2025-09-21 09:37:47,Could you pls check Word refuses to start after update this has been happening since yesterday.
REC-000706,2025-08-18 20:26:47,"Could you please check my server at branch office showing unknown host already tried restarting, no success."
REC-000707,2025-07-19 23:10:47,Could you please check the server keeps restarting randomly colleagues on remote also affected.
REC-000708,2025-09-04 09:01:47,Need urgent help with performance on Jira is extremely slow colleagues on training hall also affected.
REC-000709,2025-08-22 23:15:47,David.p submitted a ticket: the desktop keeps restarting randomly pls setup new email account.
REC-000710,2025-07-24 05:36:47,paul.r submitted a ticket: my server at training hall showing unknown host colleagues on training hall also affected.
REC-000711,2025-08-21 18:46:47,"User sofia.g reported: unable to access Word, request ID #TKT-88174 causing delays in project work."
REC-000712,2025-09-10 07:14:47,User george.t reported: VPN connection drops every few minutes colleagues on HQ also affected.
REC-000713,2025-09-12 09:33:47,User olivia.m reported: vpn connection drops every few minutes pls install vpn client.
REC-000714,2025-06-27 16:26:47,"paul.r submitted a ticket: unable to access OneDrive, request ID #TKT-64963 please upgrade RAM."
REC-000715,2025-07-27 18:24:47,Need urgent help with the printer at floor 2 is not working again this is blocking me from completing my tasks. Contact: emma.w
REC-000716,2025-07-16 00:30:47,Facing an issue where can't log in to Jira this has been happening since yesterday.
REC-000717,2025-09-17 11:45:47,Need urgent help with teams refuses to start after update need this fixed asap. contact: youssef.t
REC-000718,2025-06-25 06:47:47,Problem encountered: Word refuses to start after update this has been happening since yesterday. Contact: li.chen
REC-000719,2025-08-31 23:16:47,Facing an issue where performance on SharePoint is extremely slow please replace keyboard. Contact: hannah.j
REC-000720,2025-09-14 11:43:47,Request for support regarding VPN connection drops every few minutes need this fixed ASAP.
REC-000721,2025-07-30 05:00:47,Need urgent help with Jira refuses to start after update please grant access to shared drive.
REC-000722,2025-08-29 12:31:47,Could you please check VPN connection drops every few minutes this is blocking me from completing my tasks. Contact: john.doe
REC-000723,2025-09-16 12:12:47,"Facing an issue where SharePoint refuses to start after update already tried restarting, no success."
REC-000724,2025-07-11 04:41:47,User youssef.t reported: performance on SAP is extremely slow please reset password.
REC-000725,2025-07-19 18:14:47,I'm having trouble with Outlook refuses to start after update pls reset password.
REC-000726,2025-09-04 17:46:47,User maria.l reported: the printer at HQ is not working again causing delays in project work.
REC-000727,2025-08-17 01:36:47,Need urgent help with performance on Outlook is extremely slow causing delays in project work.
REC-000728,2025-09-20 21:49:47,Need urgent help with Slack refuses to start after update please upgrade RAM. Contact: alex.b
REC-000729,2025-07-13 21:48:47,"Need urgent help with unable to access SAP, request ID #TKT-41689 need this fixed ASAP. Contact: paul.r"
REC-000730,2025-07-11 00:39:47,Request for support regarding VPN connection drops every few minutes this has been happening since yesterday. Contact: youssef.t
REC-000731,2025-08-02 22:21:47,Need urgent help with VPN connection drops every few minutes colleagues on floor 2 also affected.
REC-000732,2025-07-16 22:46:47,"sarah.k submitted a ticket: unable to access SAP, request ID #TKT-78471 this is blocking me from completing my tasks."
REC-000733,2025-07-20 13:34:47,"Need urgent help with can't log in to PowerPoint already tried restarting, no success."
REC-000734,2025-08-07 09:22:47,User nina.b reported: slack refuses to start after update please upgrade ram.
REC-000735,2025-08-26 15:54:47,"Facing an issue where can't log in to SharePoint already tried restarting, no success."
REC-000736,2025-09-21 09:52:47,Facing an issue where OneDrive refuses to start after update this is blocking me from completing my tasks.
REC-000737,2025-08-27 05:24:47,I'm having trouble with the desktop keeps restarting randomly colleagues on remote also affected.
REC-000738,2025-09-02 19:58:47,Could you please check can't log in to Jira please install Adobe Acrobat.
REC-000739,2025-09-14 17:47:47,User khaled.a reported: my tablet at datacenter showing disk full need this fixed ASAP.
REC-000740,2025-08-13 22:59:47,Problem encountered: OneDrive refuses to start after update pls reset password. Contact: john.doe
REC-000741,2025-07-06 10:29:47,Request for support regarding the desktop keeps restarting randomly need this fixed ASAP.
REC-000742,2025-08-31 22:13:47,"Facing an issue where the server keeps restarting randomly already tried restarting, no success."
REC-000743,2025-08-10 23:32:47,Problem encountered: VPN connection drops every few minutes need this fixed ASAP.
REC-000744,2025-07-05 19:17:47,"I'm having trouble with unable to access Chrome, request ID #TKT-65477 this is blocking me from completing my tasks."
REC-000745,2025-08-18 00:14:47,Need urgent help with the printer at floor 1 is not working again please install VPN client.
REC-000746,2025-08-24 04:53:47,Need urgent help with the printer at floor 3 is not working again this is blocking me from completing my tasks. Contact: emma.w
REC-000747,2025-08-03 03:00:47,"I'm having trouble with can't log in to PowerPoint already tried restarting, no success."
REC-000748,2025-08-01 20:10:47,I'm having trouble with my workstation at HQ showing not responding this has been happening since yesterday.
REC-000749,2025-06-27 12:57:47,Request for support regarding the printer at floor 1 is not working again colleagues on floor 1 also affected.
REC-000750,2025-08-22 21:38:47,"Facing an issue where performance on Teams is extremely slow already tried restarting, no success."
REC-000751,2025-07-05 13:05:47,Need urgent help with can't log in to Word this has been happening since yesterday.
REC-000752,2025-07-29 00:49:47,"Request for support regarding the printer at lab room is not working again already tried restarting, no success."
REC-000753,2025-07-11 18:41:47,User khaled.a reported: my phone at training hall showing blue screen colleagues on training hall also affected.
REC-000754,2025-07-10 17:42:47,Problem encountered: the printer at training hall is not working again need this fixed ASAP.
REC-000755,2025-07-31 02:35:47,Problem encountered: performance on Teams is extremely slow this has been happening since yesterday.
REC-000756,2025-08-18 10:20:47,User emma.w reported: can't log in to SAP please fix wifi.
REC-000757,2025-09-12 13:55:47,Request for support regarding can't log in to word this is blocking me from completing my tasks.
REC-000758,2025-09-22 11:11:47,Problem encountered: performance on word is extremely slow this has been happening since yesterday. contact: olivia.m
REC-000759,2025-06-25 22:29:47,youssef.t submitted a ticket: performance on Slack is extremely slow causing delays in project work.
REC-000760,2025-09-15 06:41:47,Could you pls check VPN connection drops every few minutes pls install VPN client.
REC-000761,2025-08-06 01:39:47,User john.doe reported: Outlook refuses to start after update colleagues on floor 2 also affected.
REC-000762,2025-08-07 09:19:47,Could you please check can't log in to Slack causing delays in project work.
REC-000763,2025-09-03 08:49:47,"Problem encountered: unable to access Outlook, request ID #TKT-55048 already tried restarting, no success."
REC-000764,2025-07-23 14:12:47,Request for support regarding sap refuses to start after update need this fixed asap.
REC-000765,2025-06-25 19:16:47,Facing an issue where the phone keeps restarting randomly this has been happening since yesterday. Contact: sarah.k
REC-000766,2025-08-26 16:30:47,Facing an issue where can't log in to Word colleagues on training hall also affected.
REC-000767,2025-09-09 16:06:47,"Need urgent help with my desktop at remote showing unknown host already tried restarting, no success."
REC-000768,2025-06-27 20:57:47,david.p submitted a ticket: SAP refuses to start after update colleagues on datacenter also affected.
REC-000769,2025-09-21 09:33:47,Problem encountered: can't log in to OneDrive this is blocking me from completing my tasks.
REC-000770,2025-07-01 21:40:47,li.chen submitted a ticket: the printer at floor 2 is not working again this has been happening since yesterday.
REC-000771,2025-09-06 12:16:47,Could you please check VPN connection drops every few minutes this is blocking me from completing my tasks.
REC-000772,2025-06-30 11:40:47,Need urgent help with performance on Word is extremely slow pls install Adobe Acrobat.
REC-000773,2025-09-21 08:21:47,Facing an issue where VPN connection drops every few minutes need this fixed ASAP.
REC-000774,2025-09-02 13:43:47,User emma.w reported: onedrive refuses to start after update this is blocking me from completing my tasks.
REC-000775,2025-09-04 22:54:47,User sarah.k reported: performance on SAP is extremely slow causing delays in project work. Contact: fatima.z
REC-000776,2025-07-20 02:27:47,User emma.w reported: Word refuses to start after update need this fixed ASAP.
REC-000777,2025-08-01 08:47:47,User khaled.a reported: my desktop at floor 2 showing error code 720 this is blocking me from completing my tasks.
REC-000778,2025-07-12 10:41:47,"Facing an issue where unable to access Teams, request ID #TKT-76921 this is blocking me from completing my tasks."
REC-000779,2025-08-16 11:14:47,Could you please check can't log in to Slack this is blocking me from completing my tasks. Contact: george.t
REC-000780,2025-06-28 11:40:47,Problem encountered: the printer at lab room is not working again please grant access to shared drive.
REC-000781,2025-09-08 13:45:47,"Need urgent help with Jira refuses to start after update already tried restarting, no success."
REC-000782,2025-08-18 00:14:47,I'm having trouble with my desktop at floor 1 showing blue screen this has been happening since yesterday.
REC-000783,2025-07-18 05:05:47,"User alex.b reported: the printer at floor 3 is not working again already tried restarting, no success. Contact: maria.l"
REC-000784,2025-08-19 09:37:47,I'm having trouble with the printer at HQ is not working again causing delays in project work.
REC-000785,2025-08-01 21:35:47,I'm having trouble with my workstation at branch office showing printer jam this is blocking me from completing my tasks. contact: hannah.j
REC-000786,2025-07-05 10:20:47,Problem encountered: VPN connection drops every few minutes this has been happening since yesterday.
REC-000787,2025-09-22 14:46:47,Problem encountered: the printer at training hall is not working again please unlock account.
REC-000788,2025-07-29 07:25:47,"Problem encountered: unable to access Slack, request ID #TKT-84872 please setup new email account."
REC-000789,2025-07-20 13:21:47,"Request for support regarding unable to access onedrive, request id #tkt-83800 colleagues on floor 1 also affected. contact: ahmed.h"
REC-000790,2025-08-17 09:31:47,Need urgent help with performance on PowerPoint is extremely slow colleagues on floor 2 also affected.
REC-000791,2025-07-30 03:49:47,Need urgent help with Chrome refuses to start after update need this fixed ASAP. Contact: khaled.a
REC-000792,2025-09-09 17:51:47,Could you please check VPN connection drops every few minutes causing delays in project work.
REC-000793,2025-09-05 22:30:47,Problem encountered: Slack refuses to start after update need this fixed ASAP.
REC-000794,2025-06-25 19:23:47,Problem encountered: performance on PowerPoint is extremely slow need this fixed ASAP.
REC-000795,2025-07-12 19:17:47,Facing an issue where my laptop at branch office showing printer jam need this fixed ASAP.
REC-000796,2025-09-07 19:28:47,Problem encountered: the tablet keeps restarting randomly pls install Adobe Acrobat. Contact: emma.w
REC-000797,2025-08-18 05:15:47,Problem encountered: can't log in to jira please reset password.
REC-000798,2025-07-25 04:20:47,li.chen submitted a ticket: my laptop at remote showing printer jam this is blocking me from completing my tasks. Contact: sarah.k
REC-000799,2025-09-10 22:22:47,Facing an issue where can't log in to Word this has been happening since yesterday.
REC-000800,2025-06-25 00:19:47,User david.p reported: VPN connection drops every few minutes causing delays in project work. Contact: fatima.z
REC-000801,2025-07-22 03:48:47,User hannah.j reported: SharePoint refuses to start after update this has been happening since yesterday. Contact: george.t
REC-000802,2025-09-15 19:55:47,"Problem encountered: the printer at datacenter is not working again already tried restarting, no success."
REC-000803,2025-07-10 06:18:47,Request for support regarding my phone at branch office showing access denied colleagues on branch office also affected.
REC-000804,2025-07-26 00:16:47,Could you please check VPN connection drops every few minutes this has been happening since yesterday.
REC-000805,2025-08-19 03:00:47,"Could you pls check my laptop at training hall showing disk full already tried restarting, no success."
REC-000806,2025-08-25 05:59:47,I'm having trouble with Word refuses to start after update need this fixed ASAP.
REC-000807,2025-08-09 06:40:47,hannah.j submitted a ticket: SAP refuses to start after update this is blocking me from completing my tasks.
REC-000808,2025-07-31 15:37:47,"User fatima.z reported: unable to access SharePoint, request ID #TKT-80149 this is blocking me from completing my tasks."
REC-000809,2025-09-17 00:24:47,Request for support regarding can't log in to Word this is blocking me from completing my tasks. Contact: mohamed.s
REC-000810,2025-09-08 17:31:47,Request for support regarding performance on Excel is extremely slow please grant access to shared drive. Contact: olivia.m
REC-000811,2025-09-15 23:18:47,Facing an issue where can't log in to Excel causing delays in project work.
REC-000812,2025-08-29 00:15:47,"Request for support regarding unable to access SAP, request ID #TKT-65321 causing delays in project work."
REC-000813,2025-08-20 00:44:47,Need urgent help with VPN connection drops every few minutes need this fixed ASAP.
REC-000814,2025-07-01 08:55:47,I'm having trouble with Teams refuses to start after update this has been happening since yesterday.
REC-000815,2025-07-17 11:50:47,Need urgent help with the printer at floor 1 is not working again need this fixed ASAP.
REC-000816,2025-09-11 10:21:47,Problem encountered: my phone at floor 1 showing blue screen this has been happening since yesterday.
REC-000817,2025-09-11 19:34:47,User mohamed.s reported: my desktop at floor 2 showing not responding colleagues on floor 2 also affected. Contact: david.p
REC-000818,2025-08-29 05:10:47,maria.l submitted a ticket: VPN connection drops every few minutes this has been happening since yesterday.
REC-000819,2025-09-20 23:11:47,ahmed.h submitted a ticket: Slack refuses to start after update this has been happening since yesterday.
REC-000820,2025-09-10 02:21:47,"Facing an issue where unable to access SAP, request ID #TKT-46955 this has been happening since yesterday. Contact: george.t"
REC-000821,2025-08-14 08:23:47,Problem encountered: the printer at floor 3 is not working again need this fixed ASAP.
REC-000822,2025-07-12 10:07:47,User fatima.z reported: VPN connection drops every few minutes this has been happening since yesterday.
REC-000823,2025-07-07 21:03:47,I'm having trouble with performance on Teams is extremely slow this has been happening since yesterday.
REC-000824,2025-07-06 06:15:47,I'm having trouble with my tablet at floor 1 showing not responding this is blocking me from completing my tasks.
REC-000825,2025-07-17 15:07:47,User george.t reported: my desktop at floor 2 showing printer jam causing delays in project work.
REC-000826,2025-07-27 14:18:47,"User nina.b reported: unable to access SharePoint, request ID #TKT-92985 this is blocking me from completing my tasks."
REC-000827,2025-09-08 04:37:47,"Facing an issue where unable to access SharePoint, request ID #TKT-12174 colleagues on branch office also affected."
REC-000828,2025-07-09 10:33:47,"Need urgent help with unable to access SAP, request ID #TKT-33203 this is blocking me from completing my tasks. Contact: emma.w"
REC-000829,2025-06-25 20:27:47,"Sarah.k submitted a ticket: unable to access jira, request id #tkt-45832 colleagues on training hall also affected. contact: george.t"
REC-000830,2025-09-03 01:38:47,User emma.w reported: the phone keeps restarting randomly need this fixed ASAP.
REC-000831,2025-07-31 02:04:47,Need urgent help with the workstation keeps restarting randomly need this fixed ASAP.
REC-000832,2025-07-12 01:19:47,Problem encountered: my workstation at remote showing error code 720 this is blocking me from completing my tasks. Contact: emma.w
REC-000833,2025-09-10 18:20:47,Problem encountered: VPN connection drops every few minutes this is blocking me from completing my tasks.
REC-000834,2025-06-30 04:04:47,Request for support regarding performance on Outlook is extremely slow colleagues on floor 1 also affected.
REC-000835,2025-07-24 23:23:47,"User youssef.t reported: unable to access Excel, request ID #TKT-35820 this is blocking me from completing my tasks."
REC-000836,2025-07-23 02:10:47,"Facing an issue where unable to access Slack, request ID #TKT-12107 need this fixed ASAP."
REC-000837,2025-07-08 12:22:47,User fatima.z reported: VPN connection drops every few minutes colleagues on branch office also affected. Contact: sofia.g
REC-000838,2025-07-21 08:42:47,Need urgent help with PowerPoint refuses to start after update need this fixed ASAP.
REC-000839,2025-07-16 15:47:47,"Problem encountered: can't log in to teams already tried restarting, no success."
REC-000840,2025-07-12 15:54:47,"Youssef.t submitted a ticket: unable to access onedrive, request id #tkt-66769 pls unlock account."
REC-000841,2025-09-01 00:09:47,"ahmed.h submitted a ticket: unable to access SAP, request ID #TKT-39738 this is blocking me from completing my tasks."
REC-000842,2025-06-27 05:05:47,Need urgent help with the printer at floor 1 is not working again this has been happening since yesterday. Contact: fatima.z
REC-000843,2025-07-28 09:20:47,User paul.r reported: Teams refuses to start after update causing delays in project work.
REC-000844,2025-09-23 10:12:47,"Could you please check the printer at branch office is not working again already tried restarting, no success."
REC-000845,2025-08-10 20:09:47,I'm having trouble with VPN connection drops every few minutes need this fixed ASAP.
REC-000846,2025-07-02 14:53:47,Need urgent help with my phone at floor 1 showing unknown host please upgrade RAM. Contact: hannah.j
REC-000847,2025-07-18 03:19:47,Facing an issue where my phone at remote showing network timeout need this fixed ASAP.
REC-000848,2025-07-02 21:12:47,emma.w submitted a ticket: the printer at HQ is not working again this has been happening since yesterday.
REC-000849,2025-07-14 02:21:47,Problem encountered: the workstation keeps restarting randomly please grant access to shared drive. Contact: sarah.k
REC-000850,2025-09-01 04:56:47,"I'm having trouble with can't log in to OneDrive already tried restarting, no success."
REC-000851,2025-09-19 05:42:47,"li.chen submitted a ticket: unable to access SharePoint, request ID #TKT-85813 need this fixed ASAP. Contact: george.t"
REC-000852,2025-08-06 03:23:47,Ahmed.h submitted a ticket: the printer at remote is not working again please reset password. contact: khaled.a
REC-000853,2025-07-08 15:31:47,Request for support regarding VPN connection drops every few minutes pls replace keyboard.
REC-000854,2025-09-16 16:39:47,olivia.m submitted a ticket: performance on SAP is extremely slow colleagues on floor 2 also affected.
REC-000855,2025-07-13 16:36:47,"Request for support regarding unable to access Jira, request ID #TKT-99548 colleagues on remote also affected."
REC-000856,2025-07-02 01:14:47,Facing an issue where can't log in to excel this is blocking me from completing my tasks.
REC-000857,2025-07-24 21:35:47,User olivia.m reported: the tablet keeps restarting randomly please setup new email account.
REC-000858,2025-08-19 19:14:47,Need urgent help with Outlook refuses to start after update this is blocking me from completing my tasks.
REC-000859,2025-08-05 06:54:47,I'm having trouble with VPN connection drops every few minutes this has been happening since yesterday.
REC-000860,2025-08-03 20:57:47,Could you please check Teams refuses to start after update this has been happening since yesterday.
REC-000861,2025-07-16 16:35:47,Facing an issue where can't log in to Slack need this fixed ASAP. Contact: olivia.m
REC-000862,2025-07-30 07:05:47,I'm having trouble with can't log in to Excel this has been happening since yesterday.
REC-000863,2025-09-19 05:22:47,Facing an issue where VPN connection drops every few minutes this is blocking me from completing my tasks.
REC-000864,2025-07-08 07:48:47,Could you please check the printer at floor 2 is not working again colleagues on floor 2 also affected.
REC-000865,2025-07-23 11:20:47,"Facing an issue where unable to access Outlook, request ID #TKT-40914 this is blocking me from completing my tasks."
REC-000866,2025-08-29 14:16:47,"Need urgent help with the printer at datacenter is not working again already tried restarting, no success."
REC-000867,2025-07-07 14:37:47,sofia.g submitted a ticket: my server at floor 1 showing printer jam causing delays in project work. Contact: olivia.m
REC-000868,2025-07-07 02:23:47,I'm having trouble with the printer at remote is not working again this is blocking me from completing my tasks.
REC-000869,2025-09-08 20:23:47,"Facing an issue where unable to access Excel, request ID #TKT-40602 already tried restarting, no success. Contact: khaled.a"
REC-000870,2025-07-18 12:42:47,Could you pls check performance on Word is extremely slow need this fixed ASAP.
REC-000871,2025-08-10 04:35:47,Problem encountered: my server at lab room showing disk full this has been happening since yesterday. contact: khaled.a
REC-000872,2025-09-03 00:55:47,Problem encountered: performance on powerpoint is extremely slow causing delays in project work.
REC-000873,2025-06-25 14:56:47,I'm having trouble with SAP refuses to start after update causing delays in project work. Contact: sarah.k
REC-000874,2025-09-14 18:16:47,sofia.g submitted a ticket: can't log in to SAP causing delays in project work. Contact: sofia.g
REC-000875,2025-08-23 16:08:47,I'm having trouble with performance on PowerPoint is extremely slow this is blocking me from completing my tasks. Contact: ahmed.h
REC-000876,2025-09-04 15:55:47,Need urgent help with Jira refuses to start after update please setup new email account.
REC-000877,2025-08-25 23:26:47,Facing an issue where my phone at training hall showing access denied this has been happening since yesterday. Contact: olivia.m
REC-000878,2025-07-03 14:52:47,User hannah.j reported: performance on Jira is extremely slow causing delays in project work. Contact: li.chen
REC-000879,2025-09-09 00:45:47,john.doe submitted a ticket: VPN connection drops every few minutes causing delays in project work.
REC-000880,2025-07-10 11:46:47,"User fatima.z reported: unable to access Slack, request ID #TKT-54450 already tried restarting, no success."
REC-000881,2025-08-03 15:03:47,"Could you pls check can't log in to SAP already tried restarting, no success. Contact: olivia.m"
REC-000882,2025-08-11 01:39:47,Facing an issue where performance on Word is extremely slow need this fixed ASAP.
REC-000883,2025-08-14 18:31:47,sofia.g submitted a ticket: Jira refuses to start after update need this fixed ASAP.
REC-000884,2025-09-14 22:30:47,User paul.r reported: vpn connection drops every few minutes this has been happening since yesterday.
REC-000885,2025-08-13 17:36:47,john.doe submitted a ticket: PowerPoint refuses to start after update causing delays in project work.
REC-000886,2025-07-16 17:55:47,Facing an issue where can't log in to sap need this fixed asap. contact: khaled.a
REC-000887,2025-07-21 11:55:47,Facing an issue where VPN connection drops every few minutes colleagues on datacenter also affected. Contact: sarah.k
REC-000888,2025-09-18 07:31:47,"Could you pls check unable to access OneDrive, request ID #TKT-55371 need this fixed ASAP."
REC-000889,2025-08-01 09:41:47,User sofia.g reported: my phone at remote showing not responding this has been happening since yesterday.
REC-000890,2025-07-14 13:31:47,I'm having trouble with the workstation keeps restarting randomly this is blocking me from completing my tasks.
REC-000891,2025-08-24 07:59:47,User li.chen reported: VPN connection drops every few minutes this has been happening since yesterday.
REC-000892,2025-07-24 17:56:47,"I'm having trouble with the workstation keeps restarting randomly already tried restarting, no success."
REC-000893,2025-06-25 16:56:47,I'm having trouble with can't log in to Zoom need this fixed ASAP.
REC-000894,2025-09-23 01:24:47,I'm having trouble with performance on Chrome is extremely slow this is blocking me from completing my tasks.
REC-000895,2025-07-10 08:47:47,"I'm having trouble with unable to access Jira, request ID #TKT-32066 this has been happening since yesterday."
REC-000896,2025-06-28 09:10:47,"Maria.l submitted a ticket: vpn connection drops every few minutes already tried restarting, no success."
REC-000897,2025-07-14 15:29:47,"Facing an issue where unable to access Chrome, request ID #TKT-70748 this is blocking me from completing my tasks."
REC-000898,2025-09-02 06:03:47,Problem encountered: Word refuses to start after update colleagues on branch office also affected.
REC-000899,2025-08-13 01:02:47,"Problem encountered: unable to access teams, request id #tkt-95146 need this fixed asap."
REC-000900,2025-08-16 13:38:47,"Request for support regarding unable to access Teams, request ID #TKT-22827 causing delays in project work."
REC-000901,2025-09-23 04:59:47,"Could you please check unable to access chrome, request id #tkt-82538 need this fixed asap."
REC-000902,2025-07-26 20:31:47,"Need urgent help with performance on PowerPoint is extremely slow already tried restarting, no success. Contact: olivia.m"
REC-000903,2025-08-30 20:53:47,Could you please check performance on Word is extremely slow please install VPN client. Contact: nina.b
REC-000904,2025-09-21 15:01:47,Problem encountered: can't log in to Outlook this has been happening since yesterday.
REC-000905,2025-09-10 01:14:47,Problem encountered: the printer at training hall is not working again this is blocking me from completing my tasks.
REC-000906,2025-09-08 21:24:47,"Could you pls check vpn connection drops every few minutes already tried restarting, no success. contact: hannah.j"
REC-000907,2025-08-12 14:46:47,I'm having trouble with the printer at floor 2 is not working again this is blocking me from completing my tasks. Contact: sofia.g
REC-000908,2025-08-01 00:01:47,sofia.g submitted a ticket: performance on Jira is extremely slow causing delays in project work. Contact: emma.w
REC-000909,2025-07-26 05:32:47,"Problem encountered: unable to access onedrive, request id #tkt-33843 causing delays in project work."
REC-000910,2025-08-16 02:14:47,Could you please check can't log in to Zoom this is blocking me from completing my tasks. Contact: sofia.g
REC-000911,2025-09-19 23:23:47,"Need urgent help with my laptop at hq showing printer jam already tried restarting, no success."
REC-000912,2025-09-23 21:24:47,Request for support regarding performance on PowerPoint is extremely slow need this fixed ASAP.
REC-000913,2025-08-04 22:42:47,Facing an issue where VPN connection drops every few minutes causing delays in project work. Contact: mohamed.s
REC-000914,2025-07-31 14:17:47,"Facing an issue where the laptop keeps restarting randomly already tried restarting, no success."
REC-000915,2025-07-28 12:56:47,olivia.m submitted a ticket: my desktop at branch office showing disk full need this fixed ASAP. Contact: george.t
REC-000916,2025-07-26 16:42:47,Request for support regarding VPN connection drops every few minutes please reset password.
REC-000917,2025-08-15 23:45:47,I'm having trouble with the workstation keeps restarting randomly please upgrade RAM.
REC-000918,2025-09-23 17:47:47,Problem encountered: Excel refuses to start after update colleagues on branch office also affected.
REC-000919,2025-08-26 20:12:47,Facing an issue where the printer at training hall is not working again causing delays in project work.
REC-000920,2025-09-19 15:34:47,Request for support regarding can't log in to SharePoint colleagues on HQ also affected. Contact: khaled.a
REC-000921,2025-08-14 23:46:47,I'm having trouble with my server at datacenter showing blue screen this is blocking me from completing my tasks.
REC-000922,2025-07-01 22:25:47,I'm having trouble with can't log in to zoom need this fixed asap. contact: olivia.m
REC-000923,2025-08-07 20:42:47,sofia.g submitted a ticket: VPN connection drops every few minutes colleagues on floor 2 also affected.
REC-000924,2025-07-07 03:07:47,"Could you please check OneDrive refuses to start after update already tried restarting, no success."
REC-000925,2025-08-14 01:22:47,I'm having trouble with Teams refuses to start after update this has been happening since yesterday. Contact: paul.r
REC-000926,2025-09-08 07:26:47,"emma.w submitted a ticket: unable to access Zoom, request ID #TKT-55322 this is blocking me from completing my tasks. Contact: john.doe"
REC-000927,2025-09-05 19:37:47,I'm having trouble with the printer at floor 1 is not working again causing delays in project work.
REC-000928,2025-09-14 11:45:47,Facing an issue where my tablet at floor 2 showing error code 720 please fix wifi.
REC-000929,2025-09-06 06:45:47,sarah.k submitted a ticket: VPN connection drops every few minutes colleagues on HQ also affected.
REC-000930,2025-08-20 15:44:47,"Need urgent help with unable to access SharePoint, request ID #TKT-34098 causing delays in project work. Contact: john.doe"
REC-000931,2025-07-21 05:15:47,"Request for support regarding vpn connection drops every few minutes already tried restarting, no success."
REC-000932,2025-09-06 05:34:47,Need urgent help with can't log in to SharePoint need this fixed ASAP.
REC-000933,2025-07-28 00:13:47,User paul.r reported: performance on Teams is extremely slow colleagues on training hall also affected.
REC-000934,2025-07-15 08:55:47,"george.t submitted a ticket: unable to access PowerPoint, request ID #TKT-50453 this is blocking me from completing my tasks."
REC-000935,2025-08-07 13:10:47,Need urgent help with can't log in to Slack this is blocking me from completing my tasks.
REC-000936,2025-08-09 14:17:47,Problem encountered: performance on Outlook is extremely slow this has been happening since yesterday.
REC-000937,2025-08-02 09:09:47,Need urgent help with performance on PowerPoint is extremely slow colleagues on floor 3 also affected.
REC-000938,2025-07-13 13:12:47,Problem encountered: VPN connection drops every few minutes causing delays in project work.
REC-000939,2025-07-22 04:04:47,"I'm having trouble with VPN connection drops every few minutes already tried restarting, no success."
REC-000940,2025-07-22 23:11:47,Could you please check can't log in to Slack this is blocking me from completing my tasks. Contact: david.p
REC-000941,2025-07-05 02:49:47,I'm having trouble with my workstation at branch office showing unknown host need this fixed ASAP.
REC-000942,2025-09-11 01:14:47,khaled.a submitted a ticket: performance on SAP is extremely slow need this fixed ASAP.
REC-000943,2025-09-06 18:27:47,Facing an issue where the printer at datacenter is not working again this is blocking me from completing my tasks.
REC-000944,2025-07-11 15:08:47,"Request for support regarding VPN connection drops every few minutes already tried restarting, no success."
REC-000945,2025-06-25 09:21:47,"User fatima.z reported: unable to access Slack, request ID #TKT-49410 this is blocking me from completing my tasks. Contact: fatima.z"
REC-000946,2025-07-29 11:26:47,User george.t reported: VPN connection drops every few minutes this has been happening since yesterday. Contact: sarah.k
REC-000947,2025-08-16 16:15:47,I'm having trouble with the printer at floor 1 is not working again colleagues on floor 1 also affected. Contact: george.t
REC-000948,2025-08-26 00:00:47,Facing an issue where VPN connection drops every few minutes causing delays in project work. Contact: hannah.j
REC-000949,2025-07-11 11:00:47,I'm having trouble with Teams refuses to start after update colleagues on branch office also affected.
REC-000950,2025-09-14 13:04:47,Request for support regarding can't log in to Word colleagues on branch office also affected.
REC-000951,2025-08-27 12:01:47,Facing an issue where sharepoint refuses to start after update this has been happening since yesterday. contact: hannah.j
REC-000952,2025-06-30 21:58:47,"Problem encountered: vpn connection drops every few minutes already tried restarting, no success."
REC-000953,2025-07-26 18:49:47,John.doe submitted a ticket: the printer at remote is not working again this has been happening since yesterday.
REC-000954,2025-07-24 18:38:47,hannah.j submitted a ticket: my workstation at training hall showing network timeout this is blocking me from completing my tasks.
REC-000955,2025-07-04 10:59:47,fatima.z submitted a ticket: VPN connection drops every few minutes need this fixed ASAP.
REC-000956,2025-09-17 02:27:47,Request for support regarding VPN connection drops every few minutes this has been happening since yesterday.
REC-000957,2025-07-04 17:29:47,mohamed.s submitted a ticket: Chrome refuses to start after update need this fixed ASAP. Contact: nina.b
REC-000958,2025-07-04 06:40:47,I'm having trouble with Zoom refuses to start after update this has been happening since yesterday.
REC-000959,2025-07-09 03:47:47,"Request for support regarding the laptop keeps restarting randomly already tried restarting, no success."
REC-000960,2025-07-10 15:14:47,Request for support regarding the printer at floor 1 is not working again need this fixed ASAP.
REC-000961,2025-09-19 18:35:47,User hannah.j reported: my workstation at floor 3 showing network timeout need this fixed ASAP. Contact: sofia.g
REC-000962,2025-07-25 15:51:47,"Need urgent help with the tablet keeps restarting randomly already tried restarting, no success. Contact: nina.b"
REC-000963,2025-06-26 02:58:47,Problem encountered: the printer at floor 1 is not working again this has been happening since yesterday.
REC-000964,2025-06-28 22:51:47,User youssef.t reported: can't log in to Excel need this fixed ASAP. Contact: sarah.k
REC-000965,2025-07-19 23:50:47,david.p submitted a ticket: performance on Outlook is extremely slow please reset password. Contact: david.p
REC-000966,2025-07-10 08:58:47,Problem encountered: VPN connection drops every few minutes need this fixed ASAP.
REC-000967,2025-08-11 03:53:47,emma.w submitted a ticket: Teams refuses to start after update this is blocking me from completing my tasks. Contact: george.t
REC-000968,2025-08-23 14:09:47,Request for support regarding Word refuses to start after update this has been happening since yesterday.
REC-000969,2025-09-20 10:17:47,"I'm having trouble with VPN connection drops every few minutes already tried restarting, no success. Contact: mohamed.s"
REC-000970,2025-09-11 07:41:47,Facing an issue where performance on Zoom is extremely slow this has been happening since yesterday.
REC-000971,2025-08-22 06:58:47,"Need urgent help with unable to access excel, request id #tkt-38268 please unlock account."
REC-000972,2025-07-15 09:57:47,nina.b submitted a ticket: VPN connection drops every few minutes this is blocking me from completing my tasks. Contact: ahmed.h
REC-000973,2025-09-07 15:25:47,emma.w submitted a ticket: my desktop at floor 2 showing disk full need this fixed ASAP. Contact: mohamed.s
REC-000974,2025-07-21 13:20:47,Request for support regarding the printer at floor 3 is not working again this has been happening since yesterday. Contact: fatima.z
REC-000975,2025-08-13 06:47:47,"Facing an issue where unable to access Chrome, request ID #TKT-48283 colleagues on lab room also affected."
REC-000976,2025-07-07 19:56:47,Problem encountered: the printer at floor 2 is not working again need this fixed ASAP.
REC-000977,2025-07-06 07:32:47,Facing an issue where vpn connection drops every few minutes need this fixed asap.
REC-000978,2025-08-11 16:19:47,Could you please check the printer at datacenter is not working again colleagues on datacenter also affected.
REC-000979,2025-07-16 17:45:47,Request for support regarding performance on sharepoint is extremely slow colleagues on floor 3 also affected.
REC-000980,2025-07-16 16:43:47,"Need urgent help with performance on Jira is extremely slow already tried restarting, no success. Contact: youssef.t"
REC-000981,2025-08-25 09:51:47,Need urgent help with VPN connection drops every few minutes need this fixed ASAP. Contact: ahmed.h
REC-000982,2025-07-20 00:12:47,User mohamed.s reported: the printer at HQ is not working again pls unlock account.
REC-000983,2025-07-02 18:55:47,Could you pls check the printer at HQ is not working again colleagues on HQ also affected.
REC-000984,2025-08-24 01:31:47,"fatima.z submitted a ticket: VPN connection drops every few minutes already tried restarting, no success. Contact: youssef.t"
REC-000985,2025-09-03 14:26:47,Request for support regarding the desktop keeps restarting randomly colleagues on training hall also affected. Contact: mohamed.s
REC-000986,2025-08-20 04:02:47,"I'm having trouble with the printer at floor 2 is not working again already tried restarting, no success."
REC-000987,2025-08-21 00:17:47,Facing an issue where the workstation keeps restarting randomly causing delays in project work. Contact: youssef.t
REC-000988,2025-08-03 01:45:47,Need urgent help with can't log in to SharePoint causing delays in project work. Contact: nina.b
REC-000989,2025-07-29 03:59:47,I'm having trouble with performance on Teams is extremely slow this has been happening since yesterday.
REC-000990,2025-09-11 05:38:47,Need urgent help with SAP refuses to start after update please install VPN client.
REC-000991,2025-08-22 17:40:47,"Need urgent help with unable to access SAP, request ID #TKT-86131 this is blocking me from completing my tasks."
REC-000992,2025-08-03 12:27:47,I'm having trouble with the workstation keeps restarting randomly causing delays in project work.
REC-000993,2025-08-30 20:51:47,"Request for support regarding unable to access Outlook, request ID #TKT-70499 please install VPN client."
REC-000994,2025-08-26 16:16:47,Facing an issue where the printer at branch office is not working again this is blocking me from completing my tasks.
REC-000995,2025-07-17 11:32:47,User sofia.g reported: the printer at floor 1 is not working again please install VPN client. Contact: sarah.k
REC-000996,2025-08-12 07:16:47,"Mohamed.s submitted a ticket: unable to access zoom, request id #tkt-58306 causing delays in project work."
REC-000997,2025-06-27 08:03:47,paul.r submitted a ticket: can't log in to Slack pls grant access to shared drive.
REC-000998,2025-08-21 04:59:47,Problem encountered: my workstation at floor 3 showing printer jam colleagues on floor 3 also affected.
REC-000999,2025-07-06 04:30:47,alex.b submitted a ticket: performance on Word is extremely slow causing delays in project work.
REC-001000,2025-08-04 10:08:47,Facing an issue where can't log in to SAP please setup new email account.
REC-001001,2025-09-15 13:37:47,"User olivia.m reported: PowerPoint refuses to start after update already tried restarting, no success. Contact: ahmed.h"
REC-001002,2025-07-08 00:25:47,Facing an issue where can't log in to Slack this is blocking me from completing my tasks. Contact: sarah.k
REC-001003,2025-08-20 05:13:47,Problem encountered: my phone at floor 2 showing network timeout colleagues on floor 2 also affected.
REC-001004,2025-07-04 04:55:47,"I'm having trouble with can't log in to Excel already tried restarting, no success."
REC-001005,2025-09-16 23:35:47,I'm having trouble with Teams refuses to start after update causing delays in project work.
REC-001006,2025-07-30 06:36:47,Could you please check performance on Slack is extremely slow this is blocking me from completing my tasks.
REC-001007,2025-08-06 22:51:47,I'm having trouble with the workstation keeps restarting randomly please setup new email account.
REC-001008,2025-08-23 10:24:47,I'm having trouble with can't log in to Outlook please grant access to shared drive.
REC-001009,2025-09-14 00:08:47,mohamed.s submitted a ticket: the printer at lab room is not working again this has been happening since yesterday.
REC-001010,2025-09-06 15:20:47,Could you pls check my phone at floor 3 showing access denied colleagues on floor 3 also affected.
REC-001011,2025-06-28 21:02:47,Need urgent help with can't log in to Word colleagues on HQ also affected. Contact: paul.r
REC-001012,2025-06-28 13:13:47,Request for support regarding performance on Chrome is extremely slow causing delays in project work. Contact: olivia.m
REC-001013,2025-08-20 06:14:47,paul.r submitted a ticket: performance on Teams is extremely slow colleagues on datacenter also affected.
REC-001014,2025-07-21 21:05:47,"Facing an issue where unable to access SAP, request ID #TKT-94835 need this fixed ASAP."
REC-001015,2025-09-15 16:32:47,"User khaled.a reported: unable to access SharePoint, request ID #TKT-47283 this is blocking me from completing my tasks."
REC-001016,2025-09-20 15:32:47,Need urgent help with can't log in to Outlook causing delays in project work. Contact: khaled.a
REC-001017,2025-09-03 02:41:47,Need urgent help with vpn connection drops every few minutes this is blocking me from completing my tasks. contact: olivia.m
REC-001018,2025-09-18 10:00:47,Problem encountered: the workstation keeps restarting randomly need this fixed ASAP. Contact: ahmed.h
REC-001019,2025-07-02 09:43:47,Request for support regarding the printer at lab room is not working again this is blocking me from completing my tasks.
REC-001020,2025-07-04 01:26:47,Need urgent help with the phone keeps restarting randomly this is blocking me from completing my tasks.
REC-001021,2025-09-21 15:32:47,"I'm having trouble with the printer at HQ is not working again already tried restarting, no success."
REC-001022,2025-06-30 03:43:47,Facing an issue where performance on Chrome is extremely slow this is blocking me from completing my tasks. Contact: fatima.z
REC-001023,2025-08-15 07:24:47,george.t submitted a ticket: the tablet keeps restarting randomly colleagues on lab room also affected.
REC-001024,2025-07-10 06:44:47,Problem encountered: VPN connection drops every few minutes need this fixed ASAP. Contact: fatima.z
REC-001025,2025-08-25 01:20:47,Request for support regarding can't log in to outlook please unlock account. contact: khaled.a
REC-001026,2025-09-18 22:14:47,"I'm having trouble with vpn connection drops every few minutes already tried restarting, no success."
REC-001027,2025-07-08 15:13:47,User fatima.z reported: the laptop keeps restarting randomly colleagues on training hall also affected.
REC-001028,2025-09-03 13:20:47,Request for support regarding can't log in to PowerPoint pls fix wifi.
REC-001029,2025-06-30 22:31:47,youssef.t submitted a ticket: can't log in to Excel causing delays in project work.
REC-001030,2025-09-16 23:40:47,"Need urgent help with Teams refuses to start after update already tried restarting, no success."
REC-001031,2025-08-24 17:05:47,Problem encountered: performance on Chrome is extremely slow please unlock account.
REC-001032,2025-08-23 13:54:47,"Problem encountered: Word refuses to start after update already tried restarting, no success."
REC-001033,2025-08-31 02:28:47,User nina.b reported: my phone at floor 2 showing disk full pls install VPN client. Contact: george.t
REC-001034,2025-08-15 16:51:47,Need urgent help with the phone keeps restarting randomly need this fixed ASAP. Contact: olivia.m
REC-001035,2025-07-13 21:39:47,emma.w submitted a ticket: Slack refuses to start after update causing delays in project work.
REC-001036,2025-09-18 11:11:47,"Request for support regarding unable to access SharePoint, request ID #TKT-40210 need this fixed ASAP."
REC-001037,2025-09-14 21:53:47,"Request for support regarding unable to access SharePoint, request ID #TKT-11254 already tried restarting, no success."
REC-001038,2025-08-04 09:48:47,hannah.j submitted a ticket: the printer at HQ is not working again need this fixed ASAP.
REC-001039,2025-07-01 23:07:47,Facing an issue where can't log in to PowerPoint pls reset password. Contact: hannah.j
REC-001040,2025-07-05 12:33:47,I'm having trouble with VPN connection drops every few minutes pls reset password.
REC-001041,2025-09-13 08:51:47,User maria.l reported: my laptop at HQ showing network timeout need this fixed ASAP.
REC-001042,2025-08-21 02:38:47,"John.doe submitted a ticket: unable to access slack, request id #tkt-61220 causing delays in project work."
REC-001043,2025-07-04 21:40:47,Problem encountered: performance on Jira is extremely slow pls fix wifi.
REC-001044,2025-07-28 14:36:47,I'm having trouble with performance on Slack is extremely slow causing delays in project work.
REC-001045,2025-09-13 21:14:47,Facing an issue where the phone keeps restarting randomly causing delays in project work. Contact: khaled.a
REC-001046,2025-07-18 00:23:47,Problem encountered: my server at hq showing access denied causing delays in project work.
REC-001047,2025-08-05 15:32:47,Request for support regarding the printer at training hall is not working again please install VPN client.
REC-001048,2025-07-18 03:39:47,Need urgent help with the printer at HQ is not working again please install VPN client.
REC-001049,2025-08-05 22:37:47,I'm having trouble with Jira refuses to start after update need this fixed ASAP.
REC-001050,2025-09-13 03:18:47,I'm having trouble with performance on Teams is extremely slow causing delays in project work.
REC-001051,2025-09-08 08:18:47,"I'm having trouble with the printer at floor 1 is not working again already tried restarting, no success. Contact: nina.b"
REC-001052,2025-07-14 03:52:47,Could you pls check teams refuses to start after update pls fix wifi. contact: sarah.k
REC-001053,2025-08-27 00:32:47,Could you please check SAP refuses to start after update need this fixed ASAP.
REC-001054,2025-09-17 17:56:47,Problem encountered: Zoom refuses to start after update please install Adobe Acrobat.
REC-001055,2025-06-25 23:38:47,I'm having trouble with excel refuses to start after update please reset password.
REC-001056,2025-08-23 12:24:47,Problem encountered: my laptop at HQ showing disk full need this fixed ASAP.
REC-001057,2025-06-26 01:30:47,emma.w submitted a ticket: the printer at datacenter is not working again this has been happening since yesterday.
REC-001058,2025-09-02 23:53:47,User alex.b reported: can't log in to Outlook causing delays in project work.
REC-001059,2025-08-04 02:21:47,george.t submitted a ticket: Slack refuses to start after update need this fixed ASAP.
REC-001060,2025-09-09 02:10:47,Problem encountered: Excel refuses to start after update this is blocking me from completing my tasks.
REC-001061,2025-09-18 23:59:47,"george.t submitted a ticket: unable to access PowerPoint, request ID #TKT-12688 please fix wifi."
REC-001062,2025-09-02 07:10:47,I'm having trouble with my laptop at datacenter showing error code 720 pls install adobe acrobat. contact: khaled.a
REC-001063,2025-09-11 13:15:47,Request for support regarding can't log in to Chrome pls install VPN client.
REC-001064,2025-08-07 22:52:47,"Could you please check can't log in to Jira already tried restarting, no success. Contact: sofia.g"
REC-001065,2025-08-26 17:36:47,"Could you please check unable to access Slack, request ID #TKT-79338 need this fixed ASAP."
REC-001066,2025-08-21 07:44:47,"olivia.m submitted a ticket: unable to access Slack, request ID #TKT-15151 need this fixed ASAP."
REC-001067,2025-08-07 08:14:47,Request for support regarding the phone keeps restarting randomly this is blocking me from completing my tasks.
REC-001068,2025-09-22 14:45:47,"Request for support regarding unable to access zoom, request id #tkt-21143 please install vpn client. contact: george.t"
REC-001069,2025-09-04 23:11:47,Could you please check the printer at floor 1 is not working again need this fixed ASAP. Contact: alex.b
REC-001070,2025-07-15 07:56:47,Need urgent help with the printer at lab room is not working again causing delays in project work.
REC-001071,2025-08-16 15:41:47,I'm having trouble with PowerPoint refuses to start after update need this fixed ASAP.
REC-001072,2025-07-15 19:28:47,"Need urgent help with unable to access OneDrive, request ID #TKT-77374 colleagues on HQ also affected."
REC-001073,2025-09-14 03:45:47,hannah.j submitted a ticket: performance on Jira is extremely slow this is blocking me from completing my tasks.
REC-001074,2025-09-01 13:25:47,User mohamed.s reported: my server at training hall showing blue screen need this fixed ASAP.
REC-001075,2025-09-09 08:18:47,User olivia.m reported: Zoom refuses to start after update colleagues on HQ also affected. Contact: emma.w
REC-001076,2025-08-04 00:17:47,Request for support regarding the printer at datacenter is not working again pls upgrade ram.
REC-001077,2025-09-18 21:29:47,olivia.m submitted a ticket: performance on Excel is extremely slow causing delays in project work.
REC-001078,2025-07-21 18:01:47,Alex.b submitted a ticket: my tablet at floor 1 showing error code 720 please install vpn client. contact: mohamed.s
REC-001079,2025-08-15 17:46:47,fatima.z submitted a ticket: VPN connection drops every few minutes need this fixed ASAP.
REC-001080,2025-07-07 20:57:47,Need urgent help with can't log in to Teams causing delays in project work.
REC-001081,2025-08-22 10:18:47,Could you pls check the desktop keeps restarting randomly colleagues on floor 1 also affected.
REC-001082,2025-07-22 16:02:47,I'm having trouble with performance on PowerPoint is extremely slow need this fixed ASAP.
REC-001083,2025-08-29 20:30:47,Need urgent help with can't log in to Slack this is blocking me from completing my tasks.
REC-001084,2025-07-25 19:32:47,Need urgent help with can't log in to PowerPoint causing delays in project work. Contact: olivia.m
REC-001085,2025-09-01 08:34:47,"I'm having trouble with VPN connection drops every few minutes already tried restarting, no success."
REC-001086,2025-08-23 10:17:47,User mohamed.s reported: the workstation keeps restarting randomly colleagues on training hall also affected. Contact: mohamed.s
REC-001087,2025-07-04 22:09:47,Facing an issue where the phone keeps restarting randomly pls unlock account.
REC-001088,2025-07-01 19:24:47,User sofia.g reported: the printer at floor 1 is not working again colleagues on floor 1 also affected. Contact: paul.r
REC-001089,2025-08-04 00:12:47,I'm having trouble with my phone at remote showing disk full causing delays in project work.
REC-001090,2025-07-26 18:21:47,"Facing an issue where unable to access Jira, request ID #TKT-36157 colleagues on lab room also affected."
REC-001091,2025-08-29 02:23:47,Request for support regarding can't log in to PowerPoint causing delays in project work.
REC-001092,2025-08-12 23:33:47,Request for support regarding the printer at floor 1 is not working again causing delays in project work.
REC-001093,2025-08-02 08:45:47,"emma.w submitted a ticket: unable to access Zoom, request ID #TKT-72452 colleagues on training hall also affected."
REC-001094,2025-07-21 06:00:47,User ahmed.h reported: the printer at HQ is not working again pls install Adobe Acrobat.
REC-001095,2025-07-23 05:29:47,Facing an issue where performance on jira is extremely slow pls grant access to shared drive.
REC-001096,2025-07-25 19:36:47,"Could you pls check can't log in to Teams already tried restarting, no success. Contact: ahmed.h"
REC-001097,2025-08-20 09:34:47,User khaled.a reported: my laptop at floor 1 showing unknown host this has been happening since yesterday.
REC-001098,2025-07-19 12:38:47,I'm having trouble with can't log in to SAP colleagues on lab room also affected. Contact: hannah.j
REC-001099,2025-08-03 12:09:47,"Request for support regarding performance on slack is extremely slow already tried restarting, no success."
REC-001100,2025-08-17 04:39:47,Problem encountered: VPN connection drops every few minutes this is blocking me from completing my tasks.
REC-001101,2025-08-31 06:39:47,george.t submitted a ticket: performance on Outlook is extremely slow colleagues on HQ also affected.
REC-001102,2025-09-19 05:44:47,Request for support regarding can't log in to Word this is blocking me from completing my tasks.
REC-001103,2025-06-29 16:05:47,I'm having trouble with my server at remote showing blue screen this is blocking me from completing my tasks.
REC-001104,2025-08-14 17:53:47,Could you pls check the printer at HQ is not working again this has been happening since yesterday. Contact: sofia.g
REC-001105,2025-08-24 04:56:47,Could you please check the printer at HQ is not working again this is blocking me from completing my tasks. Contact: david.p
REC-001106,2025-08-31 00:10:47,User paul.r reported: my desktop at floor 2 showing unknown host this has been happening since yesterday.
REC-001107,2025-09-13 23:54:47,User ahmed.h reported: my desktop at lab room showing unknown host colleagues on lab room also affected. Contact: alex.b
REC-001108,2025-07-08 05:03:47,User li.chen reported: the laptop keeps restarting randomly colleagues on branch office also affected. Contact: sarah.k
REC-001109,2025-09-01 02:52:47,Could you please check can't log in to Excel causing delays in project work.
REC-001110,2025-07-23 16:46:47,"User george.t reported: the phone keeps restarting randomly already tried restarting, no success."
REC-001111,2025-08-15 19:23:47,Need urgent help with my tablet at HQ showing error code 720 colleagues on HQ also affected.
REC-001112,2025-07-12 09:25:47,"Problem encountered: unable to access jira, request id #tkt-37256 this is blocking me from completing my tasks."
REC-001113,2025-08-20 09:27:47,I'm having trouble with vpn connection drops every few minutes causing delays in project work.
REC-001114,2025-06-26 06:10:47,"User ahmed.h reported: unable to access Jira, request ID #TKT-50450 this has been happening since yesterday."
REC-001115,2025-08-31 14:52:47,I'm having trouble with performance on OneDrive is extremely slow causing delays in project work.
REC-001116,2025-07-03 21:41:47,User youssef.t reported: VPN connection drops every few minutes please install VPN client. Contact: paul.r
REC-001117,2025-08-29 03:39:47,User sofia.g reported: the printer at datacenter is not working again this has been happening since yesterday.
REC-001118,2025-09-23 13:29:47,Need urgent help with VPN connection drops every few minutes please grant access to shared drive.
REC-001119,2025-07-12 00:43:47,Problem encountered: my server at branch office showing network timeout pls fix wifi.
REC-001120,2025-09-09 10:02:47,Could you pls check sharepoint refuses to start after update colleagues on floor 2 also affected. contact: nina.b
REC-001121,2025-08-20 22:54:47,Problem encountered: VPN connection drops every few minutes this has been happening since yesterday.
REC-001122,2025-08-09 18:47:47,I'm having trouble with Zoom refuses to start after update this is blocking me from completing my tasks.
REC-001123,2025-07-08 16:57:47,Need urgent help with VPN connection drops every few minutes need this fixed ASAP.
REC-001124,2025-07-28 18:42:47,User olivia.m reported: Chrome refuses to start after update this has been happening since yesterday.
REC-001125,2025-08-12 09:19:47,George.t submitted a ticket: the laptop keeps restarting randomly need this fixed asap. contact: nina.b
REC-001126,2025-09-01 16:35:47,Could you please check my laptop at branch office showing access denied this is blocking me from completing my tasks. Contact: youssef.t
REC-001127,2025-07-28 20:16:47,I'm having trouble with can't log in to PowerPoint causing delays in project work.
REC-001128,2025-09-16 17:57:47,Facing an issue where Slack refuses to start after update colleagues on lab room also affected.
REC-001129,2025-07-05 12:55:47,I'm having trouble with the server keeps restarting randomly this is blocking me from completing my tasks.
REC-001130,2025-09-03 22:23:47,paul.r submitted a ticket: VPN connection drops every few minutes colleagues on branch office also affected.
REC-001131,2025-08-22 07:34:47,Problem encountered: Jira refuses to start after update please install Adobe Acrobat.
REC-001132,2025-08-13 17:30:47,"I'm having trouble with performance on Teams is extremely slow already tried restarting, no success. Contact: john.doe"
REC-001133,2025-08-20 22:32:47,Problem encountered: the printer at floor 1 is not working again colleagues on floor 1 also affected.
REC-001134,2025-07-30 21:21:47,Facing an issue where VPN connection drops every few minutes this has been happening since yesterday.
REC-001135,2025-09-17 05:02:47,User nina.b reported: my server at training hall showing not responding need this fixed ASAP. Contact: hannah.j
REC-001136,2025-09-07 00:52:47,"Could you please check unable to access Excel, request ID #TKT-27019 already tried restarting, no success."
REC-001137,2025-09-10 21:46:47,Could you please check Excel refuses to start after update causing delays in project work.
REC-001138,2025-09-04 20:45:47,"User khaled.a reported: performance on excel is extremely slow already tried restarting, no success."
REC-001139,2025-07-04 11:12:47,User khaled.a reported: the printer at training hall is not working again please install Adobe Acrobat.
REC-001140,2025-09-15 00:37:47,Problem encountered: the phone keeps restarting randomly this has been happening since yesterday. Contact: khaled.a
REC-001141,2025-07-24 21:26:47,Problem encountered: the tablet keeps restarting randomly causing delays in project work. Contact: nina.b
REC-001142,2025-07-09 09:39:47,Facing an issue where performance on teams is extremely slow colleagues on lab room also affected. contact: hannah.j
REC-001143,2025-08-16 19:17:47,Could you please check my laptop at floor 2 showing disk full this has been happening since yesterday.
REC-001144,2025-07-20 07:18:47,Facing an issue where my laptop at HQ showing network timeout need this fixed ASAP.
REC-001145,2025-07-10 08:53:47,User ahmed.h reported: Word refuses to start after update causing delays in project work.
REC-001146,2025-09-13 23:34:47,"Need urgent help with performance on OneDrive is extremely slow already tried restarting, no success."
REC-001147,2025-09-06 22:52:47,User fatima.z reported: VPN connection drops every few minutes please fix wifi.
REC-001148,2025-09-19 11:11:47,Facing an issue where Teams refuses to start after update colleagues on floor 2 also affected. Contact: john.doe
REC-001149,2025-08-20 21:22:47,Facing an issue where VPN connection drops every few minutes this is blocking me from completing my tasks.
REC-001150,2025-08-26 07:35:47,Request for support regarding Chrome refuses to start after update please fix wifi.
REC-001151,2025-07-24 19:15:47,Facing an issue where performance on SharePoint is extremely slow need this fixed ASAP.
REC-001152,2025-07-04 23:38:47,I'm having trouble with my server at HQ showing blue screen colleagues on HQ also affected. Contact: youssef.t
REC-001153,2025-06-28 14:51:47,Need urgent help with the printer at floor 2 is not working again causing delays in project work.
REC-001154,2025-08-07 04:57:47,Need urgent help with VPN connection drops every few minutes this is blocking me from completing my tasks.
REC-001155,2025-08-21 18:26:47,Could you pls check performance on SharePoint is extremely slow colleagues on branch office also affected.
REC-001156,2025-08-15 18:03:47,"emma.w submitted a ticket: the printer at floor 2 is not working again already tried restarting, no success."
REC-001157,2025-08-04 06:23:47,"Problem encountered: performance on SharePoint is extremely slow already tried restarting, no success. Contact: sofia.g"
REC-001158,2025-07-08 15:42:47,Problem encountered: the workstation keeps restarting randomly this is blocking me from completing my tasks.
REC-001159,2025-09-01 03:59:47,I'm having trouble with can't log in to Excel need this fixed ASAP.
REC-001160,2025-09-09 02:14:47,Request for support regarding OneDrive refuses to start after update this is blocking me from completing my tasks. Contact: hannah.j
REC-001161,2025-07-08 20:48:47,"Facing an issue where unable to access Zoom, request ID #TKT-31167 causing delays in project work."
REC-001162,2025-09-16 12:31:47,Problem encountered: can't log in to SAP this has been happening since yesterday.
REC-001163,2025-08-30 14:56:47,Facing an issue where the desktop keeps restarting randomly need this fixed ASAP.
REC-001164,2025-08-26 10:09:47,User li.chen reported: the printer at HQ is not working again causing delays in project work.
REC-001165,2025-08-22 02:39:47,"I'm having trouble with VPN connection drops every few minutes already tried restarting, no success."
REC-001166,2025-08-03 18:17:47,"I'm having trouble with SAP refuses to start after update already tried restarting, no success. Contact: maria.l"
REC-001167,2025-08-24 16:32:47,"Request for support regarding unable to access Jira, request ID #TKT-92696 causing delays in project work. Contact: li.chen"
REC-001168,2025-08-07 01:42:47,"David.p submitted a ticket: can't log in to sap already tried restarting, no success. contact: youssef.t"
REC-001169,2025-07-30 11:57:47,Facing an issue where can't log in to Outlook this is blocking me from completing my tasks.
REC-001170,2025-09-17 12:52:47,Need urgent help with the phone keeps restarting randomly this is blocking me from completing my tasks. contact: paul.r
REC-001171,2025-07-18 19:58:47,I'm having trouble with can't log in to Teams this is blocking me from completing my tasks.
REC-001172,2025-07-19 23:36:47,I'm having trouble with the phone keeps restarting randomly need this fixed asap.
REC-001173,2025-08-28 12:16:47,I'm having trouble with the desktop keeps restarting randomly colleagues on HQ also affected.
REC-001174,2025-07-04 09:05:47,Facing an issue where my tablet at HQ showing access denied need this fixed ASAP. Contact: george.t
REC-001175,2025-07-31 12:40:47,Need urgent help with the laptop keeps restarting randomly this is blocking me from completing my tasks. Contact: emma.w
REC-001176,2025-07-27 08:21:47,Request for support regarding can't log in to Excel this has been happening since yesterday.
REC-001177,2025-08-14 01:22:47,Request for support regarding the phone keeps restarting randomly this has been happening since yesterday.
REC-001178,2025-08-06 08:50:47,Request for support regarding the printer at floor 1 is not working again please grant access to shared drive. Contact: nina.b
REC-001179,2025-09-08 09:05:47,Fatima.z submitted a ticket: word refuses to start after update colleagues on floor 3 also affected.
REC-001180,2025-09-18 16:48:47,george.t submitted a ticket: Zoom refuses to start after update this has been happening since yesterday.
REC-001181,2025-07-03 13:22:47,Request for support regarding can't log in to Chrome colleagues on remote also affected.
REC-001182,2025-08-16 12:13:47,I'm having trouble with performance on powerpoint is extremely slow pls fix wifi.
REC-001183,2025-07-12 02:58:47,I'm having trouble with my desktop at remote showing unknown host causing delays in project work. Contact: sofia.g
REC-001184,2025-07-29 01:00:47,Problem encountered: the printer at floor 2 is not working again this is blocking me from completing my tasks.
REC-001185,2025-07-05 20:06:47,"Could you please check unable to access Outlook, request ID #TKT-49261 please install Adobe Acrobat."
REC-001186,2025-08-23 05:32:47,khaled.a submitted a ticket: the printer at remote is not working again colleagues on remote also affected.
REC-001187,2025-09-12 08:57:47,I'm having trouble with my desktop at branch office showing error code 720 causing delays in project work.
REC-001188,2025-07-12 02:45:47,"Need urgent help with unable to access Teams, request ID #TKT-48991 colleagues on floor 2 also affected. Contact: mohamed.s"
REC-001189,2025-07-11 04:00:47,"Problem encountered: the laptop keeps restarting randomly already tried restarting, no success. Contact: sofia.g"
REC-001190,2025-08-21 18:07:47,"I'm having trouble with OneDrive refuses to start after update already tried restarting, no success."
REC-001191,2025-08-04 22:11:47,User li.chen reported: VPN connection drops every few minutes causing delays in project work. Contact: maria.l
REC-001192,2025-08-25 20:03:47,Request for support regarding VPN connection drops every few minutes this is blocking me from completing my tasks.
REC-001193,2025-07-15 22:44:47,User emma.w reported: my phone at remote showing disk full colleagues on remote also affected.
REC-001194,2025-07-29 01:46:47,Facing an issue where my phone at training hall showing blue screen this is blocking me from completing my tasks.
REC-001195,2025-08-26 07:16:47,Facing an issue where my tablet at HQ showing unknown host this is blocking me from completing my tasks. Contact: paul.r
REC-001196,2025-08-11 13:41:47,Could you please check the laptop keeps restarting randomly causing delays in project work.
REC-001197,2025-08-05 02:54:47,"User alex.b reported: unable to access Slack, request ID #TKT-78137 already tried restarting, no success. Contact: emma.w"
REC-001198,2025-08-05 08:06:47,Problem encountered: vpn connection drops every few minutes please replace keyboard.
REC-001199,2025-08-03 19:58:47,Could you pls check performance on PowerPoint is extremely slow need this fixed ASAP.
REC-001200,2025-08-18 14:19:47,Facing an issue where vpn connection drops every few minutes causing delays in project work.
REC-001201,2025-08-02 20:05:47,I'm having trouble with performance on jira is extremely slow causing delays in project work. contact: youssef.t
REC-001202,2025-09-08 17:39:47,Request for support regarding the desktop keeps restarting randomly this is blocking me from completing my tasks.
REC-001203,2025-08-03 11:39:47,"Need urgent help with unable to access word, request id #tkt-51350 this is blocking me from completing my tasks."
REC-001204,2025-08-13 20:43:47,Could you please check can't log in to Word need this fixed ASAP.
REC-001205,2025-08-08 11:40:47,"Need urgent help with VPN connection drops every few minutes already tried restarting, no success."
REC-001206,2025-07-22 23:19:47,Facing an issue where performance on excel is extremely slow need this fixed asap.
REC-001207,2025-06-25 15:44:47,Facing an issue where my phone at floor 1 showing access denied need this fixed ASAP.
REC-001208,2025-07-14 19:51:47,User youssef.t reported: the printer at training hall is not working again please grant access to shared drive. Contact: david.p
REC-001209,2025-07-29 13:06:47,Facing an issue where the server keeps restarting randomly please setup new email account. Contact: alex.b
REC-001210,2025-07-21 22:58:47,Problem encountered: VPN connection drops every few minutes need this fixed ASAP.
REC-001211,2025-08-18 14:18:47,Facing an issue where performance on PowerPoint is extremely slow colleagues on floor 3 also affected.
REC-001212,2025-07-21 06:30:47,User khaled.a reported: can't log in to Excel need this fixed ASAP.
REC-001213,2025-07-11 06:52:47,Request for support regarding performance on SharePoint is extremely slow please fix wifi. Contact: sofia.g
REC-001214,2025-07-03 18:32:47,Could you please check Teams refuses to start after update this is blocking me from completing my tasks. Contact: fatima.z
REC-001215,2025-08-05 09:09:47,Request for support regarding performance on Word is extremely slow colleagues on lab room also affected.
REC-001216,2025-09-18 23:19:47,I'm having trouble with the laptop keeps restarting randomly this has been happening since yesterday.
REC-001217,2025-08-05 23:58:47,"User alex.b reported: can't log in to Outlook already tried restarting, no success."
REC-001218,2025-08-25 17:02:47,Could you please check my tablet at floor 2 showing printer jam need this fixed ASAP.
REC-001219,2025-07-14 05:46:47,User li.chen reported: VPN connection drops every few minutes need this fixed ASAP.
REC-001220,2025-06-25 20:23:47,I'm having trouble with the printer at lab room is not working again causing delays in project work.
REC-001221,2025-09-08 10:08:47,User david.p reported: VPN connection drops every few minutes this has been happening since yesterday.
REC-001222,2025-07-11 01:07:47,Could you please check the phone keeps restarting randomly colleagues on floor 1 also affected.
REC-001223,2025-07-02 03:43:47,alex.b submitted a ticket: can't log in to Zoom need this fixed ASAP.
REC-001224,2025-08-27 18:12:47,I'm having trouble with the printer at floor 2 is not working again need this fixed asap.
REC-001225,2025-08-04 14:41:47,Need urgent help with can't log in to Excel causing delays in project work.
REC-001226,2025-09-09 22:53:47,Problem encountered: the workstation keeps restarting randomly this has been happening since yesterday.
REC-001227,2025-09-18 17:26:47,I'm having trouble with my phone at lab room showing blue screen this has been happening since yesterday. Contact: ahmed.h
REC-001228,2025-09-22 15:49:47,"Request for support regarding can't log in to Chrome already tried restarting, no success."
REC-001229,2025-09-20 20:37:47,Request for support regarding SharePoint refuses to start after update this has been happening since yesterday.
REC-001230,2025-09-09 18:50:47,john.doe submitted a ticket: my workstation at datacenter showing access denied need this fixed ASAP.
REC-001231,2025-08-04 04:35:47,Facing an issue where the workstation keeps restarting randomly causing delays in project work.
REC-001232,2025-08-20 04:10:47,I'm having trouble with my phone at lab room showing disk full please replace keyboard.
REC-001233,2025-08-21 20:34:47,I'm having trouble with performance on Slack is extremely slow this has been happening since yesterday.
REC-001234,2025-08-19 12:53:47,Could you please check the printer at remote is not working again need this fixed asap.
REC-001235,2025-08-15 08:20:47,"Request for support regarding my server at floor 1 showing access denied already tried restarting, no success."
REC-001236,2025-07-10 01:12:47,Request for support regarding Word refuses to start after update this is blocking me from completing my tasks.
REC-001237,2025-08-29 08:54:47,Request for support regarding can't log in to SharePoint this has been happening since yesterday. Contact: olivia.m
REC-001238,2025-07-25 16:14:47,"Need urgent help with unable to access Outlook, request ID #TKT-81920 please grant access to shared drive."
REC-001239,2025-07-05 16:47:47,Problem encountered: performance on Teams is extremely slow please replace keyboard.
REC-001240,2025-08-20 18:51:47,Problem encountered: my phone at datacenter showing network timeout causing delays in project work.
REC-001241,2025-09-22 06:39:47,I'm having trouble with zoom refuses to start after update colleagues on lab room also affected.
REC-001242,2025-08-03 22:06:47,Request for support regarding VPN connection drops every few minutes this is blocking me from completing my tasks.
REC-001243,2025-07-10 00:01:47,Problem encountered: performance on OneDrive is extremely slow need this fixed ASAP.
REC-001244,2025-08-08 20:09:47,"I'm having trouble with can't log in to Outlook already tried restarting, no success."
REC-001245,2025-06-26 23:47:47,sofia.g submitted a ticket: the printer at training hall is not working again please install VPN client. Contact: hannah.j
REC-001246,2025-07-06 14:16:47,Request for support regarding can't log in to Word causing delays in project work.
REC-001247,2025-07-23 20:49:47,Need urgent help with the phone keeps restarting randomly causing delays in project work. Contact: alex.b
REC-001248,2025-07-02 20:25:47,User hannah.j reported: can't log in to Word causing delays in project work.
REC-001249,2025-09-21 12:24:47,youssef.t submitted a ticket: the printer at datacenter is not working again colleagues on datacenter also affected.
REC-001250,2025-07-26 00:46:47,Could you please check the server keeps restarting randomly colleagues on branch office also affected.
REC-001251,2025-08-18 22:14:47,mohamed.s submitted a ticket: VPN connection drops every few minutes this has been happening since yesterday.
REC-001252,2025-09-04 20:08:47,User alex.b reported: performance on Excel is extremely slow need this fixed ASAP. Contact: sofia.g
REC-001253,2025-08-12 00:06:47,I'm having trouble with can't log in to Teams this is blocking me from completing my tasks. Contact: sofia.g
REC-001254,2025-07-16 10:24:47,Need urgent help with Excel refuses to start after update this is blocking me from completing my tasks. Contact: john.doe
REC-001255,2025-06-27 21:09:47,I'm having trouble with can't log in to Excel please reset password.
REC-001256,2025-08-15 00:29:47,Could you please check performance on Word is extremely slow please reset password.
REC-001257,2025-07-15 17:04:47,Could you pls check my server at branch office showing disk full causing delays in project work.
REC-001258,2025-09-10 13:20:47,I'm having trouble with the phone keeps restarting randomly colleagues on training hall also affected.
REC-001259,2025-09-09 05:25:47,Request for support regarding VPN connection drops every few minutes need this fixed ASAP.
REC-001260,2025-07-02 19:17:47,"Request for support regarding unable to access Outlook, request ID #TKT-12132 this is blocking me from completing my tasks."
REC-001261,2025-09-15 12:34:47,Need urgent help with Chrome refuses to start after update need this fixed ASAP.
REC-001262,2025-08-27 18:38:47,mohamed.s submitted a ticket: performance on SharePoint is extremely slow please grant access to shared drive.
REC-001263,2025-09-11 04:55:47,"Request for support regarding can't log in to powerpoint already tried restarting, no success."
REC-001264,2025-08-16 16:03:47,Request for support regarding the printer at floor 3 is not working again this is blocking me from completing my tasks.
REC-001265,2025-09-19 05:12:47,"Could you please check unable to access PowerPoint, request ID #TKT-56664 please upgrade RAM."
REC-001266,2025-08-20 16:32:47,"Problem encountered: the phone keeps restarting randomly already tried restarting, no success."
REC-001267,2025-07-06 01:45:47,Nina.b submitted a ticket: performance on zoom is extremely slow need this fixed asap. contact: fatima.z
REC-001268,2025-07-10 16:46:47,"I'm having trouble with unable to access teams, request id #tkt-28742 already tried restarting, no success. contact: nina.b"
REC-001269,2025-07-02 23:44:47,"Could you pls check can't log in to SAP already tried restarting, no success. Contact: khaled.a"
REC-001270,2025-07-11 22:35:47,"I'm having trouble with unable to access Teams, request ID #TKT-16729 need this fixed ASAP."
REC-001271,2025-07-15 00:36:47,Could you pls check SharePoint refuses to start after update colleagues on floor 3 also affected.
REC-001272,2025-07-29 00:56:47,Request for support regarding VPN connection drops every few minutes need this fixed ASAP. Contact: alex.b
REC-001273,2025-07-18 03:51:47,Could you please check the printer at remote is not working again this is blocking me from completing my tasks.
REC-001274,2025-09-11 00:04:47,Sarah.k submitted a ticket: word refuses to start after update this is blocking me from completing my tasks.
REC-001275,2025-08-03 01:28:47,User david.p reported: my desktop at floor 1 showing error code 720 this has been happening since yesterday.
REC-001276,2025-08-10 02:07:47,"emma.w submitted a ticket: VPN connection drops every few minutes already tried restarting, no success."
REC-001277,2025-08-03 00:41:47,Request for support regarding can't log in to Excel colleagues on remote also affected.
REC-001278,2025-07-08 02:23:47,youssef.t submitted a ticket: VPN connection drops every few minutes causing delays in project work.
REC-001279,2025-08-14 08:28:47,"Facing an issue where VPN connection drops every few minutes already tried restarting, no success. Contact: khaled.a"
REC-001280,2025-08-01 13:06:47,"Could you please check the printer at branch office is not working again already tried restarting, no success."
REC-001281,2025-07-15 06:45:47,sofia.g submitted a ticket: VPN connection drops every few minutes causing delays in project work.
REC-001282,2025-07-11 03:34:47,olivia.m submitted a ticket: the laptop keeps restarting randomly colleagues on floor 2 also affected.
REC-001283,2025-07-01 04:08:47,Problem encountered: Chrome refuses to start after update causing delays in project work.
REC-001284,2025-06-30 11:56:47,Need urgent help with can't log in to Teams this has been happening since yesterday.
REC-001285,2025-08-29 21:20:47,Could you please check the workstation keeps restarting randomly please setup new email account.
REC-001286,2025-07-04 17:52:47,Request for support regarding can't log in to Zoom pls setup new email account. Contact: emma.w
REC-001287,2025-07-13 01:10:47,I'm having trouble with the phone keeps restarting randomly colleagues on floor 1 also affected.
REC-001288,2025-08-19 23:09:47,"john.doe submitted a ticket: unable to access Outlook, request ID #TKT-61819 this is blocking me from completing my tasks."
REC-001289,2025-07-31 03:13:47,"Need urgent help with unable to access SAP, request ID #TKT-45187 this has been happening since yesterday."
REC-001290,2025-09-23 16:52:47,User youssef.t reported: the printer at datacenter is not working again this is blocking me from completing my tasks.
REC-001291,2025-09-04 01:39:47,"Facing an issue where unable to access PowerPoint, request ID #TKT-75533 this has been happening since yesterday."
REC-001292,2025-08-04 13:38:47,Problem encountered: VPN connection drops every few minutes need this fixed ASAP. Contact: sarah.k
REC-001293,2025-09-09 07:47:47,Could you please check VPN connection drops every few minutes need this fixed ASAP.
REC-001294,2025-08-01 01:27:47,User sarah.k reported: the phone keeps restarting randomly need this fixed ASAP.
REC-001295,2025-07-01 20:07:47,Could you pls check the printer at branch office is not working again this is blocking me from completing my tasks.
REC-001296,2025-07-13 15:42:47,"Problem encountered: the phone keeps restarting randomly already tried restarting, no success."
REC-001297,2025-07-22 10:52:47,"Need urgent help with VPN connection drops every few minutes already tried restarting, no success."
REC-001298,2025-09-13 12:47:47,Facing an issue where the printer at floor 1 is not working again this is blocking me from completing my tasks.
REC-001299,2025-06-27 08:06:47,"Need urgent help with unable to access Jira, request ID #TKT-31261 colleagues on remote also affected."
REC-001300,2025-07-15 21:42:47,Need urgent help with the laptop keeps restarting randomly this has been happening since yesterday.
REC-001301,2025-08-11 10:44:47,"Need urgent help with unable to access Word, request ID #TKT-73303 colleagues on remote also affected."
REC-001302,2025-08-30 03:58:47,"ahmed.h submitted a ticket: performance on OneDrive is extremely slow already tried restarting, no success."
REC-001303,2025-09-22 13:38:47,Facing an issue where VPN connection drops every few minutes please reset password. Contact: paul.r
REC-001304,2025-09-05 23:36:47,Need urgent help with performance on Teams is extremely slow pls reset password. Contact: nina.b
REC-001305,2025-08-16 07:03:47,"Need urgent help with unable to access Slack, request ID #TKT-69862 this has been happening since yesterday."
REC-001306,2025-09-10 10:23:47,I'm having trouble with VPN connection drops every few minutes this is blocking me from completing my tasks.
REC-001307,2025-09-19 10:18:47,"User david.p reported: unable to access SAP, request ID #TKT-28631 this is blocking me from completing my tasks."
REC-001308,2025-09-07 22:49:47,"Problem encountered: the printer at floor 1 is not working again already tried restarting, no success. Contact: li.chen"
REC-001309,2025-09-17 10:52:47,li.chen submitted a ticket: the desktop keeps restarting randomly this has been happening since yesterday.
REC-001310,2025-08-29 03:23:47,I'm having trouble with vpn connection drops every few minutes please unlock account.
REC-001311,2025-07-08 23:50:47,"Problem encountered: SharePoint refuses to start after update already tried restarting, no success."
REC-001312,2025-09-01 20:07:47,Problem encountered: the printer at floor 1 is not working again colleagues on floor 1 also affected.
REC-001313,2025-07-31 16:24:47,Request for support regarding the laptop keeps restarting randomly this has been happening since yesterday.
REC-001314,2025-06-25 15:36:47,Could you please check the printer at floor 3 is not working again colleagues on floor 3 also affected.
REC-001315,2025-08-14 21:54:47,User emma.w reported: my tablet at lab room showing unknown host colleagues on lab room also affected.
REC-001316,2025-07-13 21:22:47,Facing an issue where can't log in to SharePoint causing delays in project work.
REC-001317,2025-07-31 06:09:47,Facing an issue where performance on Word is extremely slow this is blocking me from completing my tasks.
REC-001318,2025-07-05 01:40:47,Nina.b submitted a ticket: the server keeps restarting randomly pls upgrade ram. contact: emma.w
REC-001319,2025-06-27 11:28:47,"David.p submitted a ticket: unable to access chrome, request id #tkt-80835 causing delays in project work."
REC-001320,2025-09-08 14:07:47,sofia.g submitted a ticket: can't log in to SharePoint please upgrade RAM.
REC-001321,2025-07-19 14:12:47,I'm having trouble with VPN connection drops every few minutes this has been happening since yesterday. Contact: ahmed.h
REC-001322,2025-09-23 14:25:47,"hannah.j submitted a ticket: unable to access SharePoint, request ID #TKT-99571 this is blocking me from completing my tasks."
REC-001323,2025-07-29 07:44:47,"Problem encountered: unable to access Outlook, request ID #TKT-82521 this has been happening since yesterday."
REC-001324,2025-07-30 13:04:47,"Problem encountered: VPN connection drops every few minutes already tried restarting, no success. Contact: olivia.m"
REC-001325,2025-09-22 00:31:47,"User nina.b reported: my desktop at branch office showing printer jam already tried restarting, no success."
REC-001326,2025-07-06 00:51:47,Problem encountered: VPN connection drops every few minutes need this fixed ASAP.
REC-001327,2025-08-05 13:53:47,"Facing an issue where Excel refuses to start after update already tried restarting, no success."
REC-001328,2025-07-20 18:41:47,Request for support regarding VPN connection drops every few minutes need this fixed ASAP. Contact: emma.w
REC-001329,2025-09-23 21:10:47,"george.t submitted a ticket: unable to access Word, request ID #TKT-21919 need this fixed ASAP."
REC-001330,2025-07-20 05:25:47,I'm having trouble with the printer at branch office is not working again causing delays in project work. contact: hannah.j
REC-001331,2025-09-23 03:05:47,Problem encountered: performance on chrome is extremely slow this is blocking me from completing my tasks. contact: alex.b
REC-001332,2025-08-03 12:45:47,"User nina.b reported: my workstation at floor 1 showing unknown host already tried restarting, no success."
REC-001333,2025-09-09 23:59:47,Problem encountered: my tablet at floor 2 showing access denied please install VPN client. Contact: alex.b
REC-001334,2025-08-12 22:03:47,User alex.b reported: VPN connection drops every few minutes this has been happening since yesterday.
REC-001335,2025-09-12 11:11:47,I'm having trouble with the printer at datacenter is not working again this is blocking me from completing my tasks.
REC-001336,2025-07-28 01:51:47,Could you please check VPN connection drops every few minutes causing delays in project work.
REC-001337,2025-08-11 00:37:47,"Could you please check can't log in to Excel already tried restarting, no success. Contact: alex.b"
REC-001338,2025-09-12 14:06:47,"I'm having trouble with unable to access PowerPoint, request ID #TKT-68066 already tried restarting, no success."
REC-001339,2025-09-14 14:12:47,Nina.b submitted a ticket: vpn connection drops every few minutes pls fix wifi. contact: emma.w
REC-001340,2025-07-15 10:08:47,User khaled.a reported: performance on slack is extremely slow this is blocking me from completing my tasks. contact: sofia.g
REC-001341,2025-08-26 00:05:47,Facing an issue where my server at floor 2 showing blue screen this has been happening since yesterday.
REC-001342,2025-07-06 14:28:47,"Problem encountered: unable to access Zoom, request ID #TKT-65400 please setup new email account."
REC-001343,2025-08-04 20:44:47,"Problem encountered: unable to access zoom, request id #tkt-83682 causing delays in project work."
REC-001344,2025-07-18 16:47:47,Facing an issue where vpn connection drops every few minutes need this fixed asap. contact: hannah.j
REC-001345,2025-08-24 14:14:47,alex.b submitted a ticket: the server keeps restarting randomly this has been happening since yesterday. Contact: emma.w
REC-001346,2025-08-22 03:38:47,Request for support regarding VPN connection drops every few minutes colleagues on remote also affected.
REC-001347,2025-08-21 13:44:47,Request for support regarding performance on Excel is extremely slow need this fixed ASAP.
REC-001348,2025-07-13 03:04:47,"maria.l submitted a ticket: unable to access SharePoint, request ID #TKT-95335 this is blocking me from completing my tasks."
REC-001349,2025-08-31 04:29:47,"Request for support regarding unable to access Teams, request ID #TKT-27429 already tried restarting, no success."
REC-001350,2025-08-17 06:04:47,"Could you please check unable to access slack, request id #tkt-33364 please unlock account."
REC-001351,2025-08-02 17:20:47,I'm having trouble with the workstation keeps restarting randomly please install Adobe Acrobat.
REC-001352,2025-08-23 01:55:47,Request for support regarding the printer at floor 1 is not working again please grant access to shared drive. Contact: khaled.a
REC-001353,2025-08-25 12:29:47,Request for support regarding vpn connection drops every few minutes this is blocking me from completing my tasks. contact: ahmed.h
REC-001354,2025-09-13 00:58:47,"Could you please check can't log in to SAP already tried restarting, no success. Contact: sarah.k"
REC-001355,2025-08-11 21:10:47,Need urgent help with VPN connection drops every few minutes need this fixed ASAP.
REC-001356,2025-08-20 20:41:47,Problem encountered: performance on Excel is extremely slow causing delays in project work. Contact: sarah.k
REC-001357,2025-08-18 23:02:47,Facing an issue where performance on Teams is extremely slow causing delays in project work.
REC-001358,2025-08-09 03:30:47,john.doe submitted a ticket: VPN connection drops every few minutes causing delays in project work. Contact: sofia.g
REC-001359,2025-06-28 08:19:47,Need urgent help with my workstation at HQ showing printer jam please reset password.
REC-001360,2025-08-15 07:23:47,Request for support regarding performance on Outlook is extremely slow this is blocking me from completing my tasks.
REC-001361,2025-08-21 22:36:47,I'm having trouble with can't log in to Jira colleagues on datacenter also affected. Contact: david.p
REC-001362,2025-08-11 23:24:47,Need urgent help with the printer at HQ is not working again please install VPN client.
REC-001363,2025-09-09 22:39:47,Problem encountered: word refuses to start after update causing delays in project work. contact: sarah.k
REC-001364,2025-07-14 23:39:47,"Problem encountered: unable to access Teams, request ID #TKT-71428 causing delays in project work."
REC-001365,2025-09-23 14:42:47,"Could you please check my workstation at hq showing error code 720 already tried restarting, no success. contact: maria.l"
REC-001366,2025-08-18 09:34:47,sofia.g submitted a ticket: my phone at floor 2 showing network timeout need this fixed ASAP.
REC-001367,2025-08-30 20:00:47,"Need urgent help with the printer at branch office is not working again already tried restarting, no success."
REC-001368,2025-07-21 23:21:47,Facing an issue where VPN connection drops every few minutes this is blocking me from completing my tasks. Contact: paul.r
REC-001369,2025-06-28 06:17:47,"Request for support regarding Jira refuses to start after update already tried restarting, no success."
REC-001370,2025-07-01 07:55:47,Facing an issue where can't log in to Word need this fixed ASAP.
REC-001371,2025-07-24 19:27:47,sarah.k submitted a ticket: performance on Zoom is extremely slow this has been happening since yesterday.
REC-001372,2025-07-20 13:04:47,Facing an issue where the printer at HQ is not working again this is blocking me from completing my tasks.
REC-001373,2025-07-07 17:45:47,"Could you please check unable to access Excel, request ID #TKT-55488 already tried restarting, no success."
REC-001374,2025-07-26 13:57:47,"Need urgent help with unable to access Slack, request ID #TKT-55867 already tried restarting, no success. Contact: sofia.g"
REC-001375,2025-08-18 23:23:47,Need urgent help with the phone keeps restarting randomly please fix wifi.
REC-001376,2025-07-26 09:05:47,I'm having trouble with performance on Outlook is extremely slow need this fixed ASAP.
REC-001377,2025-07-03 14:42:47,Could you pls check zoom refuses to start after update need this fixed asap.
REC-001378,2025-07-22 19:13:47,Could you please check Teams refuses to start after update causing delays in project work.
REC-001379,2025-07-18 14:36:47,Facing an issue where VPN connection drops every few minutes colleagues on training hall also affected. Contact: khaled.a
REC-001380,2025-09-05 12:40:47,User olivia.m reported: VPN connection drops every few minutes this is blocking me from completing my tasks.
REC-001381,2025-08-30 20:40:47,"I'm having trouble with the tablet keeps restarting randomly already tried restarting, no success. contact: george.t"
REC-001382,2025-07-21 07:35:47,I'm having trouble with Zoom refuses to start after update colleagues on HQ also affected. Contact: emma.w
REC-001383,2025-07-01 19:31:47,Request for support regarding zoom refuses to start after update this has been happening since yesterday.
REC-001384,2025-07-08 23:11:47,Request for support regarding performance on Chrome is extremely slow this is blocking me from completing my tasks.
REC-001385,2025-07-23 08:58:47,I'm having trouble with the printer at remote is not working again please replace keyboard. Contact: emma.w
REC-001386,2025-09-18 15:11:47,Facing an issue where the desktop keeps restarting randomly need this fixed ASAP.
REC-001387,2025-08-15 21:24:47,Request for support regarding my desktop at floor 2 showing error code 720 need this fixed ASAP.
REC-001388,2025-08-30 07:42:47,Problem encountered: can't log in to zoom this has been happening since yesterday. contact: john.doe
REC-001389,2025-08-15 02:10:47,Need urgent help with Outlook refuses to start after update this has been happening since yesterday.
REC-001390,2025-07-31 06:12:47,Facing an issue where Jira refuses to start after update pls grant access to shared drive. Contact: emma.w
REC-001391,2025-09-05 14:25:47,"User alex.b reported: the printer at training hall is not working again already tried restarting, no success."
REC-001392,2025-07-29 11:06:47,Request for support regarding the printer at floor 3 is not working again this is blocking me from completing my tasks.
REC-001393,2025-09-06 10:25:47,User olivia.m reported: the printer at datacenter is not working again need this fixed ASAP.
REC-001394,2025-07-30 17:14:47,Need urgent help with performance on SharePoint is extremely slow this has been happening since yesterday. Contact: mohamed.s
REC-001395,2025-06-26 04:28:47,Facing an issue where can't log in to Slack causing delays in project work.
REC-001396,2025-08-12 07:42:47,Problem encountered: can't log in to slack causing delays in project work.
REC-001397,2025-09-12 16:21:47,Problem encountered: the phone keeps restarting randomly this has been happening since yesterday.
REC-001398,2025-07-03 05:35:47,youssef.t submitted a ticket: the server keeps restarting randomly causing delays in project work. Contact: sofia.g
REC-001399,2025-08-21 05:22:47,Problem encountered: my tablet at datacenter showing not responding this has been happening since yesterday.
REC-001400,2025-09-07 06:10:47,"Problem encountered: the printer at branch office is not working again already tried restarting, no success."
REC-001401,2025-08-13 04:38:47,Request for support regarding the printer at branch office is not working again need this fixed asap. contact: sarah.k
REC-001402,2025-07-21 01:18:47,"Facing an issue where can't log in to outlook already tried restarting, no success."
REC-001403,2025-07-05 13:35:47,"Could you please check my phone at HQ showing not responding already tried restarting, no success."
REC-001404,2025-07-22 03:49:47,User nina.b reported: performance on Excel is extremely slow need this fixed ASAP.
REC-001405,2025-08-29 23:11:47,"Facing an issue where VPN connection drops every few minutes already tried restarting, no success. Contact: fatima.z"
REC-001406,2025-06-26 06:15:47,"Need urgent help with unable to access SAP, request ID #TKT-66192 please unlock account. Contact: paul.r"
REC-001407,2025-08-05 11:14:47,Could you please check my tablet at lab room showing access denied this is blocking me from completing my tasks. Contact: sarah.k
REC-001408,2025-07-27 07:35:47,User nina.b reported: performance on SharePoint is extremely slow this has been happening since yesterday.
REC-001409,2025-09-01 22:14:47,Problem encountered: performance on Word is extremely slow please install VPN client.
REC-001410,2025-09-03 06:33:47,Could you please check can't log in to teams this has been happening since yesterday.
REC-001411,2025-08-01 14:46:47,Request for support regarding the printer at training hall is not working again causing delays in project work. Contact: paul.r
REC-001412,2025-07-29 13:02:47,Could you please check my desktop at datacenter showing disk full please setup new email account.
REC-001413,2025-08-26 06:17:47,Could you please check can't log in to onedrive need this fixed asap.
REC-001414,2025-07-18 22:06:47,I'm having trouble with my desktop at floor 2 showing not responding causing delays in project work.
REC-001415,2025-07-19 04:31:47,Problem encountered: can't log in to Word this has been happening since yesterday.
REC-001416,2025-07-16 01:14:47,"Problem encountered: Zoom refuses to start after update already tried restarting, no success. Contact: david.p"
REC-001417,2025-07-27 21:36:47,I'm having trouble with performance on OneDrive is extremely slow please replace keyboard. Contact: li.chen
REC-001418,2025-07-11 04:42:47,"Request for support regarding my desktop at floor 2 showing network timeout already tried restarting, no success."
REC-001419,2025-07-19 06:37:47,"Request for support regarding the printer at HQ is not working again already tried restarting, no success."
REC-001420,2025-08-11 06:48:47,nina.b submitted a ticket: can't log in to Zoom this has been happening since yesterday. Contact: alex.b
REC-001421,2025-08-12 05:16:47,Need urgent help with performance on Teams is extremely slow causing delays in project work.
REC-001422,2025-09-12 11:29:47,Problem encountered: my phone at datacenter showing network timeout please install VPN client.
REC-001423,2025-09-03 00:52:47,Facing an issue where can't log in to SharePoint colleagues on floor 3 also affected. Contact: khaled.a
REC-001424,2025-08-06 20:02:47,"User li.chen reported: unable to access Zoom, request ID #TKT-67619 need this fixed ASAP. Contact: maria.l"
REC-001425,2025-09-17 01:50:47,Problem encountered: performance on PowerPoint is extremely slow this has been happening since yesterday.
REC-001426,2025-07-23 22:32:47,Could you please check SAP refuses to start after update this is blocking me from completing my tasks.
REC-001427,2025-08-25 10:24:47,"User paul.r reported: my phone at floor 1 showing network timeout already tried restarting, no success."
REC-001428,2025-09-11 19:35:47,Could you please check the printer at floor 2 is not working again this is blocking me from completing my tasks.
REC-001429,2025-07-03 15:06:47,"User emma.w reported: the printer at floor 1 is not working again already tried restarting, no success."
REC-001430,2025-08-04 12:59:47,khaled.a submitted a ticket: performance on SAP is extremely slow causing delays in project work. Contact: alex.b
REC-001431,2025-07-08 08:47:47,Need urgent help with Jira refuses to start after update please fix wifi.
REC-001432,2025-08-18 00:45:47,hannah.j submitted a ticket: the printer at remote is not working again this is blocking me from completing my tasks. Contact: youssef.t
REC-001433,2025-07-09 02:39:47,"Need urgent help with the tablet keeps restarting randomly already tried restarting, no success."
REC-001434,2025-09-06 04:45:47,Facing an issue where can't log in to Zoom this has been happening since yesterday.
REC-001435,2025-08-08 04:03:47,Problem encountered: SharePoint refuses to start after update causing delays in project work.
REC-001436,2025-09-06 19:37:47,Request for support regarding can't log in to SharePoint causing delays in project work. Contact: fatima.z
REC-001437,2025-07-05 00:16:47,paul.r submitted a ticket: the printer at branch office is not working again causing delays in project work.
REC-001438,2025-06-26 16:42:47,User li.chen reported: Jira refuses to start after update this has been happening since yesterday. Contact: li.chen
REC-001439,2025-07-16 14:42:47,Could you please check the printer at lab room is not working again need this fixed ASAP.
REC-001440,2025-08-10 07:18:47,Request for support regarding VPN connection drops every few minutes please install Adobe Acrobat. Contact: fatima.z
REC-001441,2025-07-24 17:38:47,Problem encountered: Teams refuses to start after update please grant access to shared drive.
REC-001442,2025-08-08 14:44:47,Request for support regarding VPN connection drops every few minutes this has been happening since yesterday.
REC-001443,2025-07-14 12:28:47,Need urgent help with can't log in to word this is blocking me from completing my tasks. contact: emma.w
REC-001444,2025-08-14 21:51:47,I'm having trouble with my workstation at floor 3 showing network timeout this has been happening since yesterday.
REC-001445,2025-09-10 22:09:47,Request for support regarding VPN connection drops every few minutes need this fixed ASAP.
REC-001446,2025-08-21 22:07:47,"Could you please check Excel refuses to start after update already tried restarting, no success. Contact: maria.l"
REC-001447,2025-08-28 07:12:47,Need urgent help with Excel refuses to start after update this is blocking me from completing my tasks.
REC-001448,2025-07-04 04:50:47,Request for support regarding the printer at floor 1 is not working again this is blocking me from completing my tasks.
REC-001449,2025-08-18 09:07:47,"Need urgent help with VPN connection drops every few minutes already tried restarting, no success. Contact: khaled.a"
REC-001450,2025-08-04 16:00:47,Could you please check my server at training hall showing disk full colleagues on training hall also affected.
REC-001451,2025-07-25 20:33:47,Problem encountered: VPN connection drops every few minutes causing delays in project work.
REC-001452,2025-08-22 15:44:47,Need urgent help with the printer at datacenter is not working again causing delays in project work.
REC-001453,2025-07-07 16:20:47,Need urgent help with can't log in to SharePoint pls unlock account.
REC-001454,2025-07-23 22:54:47,Need urgent help with SAP refuses to start after update colleagues on branch office also affected.
REC-001455,2025-06-30 16:50:47,Need urgent help with outlook refuses to start after update pls unlock account.
REC-001456,2025-07-11 17:26:47,Facing an issue where SAP refuses to start after update causing delays in project work.
REC-001457,2025-09-06 21:05:47,Facing an issue where the desktop keeps restarting randomly this is blocking me from completing my tasks.
REC-001458,2025-08-22 13:20:47,Problem encountered: PowerPoint refuses to start after update please grant access to shared drive.
REC-001459,2025-07-14 21:22:47,Could you please check can't log in to Excel this is blocking me from completing my tasks.
REC-001460,2025-08-01 21:34:47,Request for support regarding can't log in to Teams this is blocking me from completing my tasks.
REC-001461,2025-07-05 08:11:47,Could you please check the desktop keeps restarting randomly this has been happening since yesterday.
REC-001462,2025-08-09 13:02:47,I'm having trouble with VPN connection drops every few minutes causing delays in project work.
REC-001463,2025-07-28 14:26:47,User hannah.j reported: Teams refuses to start after update need this fixed ASAP.
REC-001464,2025-07-02 04:12:47,"Problem encountered: can't log in to Zoom already tried restarting, no success."
REC-001465,2025-07-03 06:54:47,User nina.b reported: the tablet keeps restarting randomly causing delays in project work.
REC-001466,2025-08-03 12:39:47,"Problem encountered: unable to access outlook, request id #tkt-70363 need this fixed asap."
REC-001467,2025-07-07 20:06:47,"Facing an issue where unable to access PowerPoint, request ID #TKT-75044 this is blocking me from completing my tasks."
REC-001468,2025-07-15 21:08:47,Facing an issue where the laptop keeps restarting randomly please install VPN client.
REC-001469,2025-07-06 05:05:47,sarah.k submitted a ticket: my tablet at lab room showing not responding this has been happening since yesterday. Contact: john.doe
REC-001470,2025-08-24 03:35:47,"Need urgent help with Excel refuses to start after update already tried restarting, no success. Contact: paul.r"
REC-001471,2025-07-07 01:27:47,david.p submitted a ticket: can't log in to Jira causing delays in project work.
REC-001472,2025-07-18 12:56:47,Request for support regarding can't log in to SharePoint causing delays in project work. Contact: george.t
REC-001473,2025-08-23 17:41:47,Problem encountered: the tablet keeps restarting randomly please install Adobe Acrobat.
REC-001474,2025-08-04 15:27:47,"Facing an issue where unable to access Outlook, request ID #TKT-27526 this has been happening since yesterday."
REC-001475,2025-07-19 05:00:47,"I'm having trouble with the laptop keeps restarting randomly already tried restarting, no success."
REC-001476,2025-08-09 11:15:47,"Request for support regarding can't log in to SharePoint already tried restarting, no success."
REC-001477,2025-07-18 06:01:47,khaled.a submitted a ticket: my desktop at branch office showing error code 720 please replace keyboard.
REC-001478,2025-08-17 08:49:47,Request for support regarding the printer at floor 3 is not working again causing delays in project work.
REC-001479,2025-09-07 20:16:47,User nina.b reported: Outlook refuses to start after update colleagues on branch office also affected. Contact: alex.b
REC-001480,2025-08-21 00:24:47,Need urgent help with vpn connection drops every few minutes this has been happening since yesterday.
REC-001481,2025-07-31 12:57:47,I'm having trouble with Zoom refuses to start after update colleagues on remote also affected.
REC-001482,2025-06-30 02:44:47,Problem encountered: OneDrive refuses to start after update colleagues on lab room also affected.
REC-001483,2025-08-18 10:38:47,Request for support regarding Word refuses to start after update need this fixed ASAP.
REC-001484,2025-08-17 12:05:47,User mohamed.s reported: my server at datacenter showing access denied this is blocking me from completing my tasks. Contact: fatima.z
REC-001485,2025-07-23 19:27:47,Facing an issue where can't log in to Outlook causing delays in project work.
REC-001486,2025-09-04 11:14:47,Request for support regarding can't log in to OneDrive pls replace keyboard.
REC-001487,2025-07-13 03:37:47,User youssef.t reported: VPN connection drops every few minutes causing delays in project work.
REC-001488,2025-07-27 03:51:47,fatima.z submitted a ticket: Excel refuses to start after update please setup new email account.
REC-001489,2025-07-25 16:38:47,I'm having trouble with can't log in to Slack colleagues on remote also affected. Contact: li.chen
REC-001490,2025-09-17 06:08:47,Need urgent help with the tablet keeps restarting randomly causing delays in project work. Contact: george.t
REC-001491,2025-07-12 19:29:47,I'm having trouble with the phone keeps restarting randomly please setup new email account.
REC-001492,2025-08-19 12:10:47,User mohamed.s reported: can't log in to Outlook this has been happening since yesterday.
REC-001493,2025-08-31 13:54:47,Facing an issue where performance on SAP is extremely slow pls fix wifi.
REC-001494,2025-08-03 13:46:47,"Problem encountered: performance on Zoom is extremely slow already tried restarting, no success. Contact: david.p"
REC-001495,2025-08-22 02:52:47,Need urgent help with performance on Chrome is extremely slow this is blocking me from completing my tasks.
REC-001496,2025-08-10 00:09:47,Problem encountered: performance on Jira is extremely slow colleagues on training hall also affected.
REC-001497,2025-06-27 20:41:47,Request for support regarding Outlook refuses to start after update this is blocking me from completing my tasks.
REC-001498,2025-09-01 05:36:47,User david.p reported: the printer at remote is not working again this has been happening since yesterday.
REC-001499,2025-07-26 07:54:47,"fatima.z submitted a ticket: VPN connection drops every few minutes already tried restarting, no success."
REC-001500,2025-08-30 20:21:47,ahmed.h submitted a ticket: Slack refuses to start after update causing delays in project work.
REC-001501,2025-08-11 16:42:47,"Could you please check the printer at floor 1 is not working again already tried restarting, no success."
REC-001502,2025-07-28 17:28:47,"User alex.b reported: unable to access Slack, request ID #TKT-48375 need this fixed ASAP. Contact: paul.r"
REC-001503,2025-09-10 04:15:47,Facing an issue where vpn connection drops every few minutes this has been happening since yesterday. contact: sofia.g
REC-001504,2025-07-23 04:18:47,Facing an issue where PowerPoint refuses to start after update please fix wifi.
REC-001505,2025-07-05 08:48:47,"Need urgent help with the desktop keeps restarting randomly already tried restarting, no success."
REC-001506,2025-06-30 05:45:47,Request for support regarding can't log in to Slack please grant access to shared drive. Contact: youssef.t
REC-001507,2025-09-18 21:03:47,User sarah.k reported: the phone keeps restarting randomly need this fixed ASAP.
REC-001508,2025-08-31 02:13:47,Need urgent help with can't log in to slack this is blocking me from completing my tasks.
REC-001509,2025-07-12 13:49:47,Facing an issue where the printer at HQ is not working again causing delays in project work. Contact: fatima.z
REC-001510,2025-08-13 20:37:47,"User paul.r reported: the desktop keeps restarting randomly already tried restarting, no success. Contact: mohamed.s"
REC-001511,2025-08-03 22:59:47,Could you please check VPN connection drops every few minutes please grant access to shared drive.
REC-001512,2025-09-08 12:10:47,Need urgent help with VPN connection drops every few minutes please unlock account.
REC-001513,2025-07-27 10:42:47,"Problem encountered: performance on OneDrive is extremely slow already tried restarting, no success."
REC-001514,2025-07-12 15:07:47,Could you please check vpn connection drops every few minutes need this fixed asap. contact: david.p
REC-001515,2025-07-23 23:01:47,Problem encountered: performance on Jira is extremely slow this has been happening since yesterday. Contact: paul.r
REC-001516,2025-07-25 13:07:47,ahmed.h submitted a ticket: can't log in to Outlook this is blocking me from completing my tasks.
REC-001517,2025-07-09 22:31:47,I'm having trouble with Word refuses to start after update need this fixed ASAP. Contact: mohamed.s
REC-001518,2025-09-14 07:17:47,"Need urgent help with unable to access Word, request ID #TKT-59917 this has been happening since yesterday."
REC-001519,2025-08-29 20:59:47,Facing an issue where onedrive refuses to start after update colleagues on branch office also affected. contact: fatima.z
REC-001520,2025-09-05 17:40:47,"User ahmed.h reported: unable to access chrome, request id #tkt-41169 please fix wifi."
REC-001521,2025-08-24 18:56:47,Need urgent help with VPN connection drops every few minutes this is blocking me from completing my tasks.
REC-001522,2025-09-11 04:43:47,Problem encountered: the printer at floor 3 is not working again causing delays in project work.
REC-001523,2025-07-31 00:06:47,User emma.w reported: the laptop keeps restarting randomly this has been happening since yesterday. Contact: mohamed.s
REC-001524,2025-08-13 13:08:47,User li.chen reported: the printer at lab room is not working again colleagues on lab room also affected.
REC-001525,2025-08-13 03:28:47,I'm having trouble with my server at training hall showing network timeout please replace keyboard.
REC-001526,2025-06-25 07:58:47,Need urgent help with my workstation at floor 2 showing blue screen please install Adobe Acrobat. Contact: ahmed.h
REC-001527,2025-07-02 04:37:47,Need urgent help with word refuses to start after update this has been happening since yesterday.
REC-001528,2025-07-27 08:22:47,Facing an issue where the phone keeps restarting randomly this is blocking me from completing my tasks. contact: john.doe
REC-001529,2025-07-22 18:35:47,Facing an issue where the printer at floor 2 is not working again colleagues on floor 2 also affected.
REC-001530,2025-07-16 19:34:47,Facing an issue where the printer at floor 1 is not working again please fix wifi.
REC-001531,2025-07-27 16:01:47,Request for support regarding vpn connection drops every few minutes need this fixed asap.
REC-001532,2025-09-08 03:00:47,"Problem encountered: VPN connection drops every few minutes already tried restarting, no success."
REC-001533,2025-09-11 12:07:47,"Problem encountered: the tablet keeps restarting randomly already tried restarting, no success."
REC-001534,2025-09-18 10:09:47,I'm having trouble with the printer at floor 3 is not working again please install Adobe Acrobat.
REC-001535,2025-09-15 07:55:47,"I'm having trouble with unable to access Slack, request ID #TKT-24573 causing delays in project work."
REC-001536,2025-08-05 21:41:47,Problem encountered: my workstation at lab room showing printer jam need this fixed ASAP. Contact: olivia.m
REC-001537,2025-08-02 21:31:47,sofia.g submitted a ticket: can't log in to Excel need this fixed ASAP. Contact: paul.r
REC-001538,2025-07-29 02:23:47,Khaled.a submitted a ticket: the printer at hq is not working again this is blocking me from completing my tasks. contact: john.doe
REC-001539,2025-08-13 04:16:47,hannah.j submitted a ticket: the printer at floor 2 is not working again need this fixed ASAP. Contact: fatima.z
REC-001540,2025-07-14 21:36:47,"Could you please check unable to access PowerPoint, request ID #TKT-65903 please setup new email account."
REC-001541,2025-08-07 08:30:47,"I'm having trouble with can't log in to Jira already tried restarting, no success."
REC-001542,2025-08-12 18:49:47,Need urgent help with can't log in to PowerPoint colleagues on floor 2 also affected. Contact: fatima.z
REC-001543,2025-09-16 09:13:47,Problem encountered: the tablet keeps restarting randomly this is blocking me from completing my tasks.
REC-001544,2025-07-04 01:21:47,"Request for support regarding unable to access Jira, request ID #TKT-14923 causing delays in project work."
REC-001545,2025-07-14 16:48:47,"I'm having trouble with can't log in to SharePoint already tried restarting, no success."
REC-001546,2025-08-01 20:28:47,hannah.j submitted a ticket: performance on Zoom is extremely slow please grant access to shared drive.
REC-001547,2025-08-18 04:41:47,I'm having trouble with the printer at training hall is not working again colleagues on training hall also affected. Contact: youssef.t
REC-001548,2025-07-21 00:47:47,User olivia.m reported: vpn connection drops every few minutes pls setup new email account.
REC-001549,2025-07-15 08:40:47,Could you please check VPN connection drops every few minutes causing delays in project work. Contact: youssef.t
REC-001550,2025-08-22 12:13:47,"Problem encountered: unable to access zoom, request id #tkt-33076 please replace keyboard."
REC-001551,2025-09-13 22:11:47,Request for support regarding the server keeps restarting randomly colleagues on floor 2 also affected.
REC-001552,2025-08-13 22:52:47,Need urgent help with VPN connection drops every few minutes colleagues on branch office also affected.
REC-001553,2025-08-14 12:59:47,User maria.l reported: can't log in to zoom this has been happening since yesterday.
REC-001554,2025-09-23 19:46:47,Request for support regarding performance on SharePoint is extremely slow this has been happening since yesterday.
REC-001555,2025-09-21 22:52:47,youssef.t submitted a ticket: Word refuses to start after update need this fixed ASAP.
REC-001556,2025-09-09 12:15:47,Problem encountered: vpn connection drops every few minutes please install adobe acrobat. contact: david.p
REC-001557,2025-08-14 11:22:47,Facing an issue where Chrome refuses to start after update colleagues on branch office also affected.
REC-001558,2025-07-22 00:59:47,khaled.a submitted a ticket: can't log in to SAP causing delays in project work.
REC-001559,2025-08-10 12:37:47,Could you pls check vpn connection drops every few minutes pls upgrade ram. contact: sofia.g
REC-001560,2025-08-05 12:14:47,Need urgent help with can't log in to Chrome causing delays in project work.
REC-001561,2025-07-22 03:10:47,Problem encountered: can't log in to OneDrive need this fixed ASAP.
REC-001562,2025-07-20 13:43:47,"Need urgent help with unable to access SharePoint, request ID #TKT-56543 colleagues on lab room also affected."
REC-001563,2025-07-15 00:34:47,"I'm having trouble with performance on Jira is extremely slow already tried restarting, no success."
REC-001564,2025-07-19 03:47:47,Could you please check can't log in to OneDrive need this fixed ASAP. Contact: youssef.t
REC-001565,2025-07-15 08:07:47,"Could you pls check unable to access PowerPoint, request ID #TKT-96834 causing delays in project work."
REC-001566,2025-07-28 17:29:47,Could you please check performance on Outlook is extremely slow this has been happening since yesterday. Contact: george.t
REC-001567,2025-08-31 13:24:47,Request for support regarding the server keeps restarting randomly need this fixed ASAP.
REC-001568,2025-08-31 11:51:47,"User fatima.z reported: unable to access Slack, request ID #TKT-40276 please replace keyboard. Contact: david.p"
REC-001569,2025-07-10 22:15:47,User fatima.z reported: chrome refuses to start after update this has been happening since yesterday. contact: fatima.z
REC-001570,2025-07-14 12:19:47,Problem encountered: my tablet at datacenter showing access denied this has been happening since yesterday.
REC-001571,2025-09-12 23:36:47,I'm having trouble with the server keeps restarting randomly this has been happening since yesterday.
REC-001572,2025-07-05 22:46:47,"Request for support regarding performance on SharePoint is extremely slow already tried restarting, no success."
REC-001573,2025-09-21 06:08:47,I'm having trouble with can't log in to Outlook this has been happening since yesterday. Contact: paul.r
REC-001574,2025-09-05 22:38:47,li.chen submitted a ticket: Jira refuses to start after update this is blocking me from completing my tasks.
REC-001575,2025-09-08 12:51:47,Emma.w submitted a ticket: the tablet keeps restarting randomly causing delays in project work.
REC-001576,2025-08-14 21:25:47,Request for support regarding VPN connection drops every few minutes this is blocking me from completing my tasks. Contact: george.t
REC-001577,2025-09-15 16:13:47,Request for support regarding performance on PowerPoint is extremely slow please install Adobe Acrobat.
REC-001578,2025-06-27 20:35:47,"I'm having trouble with the printer at remote is not working again already tried restarting, no success."
REC-001579,2025-09-23 21:19:47,Request for support regarding the printer at floor 1 is not working again please replace keyboard.
REC-001580,2025-07-15 02:01:47,"david.p submitted a ticket: VPN connection drops every few minutes already tried restarting, no success."
REC-001581,2025-08-10 00:09:47,User mohamed.s reported: my tablet at training hall showing not responding please grant access to shared drive.
REC-001582,2025-07-24 23:04:47,Facing an issue where can't log in to OneDrive this is blocking me from completing my tasks.
REC-001583,2025-09-03 14:06:47,Could you please check my laptop at floor 1 showing not responding need this fixed ASAP. Contact: ahmed.h
REC-001584,2025-08-11 11:02:47,Request for support regarding my workstation at lab room showing printer jam please grant access to shared drive.
REC-001585,2025-07-13 15:12:47,Could you please check the phone keeps restarting randomly colleagues on floor 1 also affected. contact: nina.b
REC-001586,2025-07-03 15:45:47,Need urgent help with the printer at floor 1 is not working again this is blocking me from completing my tasks. contact: sarah.k
REC-001587,2025-08-22 04:20:47,"User david.p reported: VPN connection drops every few minutes already tried restarting, no success."
REC-001588,2025-07-09 12:53:47,"Facing an issue where unable to access sharepoint, request id #tkt-26792 this is blocking me from completing my tasks."
REC-001589,2025-09-12 10:34:47,Problem encountered: the printer at remote is not working again please grant access to shared drive.
REC-001590,2025-09-03 18:41:47,Facing an issue where SharePoint refuses to start after update need this fixed ASAP.
REC-001591,2025-08-27 04:50:47,Facing an issue where performance on Outlook is extremely slow this has been happening since yesterday. Contact: hannah.j
REC-001592,2025-09-20 05:46:47,Need urgent help with performance on Word is extremely slow this has been happening since yesterday.
REC-001593,2025-07-03 13:46:47,"Problem encountered: unable to access OneDrive, request ID #TKT-44822 this is blocking me from completing my tasks."
REC-001594,2025-07-12 16:29:47,Need urgent help with performance on word is extremely slow this is blocking me from completing my tasks.
REC-001595,2025-07-09 04:55:47,Request for support regarding can't log in to SAP please grant access to shared drive. Contact: emma.w
REC-001596,2025-08-13 12:12:47,Facing an issue where VPN connection drops every few minutes pls install VPN client. Contact: paul.r
REC-001597,2025-09-19 23:18:47,Need urgent help with my tablet at floor 2 showing blue screen this has been happening since yesterday.
REC-001598,2025-06-27 05:20:47,Need urgent help with performance on Chrome is extremely slow need this fixed ASAP.
REC-001599,2025-09-04 22:57:47,"Problem encountered: unable to access Chrome, request ID #TKT-65912 please grant access to shared drive."
REC-001600,2025-08-28 11:56:47,Could you please check my phone at floor 1 showing access denied colleagues on floor 1 also affected.
REC-001601,2025-09-13 14:37:47,Could you pls check Jira refuses to start after update pls upgrade RAM.
REC-001602,2025-08-22 15:00:47,Could you please check my laptop at floor 1 showing not responding need this fixed ASAP.
REC-001603,2025-07-16 03:57:47,Could you pls check the workstation keeps restarting randomly colleagues on HQ also affected. Contact: sofia.g
REC-001604,2025-08-22 23:02:47,"I'm having trouble with unable to access SharePoint, request ID #TKT-53475 this has been happening since yesterday. Contact: sarah.k"
REC-001605,2025-07-28 11:05:47,Could you please check my laptop at floor 3 showing unknown host need this fixed ASAP.
REC-001606,2025-07-06 06:21:47,Problem encountered: can't log in to Teams colleagues on HQ also affected.
REC-001607,2025-07-06 23:11:47,Need urgent help with can't log in to Jira need this fixed ASAP.
REC-001608,2025-08-19 21:17:47,"Problem encountered: unable to access Slack, request ID #TKT-54296 colleagues on floor 2 also affected."
REC-001609,2025-08-01 13:42:47,Need urgent help with the printer at HQ is not working again please upgrade RAM. Contact: maria.l
REC-001610,2025-07-25 07:46:47,User youssef.t reported: SharePoint refuses to start after update need this fixed ASAP.
REC-001611,2025-07-25 06:48:47,Need urgent help with the desktop keeps restarting randomly causing delays in project work. contact: youssef.t
REC-001612,2025-07-04 21:05:47,Request for support regarding performance on excel is extremely slow need this fixed asap.
REC-001613,2025-08-07 18:15:47,Facing an issue where the printer at lab room is not working again please install VPN client. Contact: alex.b
REC-001614,2025-08-06 08:36:47,Problem encountered: the printer at datacenter is not working again colleagues on datacenter also affected.
REC-001615,2025-07-03 00:39:47,User alex.b reported: the server keeps restarting randomly this is blocking me from completing my tasks.
REC-001616,2025-09-19 06:36:47,Request for support regarding the printer at HQ is not working again colleagues on HQ also affected.
REC-001617,2025-08-19 16:23:47,"Could you please check performance on Chrome is extremely slow already tried restarting, no success."
REC-001618,2025-09-09 20:38:47,Request for support regarding can't log in to OneDrive need this fixed ASAP.
REC-001619,2025-08-22 00:35:47,Need urgent help with performance on OneDrive is extremely slow please upgrade RAM.
REC-001620,2025-07-27 11:47:47,Problem encountered: PowerPoint refuses to start after update this has been happening since yesterday.
REC-001621,2025-09-21 18:07:47,Need urgent help with can't log in to Zoom this has been happening since yesterday.
REC-001622,2025-07-28 19:37:47,I'm having trouble with the tablet keeps restarting randomly need this fixed asap.
REC-001623,2025-06-25 19:05:47,"I'm having trouble with unable to access PowerPoint, request ID #TKT-47434 please upgrade RAM. Contact: alex.b"
REC-001624,2025-07-07 03:39:47,sofia.g submitted a ticket: performance on Excel is extremely slow colleagues on training hall also affected.
REC-001625,2025-09-11 23:20:47,"Facing an issue where performance on Teams is extremely slow already tried restarting, no success. Contact: ahmed.h"
REC-001626,2025-08-28 17:32:47,"Request for support regarding the printer at datacenter is not working again already tried restarting, no success."
REC-001627,2025-08-11 06:52:47,Could you pls check performance on excel is extremely slow colleagues on datacenter also affected. contact: emma.w
REC-001628,2025-07-19 18:22:47,Problem encountered: my laptop at floor 2 showing blue screen please replace keyboard.
REC-001629,2025-08-17 22:59:47,"Need urgent help with unable to access Word, request ID #TKT-75969 please install Adobe Acrobat."
REC-001630,2025-06-29 06:30:47,Need urgent help with performance on Chrome is extremely slow this has been happening since yesterday.
REC-001631,2025-07-07 06:49:47,Request for support regarding can't log in to Slack please fix wifi.
REC-001632,2025-07-21 00:26:47,Request for support regarding the desktop keeps restarting randomly this is blocking me from completing my tasks.
REC-001633,2025-08-07 05:27:47,Could you please check performance on SAP is extremely slow this is blocking me from completing my tasks. Contact: youssef.t
REC-001634,2025-09-13 18:22:47,Could you please check my laptop at lab room showing blue screen colleagues on lab room also affected.
REC-001635,2025-07-22 11:08:47,User paul.r reported: VPN connection drops every few minutes need this fixed ASAP.
REC-001636,2025-09-20 22:32:47,Request for support regarding Outlook refuses to start after update causing delays in project work.
REC-001637,2025-07-16 04:50:47,Request for support regarding performance on Word is extremely slow causing delays in project work.
REC-001638,2025-08-08 07:22:47,Could you please check performance on Word is extremely slow please upgrade RAM.
REC-001639,2025-07-03 15:28:47,Need urgent help with VPN connection drops every few minutes this has been happening since yesterday.
REC-001640,2025-09-10 04:32:47,Need urgent help with VPN connection drops every few minutes this is blocking me from completing my tasks.
REC-001641,2025-08-15 21:52:47,"Problem encountered: unable to access Word, request ID #TKT-69514 please reset password."
REC-001642,2025-09-19 15:49:47,"Facing an issue where my desktop at branch office showing disk full already tried restarting, no success."
REC-001643,2025-08-07 03:00:47,Facing an issue where the printer at branch office is not working again need this fixed ASAP.
REC-001644,2025-08-10 21:01:47,Could you please check the printer at floor 2 is not working again causing delays in project work.
REC-001645,2025-07-06 15:08:47,Facing an issue where performance on onedrive is extremely slow this is blocking me from completing my tasks.
REC-001646,2025-08-24 19:06:47,"User john.doe reported: the printer at lab room is not working again already tried restarting, no success."
REC-001647,2025-07-29 18:43:47,Problem encountered: can't log in to OneDrive this is blocking me from completing my tasks. Contact: sarah.k
REC-001648,2025-06-29 16:43:47,Problem encountered: OneDrive refuses to start after update please install VPN client.
REC-001649,2025-07-20 23:01:47,"ahmed.h submitted a ticket: my server at floor 3 showing printer jam already tried restarting, no success."
REC-001650,2025-07-27 12:29:47,"Need urgent help with unable to access SAP, request ID #TKT-32311 please unlock account."
REC-001651,2025-08-01 06:25:47,"Need urgent help with unable to access zoom, request id #tkt-48808 this has been happening since yesterday."
REC-001652,2025-06-30 09:53:47,Facing an issue where the printer at HQ is not working again this is blocking me from completing my tasks.
REC-001653,2025-08-04 19:16:47,"Could you pls check unable to access OneDrive, request ID #TKT-49730 need this fixed ASAP."
REC-001654,2025-07-09 04:52:47,I'm having trouble with the workstation keeps restarting randomly causing delays in project work.
REC-001655,2025-08-29 18:10:47,Facing an issue where the printer at floor 2 is not working again colleagues on floor 2 also affected.
REC-001656,2025-07-08 13:45:47,Need urgent help with performance on Teams is extremely slow this has been happening since yesterday.
REC-001657,2025-07-25 23:45:47,Need urgent help with can't log in to SAP this has been happening since yesterday.
REC-001658,2025-07-12 15:11:47,Could you please check VPN connection drops every few minutes this is blocking me from completing my tasks. Contact: fatima.z
REC-001659,2025-06-25 14:52:47,"User hannah.j reported: unable to access Zoom, request ID #TKT-63923 colleagues on lab room also affected. Contact: khaled.a"
REC-001660,2025-08-25 11:04:47,george.t submitted a ticket: performance on Slack is extremely slow causing delays in project work.
REC-001661,2025-07-10 19:52:47,Request for support regarding my server at floor 3 showing network timeout please reset password.
REC-001662,2025-08-20 21:56:47,Sofia.g submitted a ticket: performance on powerpoint is extremely slow this has been happening since yesterday. contact: paul.r
REC-001663,2025-09-16 20:03:47,User david.p reported: my phone at branch office showing not responding causing delays in project work.
REC-001664,2025-09-03 00:32:47,"Request for support regarding performance on SharePoint is extremely slow already tried restarting, no success."
REC-001665,2025-08-09 23:39:47,"Problem encountered: unable to access Jira, request ID #TKT-63170 causing delays in project work. Contact: hannah.j"
REC-001666,2025-07-31 23:52:47,User youssef.t reported: the workstation keeps restarting randomly please install Adobe Acrobat.
REC-001667,2025-08-05 02:45:47,Problem encountered: performance on sap is extremely slow need this fixed asap.
REC-001668,2025-07-12 08:25:47,"Request for support regarding unable to access Slack, request ID #TKT-73812 causing delays in project work."
REC-001669,2025-09-22 03:33:47,Request for support regarding my server at training hall showing disk full causing delays in project work.
REC-001670,2025-07-09 08:55:47,ahmed.h submitted a ticket: Jira refuses to start after update need this fixed ASAP. Contact: olivia.m
REC-001671,2025-09-20 13:46:47,I'm having trouble with can't log in to Slack please reset password. Contact: li.chen
REC-001672,2025-09-21 11:32:47,Request for support regarding my laptop at floor 1 showing network timeout causing delays in project work. Contact: sarah.k
REC-001673,2025-09-07 19:24:47,"Problem encountered: performance on OneDrive is extremely slow already tried restarting, no success. Contact: emma.w"
REC-001674,2025-06-30 21:17:47,Need urgent help with can't log in to Slack colleagues on lab room also affected. Contact: alex.b
REC-001675,2025-07-15 03:30:47,"User khaled.a reported: unable to access SAP, request ID #TKT-94374 please grant access to shared drive."
REC-001676,2025-09-09 05:59:47,Need urgent help with the printer at training hall is not working again this has been happening since yesterday.
REC-001677,2025-08-11 00:26:47,Request for support regarding my tablet at remote showing error code 720 need this fixed asap.
REC-001678,2025-06-30 06:43:47,Facing an issue where the phone keeps restarting randomly this is blocking me from completing my tasks.
REC-001679,2025-08-04 14:46:47,I'm having trouble with the workstation keeps restarting randomly colleagues on floor 1 also affected.
REC-001680,2025-09-04 19:08:47,Request for support regarding the desktop keeps restarting randomly colleagues on HQ also affected.
REC-001681,2025-09-09 09:28:47,I'm having trouble with the printer at floor 2 is not working again colleagues on floor 2 also affected. Contact: alex.b
REC-001682,2025-09-03 23:55:47,"Problem encountered: VPN connection drops every few minutes already tried restarting, no success."
REC-001683,2025-09-18 07:03:47,Could you please check the server keeps restarting randomly colleagues on remote also affected.
REC-001684,2025-08-16 20:02:47,"Facing an issue where VPN connection drops every few minutes already tried restarting, no success. Contact: george.t"
REC-001685,2025-08-02 17:07:47,Request for support regarding the printer at remote is not working again this is blocking me from completing my tasks.
REC-001686,2025-08-05 09:52:47,"Problem encountered: unable to access Zoom, request ID #TKT-58408 this has been happening since yesterday."
REC-001687,2025-08-27 21:06:47,User hannah.j reported: can't log in to excel need this fixed asap.
REC-001688,2025-07-28 01:55:47,Request for support regarding the server keeps restarting randomly need this fixed asap.
REC-001689,2025-07-16 15:01:47,User david.p reported: the phone keeps restarting randomly colleagues on lab room also affected. Contact: sofia.g
REC-001690,2025-09-17 19:47:47,"Problem encountered: unable to access PowerPoint, request ID #TKT-31379 this has been happening since yesterday."
REC-001691,2025-09-15 04:30:47,Need urgent help with the printer at remote is not working again please install VPN client. Contact: nina.b
REC-001692,2025-09-09 00:59:47,Need urgent help with the printer at branch office is not working again this is blocking me from completing my tasks.
REC-001693,2025-09-04 05:09:47,User paul.r reported: can't log in to PowerPoint colleagues on datacenter also affected.
REC-001694,2025-06-28 05:45:47,emma.w submitted a ticket: performance on OneDrive is extremely slow need this fixed ASAP.
REC-001695,2025-09-18 11:19:47,User mohamed.s reported: vpn connection drops every few minutes this is blocking me from completing my tasks.
REC-001696,2025-07-03 15:25:47,"Request for support regarding Jira refuses to start after update already tried restarting, no success. Contact: sofia.g"
REC-001697,2025-07-15 03:46:47,Need urgent help with my phone at datacenter showing access denied need this fixed ASAP.
REC-001698,2025-08-23 15:31:47,I'm having trouble with VPN connection drops every few minutes please fix wifi.
REC-001699,2025-08-02 11:54:47,"Could you please check Slack refuses to start after update already tried restarting, no success. Contact: olivia.m"
REC-001700,2025-09-06 22:18:47,Problem encountered: vpn connection drops every few minutes colleagues on remote also affected.
REC-001701,2025-09-12 14:35:47,hannah.j submitted a ticket: Jira refuses to start after update this has been happening since yesterday.
REC-001702,2025-08-03 23:05:47,I'm having trouble with performance on OneDrive is extremely slow causing delays in project work. Contact: hannah.j
REC-001703,2025-08-19 14:56:47,Facing an issue where VPN connection drops every few minutes please upgrade RAM.
REC-001704,2025-07-24 20:47:47,"Request for support regarding unable to access SharePoint, request ID #TKT-27836 please grant access to shared drive."
REC-001705,2025-07-31 20:54:47,Facing an issue where can't log in to Chrome please setup new email account.
REC-001706,2025-09-19 18:40:47,I'm having trouble with the workstation keeps restarting randomly please install Adobe Acrobat.
REC-001707,2025-06-29 13:49:47,Need urgent help with the printer at remote is not working again need this fixed ASAP.
REC-001708,2025-09-21 14:03:47,li.chen submitted a ticket: the printer at HQ is not working again this is blocking me from completing my tasks.
REC-001709,2025-07-22 17:21:47,Facing an issue where VPN connection drops every few minutes need this fixed ASAP.
REC-001710,2025-09-18 00:25:47,I'm having trouble with PowerPoint refuses to start after update causing delays in project work. Contact: john.doe
REC-001711,2025-07-25 18:24:47,Problem encountered: the printer at HQ is not working again colleagues on HQ also affected. Contact: olivia.m
REC-001712,2025-09-07 02:53:47,Request for support regarding the server keeps restarting randomly this is blocking me from completing my tasks.
REC-001713,2025-08-26 18:52:47,"Problem encountered: unable to access Excel, request ID #TKT-72304 colleagues on datacenter also affected. Contact: emma.w"
REC-001714,2025-09-16 05:56:47,Could you please check the printer at remote is not working again colleagues on remote also affected. Contact: david.p
REC-001715,2025-07-24 09:50:47,Request for support regarding performance on Slack is extremely slow this is blocking me from completing my tasks.
REC-001716,2025-06-28 08:40:47,User george.t reported: can't log in to Slack causing delays in project work. Contact: olivia.m
REC-001717,2025-08-17 07:54:47,Problem encountered: the phone keeps restarting randomly need this fixed ASAP.
REC-001718,2025-07-17 06:14:47,"maria.l submitted a ticket: unable to access Outlook, request ID #TKT-29742 need this fixed ASAP. Contact: john.doe"
REC-001719,2025-07-28 09:24:47,"emma.w submitted a ticket: Excel refuses to start after update already tried restarting, no success. Contact: john.doe"
REC-001720,2025-09-06 10:39:47,Need urgent help with the workstation keeps restarting randomly causing delays in project work.
REC-001721,2025-08-04 05:49:47,Could you pls check the desktop keeps restarting randomly pls install vpn client.
REC-001722,2025-08-13 21:05:47,Problem encountered: performance on Word is extremely slow colleagues on branch office also affected.
REC-001723,2025-07-27 00:20:47,Could you please check the desktop keeps restarting randomly need this fixed ASAP.
REC-001724,2025-07-13 16:57:47,Problem encountered: the printer at training hall is not working again causing delays in project work.
REC-001725,2025-08-31 20:35:47,"I'm having trouble with the printer at datacenter is not working again already tried restarting, no success."
REC-001726,2025-08-03 01:42:47,"Could you please check the printer at branch office is not working again already tried restarting, no success."
REC-001727,2025-07-03 13:09:47,Request for support regarding VPN connection drops every few minutes this is blocking me from completing my tasks.
REC-001728,2025-07-08 20:58:47,"Request for support regarding unable to access zoom, request id #tkt-29761 need this fixed asap."
REC-001729,2025-07-09 17:11:47,Could you please check vpn connection drops every few minutes colleagues on floor 1 also affected.
REC-001730,2025-07-09 08:25:47,Facing an issue where the laptop keeps restarting randomly colleagues on datacenter also affected.
REC-001731,2025-07-07 23:20:47,Facing an issue where can't log in to SAP causing delays in project work.
REC-001732,2025-08-26 16:14:47,Could you pls check vpn connection drops every few minutes pls install vpn client.
REC-001733,2025-09-22 07:10:47,Problem encountered: the printer at remote is not working again please grant access to shared drive.
REC-001734,2025-08-21 02:59:47,Request for support regarding VPN connection drops every few minutes please install Adobe Acrobat.
REC-001735,2025-09-07 21:24:47,I'm having trouble with my workstation at branch office showing network timeout this has been happening since yesterday.
REC-001736,2025-07-25 17:53:47,"Request for support regarding unable to access Chrome, request ID #TKT-16636 colleagues on floor 2 also affected. Contact: paul.r"
REC-001737,2025-07-21 01:44:47,Facing an issue where SharePoint refuses to start after update need this fixed ASAP. Contact: david.p
REC-001738,2025-09-17 12:14:47,Hannah.j submitted a ticket: the server keeps restarting randomly this has been happening since yesterday.
REC-001739,2025-07-28 00:23:47,Request for support regarding Zoom refuses to start after update this has been happening since yesterday. Contact: ahmed.h
REC-001740,2025-09-18 01:07:47,Problem encountered: VPN connection drops every few minutes colleagues on floor 2 also affected. Contact: hannah.j
REC-001741,2025-07-01 01:11:47,"Facing an issue where unable to access Slack, request ID #TKT-44504 pls unlock account. Contact: hannah.j"
REC-001742,2025-08-29 16:47:47,Request for support regarding my workstation at floor 1 showing not responding this has been happening since yesterday. Contact: sofia.g
REC-001743,2025-08-03 21:54:47,User hannah.j reported: my tablet at hq showing printer jam this has been happening since yesterday.
REC-001744,2025-08-24 01:07:47,Problem encountered: the server keeps restarting randomly colleagues on branch office also affected.
REC-001745,2025-09-16 23:15:47,"Could you please check can't log in to Zoom already tried restarting, no success. Contact: fatima.z"
REC-001746,2025-08-07 15:14:47,I'm having trouble with can't log in to powerpoint this has been happening since yesterday.
REC-001747,2025-07-10 05:55:47,Facing an issue where my server at branch office showing blue screen this is blocking me from completing my tasks. Contact: nina.b
REC-001748,2025-07-06 05:39:47,Facing an issue where VPN connection drops every few minutes this has been happening since yesterday. Contact: fatima.z
REC-001749,2025-08-12 02:02:47,User mohamed.s reported: the printer at lab room is not working again this has been happening since yesterday.
REC-001750,2025-08-22 01:59:47,"Need urgent help with unable to access SharePoint, request ID #TKT-24621 colleagues on datacenter also affected."
REC-001751,2025-06-30 18:05:47,User david.p reported: chrome refuses to start after update causing delays in project work.
REC-001752,2025-06-27 02:01:47,User emma.w reported: VPN connection drops every few minutes this is blocking me from completing my tasks.
REC-001753,2025-09-08 17:52:47,Need urgent help with my server at floor 2 showing unknown host need this fixed ASAP. Contact: george.t
REC-001754,2025-08-11 14:59:47,Need urgent help with Jira refuses to start after update this is blocking me from completing my tasks.
REC-001755,2025-08-23 10:52:47,Facing an issue where can't log in to OneDrive this has been happening since yesterday. Contact: hannah.j
REC-001756,2025-08-03 19:48:47,Could you pls check OneDrive refuses to start after update this is blocking me from completing my tasks.
REC-001757,2025-09-22 18:13:47,Need urgent help with my server at branch office showing printer jam this has been happening since yesterday.
REC-001758,2025-07-03 07:11:47,Need urgent help with can't log in to Excel colleagues on floor 1 also affected.
REC-001759,2025-08-16 08:19:47,User hannah.j reported: powerpoint refuses to start after update this has been happening since yesterday. contact: alex.b
REC-001760,2025-09-19 13:21:47,Problem encountered: performance on Chrome is extremely slow this has been happening since yesterday.
REC-001761,2025-07-29 14:33:47,Could you pls check the printer at floor 1 is not working again this is blocking me from completing my tasks.
REC-001762,2025-09-20 23:19:47,ahmed.h submitted a ticket: Teams refuses to start after update this has been happening since yesterday.
REC-001763,2025-09-11 07:19:47,emma.w submitted a ticket: my laptop at branch office showing unknown host need this fixed ASAP.
REC-001764,2025-09-07 04:12:47,Facing an issue where performance on Word is extremely slow this is blocking me from completing my tasks.
REC-001765,2025-08-09 18:00:47,li.chen submitted a ticket: performance on SAP is extremely slow pls install VPN client.
REC-001766,2025-07-03 03:12:47,User sarah.k reported: PowerPoint refuses to start after update need this fixed ASAP.
REC-001767,2025-08-10 14:29:47,Problem encountered: vpn connection drops every few minutes this has been happening since yesterday. contact: alex.b
REC-001768,2025-08-24 23:47:47,Could you please check the printer at floor 2 is not working again colleagues on floor 2 also affected.
REC-001769,2025-07-05 21:24:47,I'm having trouble with performance on Teams is extremely slow causing delays in project work.
REC-001770,2025-06-28 01:27:47,Problem encountered: the printer at HQ is not working again this has been happening since yesterday. Contact: fatima.z
REC-001771,2025-09-16 23:45:47,I'm having trouble with performance on Word is extremely slow this is blocking me from completing my tasks.
REC-001772,2025-07-10 12:53:47,Request for support regarding sharepoint refuses to start after update colleagues on lab room also affected.
REC-001773,2025-09-15 19:04:47,Could you pls check the desktop keeps restarting randomly this is blocking me from completing my tasks.
REC-001774,2025-07-02 17:54:47,Facing an issue where Teams refuses to start after update this is blocking me from completing my tasks.
REC-001775,2025-08-25 01:58:47,User nina.b reported: VPN connection drops every few minutes please setup new email account. Contact: john.doe
REC-001776,2025-08-10 19:03:47,User li.chen reported: Outlook refuses to start after update this is blocking me from completing my tasks. Contact: mohamed.s
REC-001777,2025-07-25 22:39:47,"I'm having trouble with unable to access SAP, request ID #TKT-60776 need this fixed ASAP."
REC-001778,2025-09-12 13:14:47,User emma.w reported: my workstation at hq showing error code 720 please setup new email account. contact: alex.b
REC-001779,2025-09-23 13:22:47,Problem encountered: my phone at branch office showing error code 720 causing delays in project work.
REC-001780,2025-08-29 11:38:47,Need urgent help with can't log in to Zoom need this fixed ASAP.
REC-001781,2025-07-26 11:21:47,User john.doe reported: SharePoint refuses to start after update causing delays in project work.
REC-001782,2025-08-11 15:01:47,User hannah.j reported: can't log in to Excel this has been happening since yesterday.
REC-001783,2025-09-13 11:59:47,Request for support regarding the laptop keeps restarting randomly this is blocking me from completing my tasks. Contact: ahmed.h
REC-001784,2025-08-15 21:47:47,Request for support regarding performance on OneDrive is extremely slow colleagues on floor 1 also affected.
REC-001785,2025-08-10 21:20:47,"User sofia.g reported: unable to access PowerPoint, request ID #TKT-99119 this is blocking me from completing my tasks."
REC-001786,2025-07-10 23:01:47,"Problem encountered: VPN connection drops every few minutes already tried restarting, no success."
REC-001787,2025-08-28 08:51:47,Could you please check can't log in to Jira causing delays in project work.
REC-001788,2025-08-16 23:14:47,Could you please check VPN connection drops every few minutes please unlock account.
REC-001789,2025-09-22 03:57:47,Problem encountered: performance on SharePoint is extremely slow causing delays in project work.
REC-001790,2025-09-03 12:09:47,Facing an issue where the printer at lab room is not working again this is blocking me from completing my tasks.
REC-001791,2025-08-09 03:38:47,Could you pls check can't log in to OneDrive colleagues on datacenter also affected.
REC-001792,2025-07-23 15:10:47,"Problem encountered: unable to access Excel, request ID #TKT-90652 this is blocking me from completing my tasks."
REC-001793,2025-09-18 15:56:47,Need urgent help with OneDrive refuses to start after update causing delays in project work.
REC-001794,2025-07-23 19:23:47,mohamed.s submitted a ticket: Excel refuses to start after update this is blocking me from completing my tasks. Contact: alex.b
REC-001795,2025-06-26 01:02:47,Problem encountered: can't log in to SharePoint pls replace keyboard.
REC-001796,2025-07-02 14:30:47,olivia.m submitted a ticket: the workstation keeps restarting randomly causing delays in project work.
REC-001797,2025-08-07 16:42:47,paul.r submitted a ticket: my phone at HQ showing error code 720 this has been happening since yesterday. Contact: youssef.t
REC-001798,2025-08-22 03:52:47,"Facing an issue where unable to access PowerPoint, request ID #TKT-66940 causing delays in project work."
REC-001799,2025-09-06 13:12:47,Request for support regarding VPN connection drops every few minutes this has been happening since yesterday.
REC-001800,2025-07-30 18:13:47,"Khaled.a submitted a ticket: unable to access jira, request id #tkt-84632 please replace keyboard."
REC-001801,2025-07-28 06:25:47,Could you please check Teams refuses to start after update causing delays in project work. Contact: david.p
REC-001802,2025-07-24 20:23:47,olivia.m submitted a ticket: SAP refuses to start after update this is blocking me from completing my tasks. Contact: paul.r
REC-001803,2025-09-10 05:38:47,Need urgent help with my desktop at training hall showing error code 720 this has been happening since yesterday.
REC-001804,2025-06-27 02:51:47,User alex.b reported: performance on Chrome is extremely slow colleagues on floor 3 also affected.
REC-001805,2025-07-16 00:42:47,Could you please check performance on Word is extremely slow colleagues on floor 1 also affected.
REC-001806,2025-06-24 22:57:47,"Could you please check can't log in to PowerPoint already tried restarting, no success."
REC-001807,2025-09-17 12:12:47,Need urgent help with can't log in to Outlook this is blocking me from completing my tasks.
REC-001808,2025-09-19 22:36:47,Could you please check vpn connection drops every few minutes this is blocking me from completing my tasks.
REC-001809,2025-08-18 15:39:47,"I'm having trouble with performance on PowerPoint is extremely slow already tried restarting, no success."
REC-001810,2025-07-15 21:14:47,Could you please check my laptop at floor 2 showing printer jam colleagues on floor 2 also affected. Contact: john.doe
REC-001811,2025-07-07 07:41:47,youssef.t submitted a ticket: can't log in to Chrome this is blocking me from completing my tasks.
REC-001812,2025-08-29 15:10:47,"User john.doe reported: my tablet at datacenter showing not responding already tried restarting, no success."
REC-001813,2025-06-27 06:21:47,User emma.w reported: the printer at remote is not working again this has been happening since yesterday.
REC-001814,2025-07-08 11:05:47,"I'm having trouble with the server keeps restarting randomly already tried restarting, no success."
REC-001815,2025-06-27 10:01:47,"I'm having trouble with unable to access Outlook, request ID #TKT-45991 causing delays in project work."
REC-001816,2025-08-28 21:41:47,"Request for support regarding the laptop keeps restarting randomly already tried restarting, no success."
REC-001817,2025-08-17 04:28:47,"I'm having trouble with VPN connection drops every few minutes already tried restarting, no success."
REC-001818,2025-09-20 12:30:47,"Problem encountered: unable to access SharePoint, request ID #TKT-60597 this is blocking me from completing my tasks."
REC-001819,2025-09-22 16:13:47,"Request for support regarding the printer at datacenter is not working again already tried restarting, no success."
REC-001820,2025-09-01 09:04:47,Could you pls check SAP refuses to start after update this is blocking me from completing my tasks.
REC-001821,2025-08-23 19:12:47,Request for support regarding the printer at floor 3 is not working again causing delays in project work. Contact: john.doe
REC-001822,2025-08-17 13:41:47,"User alex.b reported: unable to access SAP, request ID #TKT-71161 already tried restarting, no success."
REC-001823,2025-06-25 00:46:47,Request for support regarding can't log in to Word colleagues on remote also affected.
REC-001824,2025-09-19 03:12:47,Request for support regarding performance on Teams is extremely slow this has been happening since yesterday.
REC-001825,2025-09-11 16:03:47,Could you please check the printer at datacenter is not working again need this fixed ASAP.
REC-001826,2025-07-17 11:12:47,Need urgent help with VPN connection drops every few minutes causing delays in project work.
REC-001827,2025-09-13 17:39:47,"Could you please check unable to access PowerPoint, request ID #TKT-60420 colleagues on floor 2 also affected."
REC-001828,2025-07-31 13:50:47,Request for support regarding performance on zoom is extremely slow need this fixed asap.
REC-001829,2025-09-08 12:51:47,I'm having trouble with VPN connection drops every few minutes this is blocking me from completing my tasks.
REC-001830,2025-08-27 02:44:47,Request for support regarding the printer at remote is not working again causing delays in project work. contact: alex.b
REC-001831,2025-07-25 12:30:47,"Problem encountered: performance on Zoom is extremely slow already tried restarting, no success."
REC-001832,2025-09-10 22:19:47,george.t submitted a ticket: can't log in to Chrome colleagues on branch office also affected.
REC-001833,2025-08-16 17:08:47,User mohamed.s reported: the server keeps restarting randomly please grant access to shared drive.
REC-001834,2025-07-29 14:31:47,I'm having trouble with VPN connection drops every few minutes this is blocking me from completing my tasks. Contact: ahmed.h
REC-001835,2025-09-07 20:04:47,Could you please check my server at HQ showing access denied need this fixed ASAP. Contact: george.t
REC-001836,2025-07-01 19:26:47,Could you please check VPN connection drops every few minutes this has been happening since yesterday. Contact: george.t
REC-001837,2025-07-26 21:45:47,Problem encountered: VPN connection drops every few minutes causing delays in project work. Contact: sofia.g
REC-001838,2025-09-12 07:06:47,I'm having trouble with the printer at HQ is not working again causing delays in project work.
REC-001839,2025-08-26 22:35:47,Problem encountered: performance on Slack is extremely slow this is blocking me from completing my tasks.
REC-001840,2025-08-27 12:21:47,I'm having trouble with the server keeps restarting randomly causing delays in project work. Contact: youssef.t
REC-001841,2025-09-16 17:03:47,Request for support regarding can't log in to Chrome please upgrade RAM.
REC-001842,2025-09-23 06:38:47,Facing an issue where can't log in to OneDrive this has been happening since yesterday.
REC-001843,2025-09-07 21:05:47,sofia.g submitted a ticket: the workstation keeps restarting randomly pls fix wifi.
REC-001844,2025-08-18 16:35:47,I'm having trouble with performance on powerpoint is extremely slow please grant access to shared drive.
REC-001845,2025-09-17 02:34:47,david.p submitted a ticket: my phone at lab room showing disk full need this fixed ASAP.
REC-001846,2025-08-14 10:53:47,Could you please check Outlook refuses to start after update this is blocking me from completing my tasks.
REC-001847,2025-06-28 11:09:47,Need urgent help with Chrome refuses to start after update please unlock account.
REC-001848,2025-07-14 19:08:47,Problem encountered: outlook refuses to start after update need this fixed asap.
REC-001849,2025-07-21 12:10:47,User sarah.k reported: VPN connection drops every few minutes causing delays in project work.
REC-001850,2025-09-08 06:09:47,"Facing an issue where OneDrive refuses to start after update already tried restarting, no success."
REC-001851,2025-07-19 01:52:47,"User ahmed.h reported: Zoom refuses to start after update already tried restarting, no success."
REC-001852,2025-06-26 05:21:47,Could you please check the phone keeps restarting randomly need this fixed asap.
REC-001853,2025-07-23 22:13:47,"I'm having trouble with my workstation at remote showing error code 720 already tried restarting, no success."
REC-001854,2025-08-27 22:31:47,User emma.w reported: performance on sap is extremely slow causing delays in project work. contact: olivia.m
REC-001855,2025-06-27 19:11:47,Problem encountered: performance on Outlook is extremely slow this has been happening since yesterday.
REC-001856,2025-08-30 05:42:47,I'm having trouble with can't log in to Zoom colleagues on HQ also affected.
REC-001857,2025-08-24 21:07:47,"Could you please check vpn connection drops every few minutes already tried restarting, no success."
REC-001858,2025-08-11 09:02:47,"User david.p reported: unable to access word, request id #tkt-87510 please reset password."
REC-001859,2025-08-30 20:14:47,User mohamed.s reported: Slack refuses to start after update please setup new email account.
REC-001860,2025-08-01 12:47:47,I'm having trouble with Slack refuses to start after update need this fixed ASAP.
REC-001861,2025-07-11 13:04:47,Need urgent help with the server keeps restarting randomly need this fixed asap. contact: sarah.k
REC-001862,2025-08-14 04:15:47,Problem encountered: can't log in to excel please fix wifi.
REC-001863,2025-09-21 16:42:47,"User david.p reported: unable to access Jira, request ID #TKT-91215 already tried restarting, no success."
REC-001864,2025-06-28 13:20:47,"User david.p reported: unable to access Zoom, request ID #TKT-60515 colleagues on floor 1 also affected."
REC-001865,2025-08-13 05:37:47,"Facing an issue where unable to access Jira, request ID #TKT-14728 already tried restarting, no success."
REC-001866,2025-09-08 11:28:47,Request for support regarding performance on Outlook is extremely slow need this fixed ASAP. Contact: david.p
REC-001867,2025-07-19 03:33:47,"Problem encountered: Zoom refuses to start after update already tried restarting, no success."
REC-001868,2025-07-18 10:33:47,Request for support regarding the printer at training hall is not working again please grant access to shared drive. Contact: li.chen
REC-001869,2025-08-14 01:20:47,Facing an issue where my phone at HQ showing not responding please install VPN client.
REC-001870,2025-08-01 16:40:47,Problem encountered: can't log in to Jira this has been happening since yesterday.
REC-001871,2025-09-21 05:09:47,Need urgent help with the server keeps restarting randomly please upgrade ram.
REC-001872,2025-07-14 03:26:47,alex.b submitted a ticket: performance on Outlook is extremely slow causing delays in project work.
REC-001873,2025-07-16 06:46:47,Problem encountered: can't log in to teams please upgrade ram.
REC-001874,2025-06-26 01:37:47,Request for support regarding the server keeps restarting randomly need this fixed ASAP. Contact: youssef.t
REC-001875,2025-08-02 10:30:47,Could you please check my server at floor 1 showing blue screen need this fixed ASAP. Contact: nina.b
REC-001876,2025-08-29 07:25:47,Need urgent help with VPN connection drops every few minutes please install Adobe Acrobat. Contact: hannah.j
REC-001877,2025-08-01 06:13:47,"Facing an issue where Zoom refuses to start after update already tried restarting, no success."
REC-001878,2025-07-21 09:13:47,I'm having trouble with performance on Outlook is extremely slow this has been happening since yesterday.
REC-001879,2025-08-27 04:23:47,I'm having trouble with can't log in to PowerPoint colleagues on training hall also affected.
REC-001880,2025-07-12 03:58:47,"fatima.z submitted a ticket: the workstation keeps restarting randomly already tried restarting, no success. Contact: mohamed.s"
REC-001881,2025-07-24 12:23:47,Need urgent help with the printer at floor 3 is not working again this is blocking me from completing my tasks. Contact: john.doe
REC-001882,2025-09-23 06:35:47,I'm having trouble with the printer at branch office is not working again this has been happening since yesterday. Contact: sarah.k
REC-001883,2025-09-09 18:52:47,"mohamed.s submitted a ticket: unable to access Slack, request ID #TKT-10962 need this fixed ASAP."
REC-001884,2025-08-09 07:26:47,User ahmed.h reported: performance on SAP is extremely slow this is blocking me from completing my tasks.
REC-001885,2025-07-17 00:15:47,I'm having trouble with my phone at branch office showing not responding causing delays in project work.
REC-001886,2025-07-01 11:09:47,Could you please check VPN connection drops every few minutes colleagues on datacenter also affected.
REC-001887,2025-08-24 15:54:47,Could you please check the printer at branch office is not working again causing delays in project work.
REC-001888,2025-08-28 05:57:47,User ahmed.h reported: the printer at floor 2 is not working again this is blocking me from completing my tasks. Contact: li.chen
REC-001889,2025-07-07 18:49:47,Request for support regarding the printer at lab room is not working again this has been happening since yesterday.
REC-001890,2025-08-15 19:17:47,Problem encountered: the printer at floor 1 is not working again colleagues on floor 1 also affected.
REC-001891,2025-09-21 22:22:47,"ahmed.h submitted a ticket: VPN connection drops every few minutes already tried restarting, no success."
REC-001892,2025-07-25 01:01:47,User hannah.j reported: the printer at remote is not working again this has been happening since yesterday. Contact: alex.b
REC-001893,2025-07-27 08:10:47,nina.b submitted a ticket: can't log in to Outlook need this fixed ASAP.
REC-001894,2025-08-30 19:12:47,I'm having trouble with performance on Word is extremely slow need this fixed ASAP.
REC-001895,2025-08-18 02:56:47,Request for support regarding the printer at remote is not working again need this fixed ASAP. Contact: alex.b
REC-001896,2025-08-12 02:03:47,User sarah.k reported: PowerPoint refuses to start after update this has been happening since yesterday.
REC-001897,2025-08-06 05:40:47,"Request for support regarding unable to access SharePoint, request ID #TKT-45105 this has been happening since yesterday."
REC-001898,2025-09-17 06:22:47,Need urgent help with Teams refuses to start after update this is blocking me from completing my tasks.
REC-001899,2025-07-25 06:18:47,Problem encountered: performance on Slack is extremely slow this has been happening since yesterday.
REC-001900,2025-09-04 05:27:47,"Facing an issue where unable to access Word, request ID #TKT-57179 causing delays in project work."
REC-001901,2025-08-28 19:31:47,Request for support regarding the server keeps restarting randomly please setup new email account.
REC-001902,2025-08-22 06:12:47,Request for support regarding my desktop at floor 2 showing not responding this has been happening since yesterday.
REC-001903,2025-08-29 02:34:47,Could you please check my desktop at remote showing printer jam this is blocking me from completing my tasks. Contact: sofia.g
REC-001904,2025-08-17 17:55:47,George.t submitted a ticket: performance on word is extremely slow causing delays in project work.
REC-001905,2025-07-28 02:41:47,Request for support regarding can't log in to Outlook this has been happening since yesterday.
REC-001906,2025-09-16 17:58:47,olivia.m submitted a ticket: VPN connection drops every few minutes this is blocking me from completing my tasks. Contact: david.p
REC-001907,2025-07-18 02:05:47,Facing an issue where my desktop at lab room showing blue screen this has been happening since yesterday.
REC-001908,2025-07-17 15:33:47,"Need urgent help with vpn connection drops every few minutes already tried restarting, no success. contact: sofia.g"
REC-001909,2025-07-15 08:27:47,I'm having trouble with performance on Word is extremely slow this is blocking me from completing my tasks.
REC-001910,2025-09-14 17:18:47,I'm having trouble with performance on Zoom is extremely slow this is blocking me from completing my tasks. Contact: mohamed.s
REC-001911,2025-07-20 08:11:47,khaled.a submitted a ticket: the printer at datacenter is not working again causing delays in project work. Contact: youssef.t
REC-001912,2025-09-09 20:33:47,Problem encountered: the desktop keeps restarting randomly colleagues on branch office also affected.
REC-001913,2025-08-28 16:14:47,Need urgent help with SharePoint refuses to start after update please install Adobe Acrobat.
REC-001914,2025-07-15 16:02:47,Problem encountered: performance on SAP is extremely slow please setup new email account. Contact: li.chen
REC-001915,2025-09-04 21:14:47,Could you please check can't log in to Slack need this fixed ASAP.
REC-001916,2025-08-01 23:35:47,"I'm having trouble with unable to access Excel, request ID #TKT-34523 need this fixed ASAP. Contact: mohamed.s"
REC-001917,2025-09-09 17:57:47,Could you please check performance on PowerPoint is extremely slow this has been happening since yesterday.
REC-001918,2025-09-16 17:32:47,Need urgent help with performance on excel is extremely slow need this fixed asap. contact: mohamed.s
REC-001919,2025-07-17 03:45:47,Need urgent help with Zoom refuses to start after update need this fixed ASAP. Contact: alex.b
REC-001920,2025-07-27 09:16:47,"Could you pls check unable to access Teams, request ID #TKT-75999 causing delays in project work."
REC-001921,2025-09-01 11:45:47,Need urgent help with sharepoint refuses to start after update this has been happening since yesterday.
REC-001922,2025-08-29 17:05:47,Facing an issue where the printer at datacenter is not working again need this fixed ASAP.
REC-001923,2025-06-29 00:41:47,"Facing an issue where unable to access OneDrive, request ID #TKT-14657 colleagues on branch office also affected."
REC-001924,2025-08-28 10:49:47,"Request for support regarding unable to access Chrome, request ID #TKT-60524 colleagues on floor 1 also affected."
REC-001925,2025-07-01 08:30:47,Facing an issue where vpn connection drops every few minutes this has been happening since yesterday. contact: george.t
REC-001926,2025-09-20 13:35:47,"Need urgent help with unable to access Zoom, request ID #TKT-48033 this has been happening since yesterday."
REC-001927,2025-07-06 05:27:47,Request for support regarding the phone keeps restarting randomly colleagues on floor 3 also affected.
REC-001928,2025-07-06 03:35:47,"Youssef.t submitted a ticket: unable to access powerpoint, request id #tkt-19322 colleagues on branch office also affected."
REC-001929,2025-07-06 18:54:47,"Could you please check unable to access Teams, request ID #TKT-94952 already tried restarting, no success. Contact: sarah.k"
REC-001930,2025-07-13 22:10:47,"Could you please check unable to access Excel, request ID #TKT-76154 already tried restarting, no success."
REC-001931,2025-07-17 20:13:47,User olivia.m reported: the workstation keeps restarting randomly need this fixed ASAP. Contact: paul.r
REC-001932,2025-08-24 09:12:47,"Request for support regarding unable to access Slack, request ID #TKT-94730 causing delays in project work. Contact: khaled.a"
REC-001933,2025-09-06 07:53:47,User nina.b reported: performance on SAP is extremely slow causing delays in project work. Contact: nina.b
REC-001934,2025-08-23 21:34:47,"Facing an issue where unable to access Word, request ID #TKT-31652 causing delays in project work."
REC-001935,2025-09-07 08:47:47,sarah.k submitted a ticket: the tablet keeps restarting randomly pls install VPN client.
REC-001936,2025-09-17 12:25:47,Problem encountered: performance on outlook is extremely slow please replace keyboard.
REC-001937,2025-07-12 04:13:47,"David.p submitted a ticket: the laptop keeps restarting randomly already tried restarting, no success. contact: olivia.m"
REC-001938,2025-07-14 21:31:47,nina.b submitted a ticket: the phone keeps restarting randomly this has been happening since yesterday.
REC-001939,2025-08-21 03:34:47,Could you please check performance on Excel is extremely slow colleagues on HQ also affected.
REC-001940,2025-07-15 21:58:47,Facing an issue where chrome refuses to start after update need this fixed asap. contact: li.chen
REC-001941,2025-09-18 12:24:47,Problem encountered: onedrive refuses to start after update please reset password.
REC-001942,2025-09-07 11:56:47,nina.b submitted a ticket: Outlook refuses to start after update this has been happening since yesterday. Contact: li.chen
REC-001943,2025-07-10 02:34:47,"Emma.w submitted a ticket: unable to access sharepoint, request id #tkt-53126 need this fixed asap."
REC-001944,2025-06-27 05:45:47,Request for support regarding my desktop at lab room showing disk full this has been happening since yesterday.
REC-001945,2025-08-04 03:00:47,"paul.r submitted a ticket: unable to access Slack, request ID #TKT-18539 this is blocking me from completing my tasks."
REC-001946,2025-08-29 17:46:47,Problem encountered: VPN connection drops every few minutes colleagues on training hall also affected.
REC-001947,2025-08-08 22:46:47,Request for support regarding can't log in to Chrome this is blocking me from completing my tasks.
REC-001948,2025-09-01 07:33:47,Could you please check performance on OneDrive is extremely slow this has been happening since yesterday.
REC-001949,2025-09-21 16:02:47,User mohamed.s reported: my server at datacenter showing blue screen colleagues on datacenter also affected. Contact: li.chen
REC-001950,2025-06-26 21:25:47,paul.r submitted a ticket: performance on SharePoint is extremely slow colleagues on floor 3 also affected.
REC-001951,2025-07-19 19:42:47,olivia.m submitted a ticket: performance on Slack is extremely slow colleagues on training hall also affected.
REC-001952,2025-08-10 03:12:47,"hannah.j submitted a ticket: the tablet keeps restarting randomly already tried restarting, no success."
REC-001953,2025-09-01 04:23:47,I'm having trouble with performance on SharePoint is extremely slow please unlock account.
REC-001954,2025-08-22 16:06:47,Olivia.m submitted a ticket: teams refuses to start after update need this fixed asap.
REC-001955,2025-09-18 08:14:47,Need urgent help with my workstation at floor 2 showing unknown host this is blocking me from completing my tasks. Contact: david.p
REC-001956,2025-07-11 03:24:47,Need urgent help with can't log in to Excel please install VPN client.
REC-001957,2025-07-31 02:07:47,Request for support regarding my laptop at remote showing blue screen colleagues on remote also affected.
REC-001958,2025-08-07 12:53:47,"Need urgent help with vpn connection drops every few minutes already tried restarting, no success."
REC-001959,2025-07-19 16:21:47,Facing an issue where my tablet at datacenter showing not responding this has been happening since yesterday.
REC-001960,2025-07-04 04:47:47,Could you please check the tablet keeps restarting randomly need this fixed ASAP.
REC-001961,2025-09-04 03:08:47,Nina.b submitted a ticket: the printer at floor 3 is not working again causing delays in project work.
REC-001962,2025-09-16 09:13:47,"Facing an issue where unable to access Jira, request ID #TKT-95399 need this fixed ASAP."
REC-001963,2025-09-03 09:31:47,Maria.l submitted a ticket: the printer at floor 3 is not working again causing delays in project work.
REC-001964,2025-08-09 11:08:47,Problem encountered: VPN connection drops every few minutes colleagues on lab room also affected. Contact: nina.b
REC-001965,2025-07-16 05:01:47,Problem encountered: Slack refuses to start after update causing delays in project work. Contact: fatima.z
REC-001966,2025-09-07 04:33:47,Could you please check can't log in to Zoom this has been happening since yesterday.
REC-001967,2025-07-12 22:39:47,I'm having trouble with VPN connection drops every few minutes this is blocking me from completing my tasks.
REC-001968,2025-09-22 02:00:47,"Problem encountered: unable to access SharePoint, request ID #TKT-10642 colleagues on floor 1 also affected."
REC-001969,2025-09-07 07:05:47,"User youssef.t reported: unable to access Word, request ID #TKT-93765 this has been happening since yesterday."
REC-001970,2025-09-03 14:14:47,"Could you please check VPN connection drops every few minutes already tried restarting, no success."
REC-001971,2025-07-29 00:26:47,Request for support regarding VPN connection drops every few minutes colleagues on floor 2 also affected. Contact: fatima.z
REC-001972,2025-08-03 01:11:47,User olivia.m reported: VPN connection drops every few minutes please setup new email account.
REC-001973,2025-07-28 12:57:47,Request for support regarding Teams refuses to start after update causing delays in project work. Contact: hannah.j
REC-001974,2025-09-03 07:30:47,"Ahmed.h submitted a ticket: the phone keeps restarting randomly already tried restarting, no success. contact: paul.r"
REC-001975,2025-09-04 20:19:47,Request for support regarding Slack refuses to start after update colleagues on branch office also affected.
REC-001976,2025-08-01 17:39:47,User khaled.a reported: my laptop at HQ showing disk full this has been happening since yesterday. Contact: emma.w
REC-001977,2025-07-04 13:32:47,Need urgent help with my desktop at floor 2 showing blue screen this has been happening since yesterday.
REC-001978,2025-09-16 15:47:47,Request for support regarding performance on Jira is extremely slow colleagues on training hall also affected.
REC-001979,2025-09-22 11:47:47,"I'm having trouble with unable to access Chrome, request ID #TKT-69844 causing delays in project work. Contact: khaled.a"
REC-001980,2025-09-11 20:45:47,Problem encountered: the server keeps restarting randomly colleagues on training hall also affected.
REC-001981,2025-07-18 01:26:47,User alex.b reported: performance on excel is extremely slow need this fixed asap. contact: maria.l
REC-001982,2025-08-17 09:22:47,Facing an issue where onedrive refuses to start after update colleagues on lab room also affected.
REC-001983,2025-07-20 07:37:47,"Could you please check unable to access Excel, request ID #TKT-33598 causing delays in project work."
REC-001984,2025-08-21 09:55:47,Request for support regarding can't log in to Slack colleagues on datacenter also affected.
REC-001985,2025-08-01 03:12:47,I'm having trouble with can't log in to Word please grant access to shared drive.
REC-001986,2025-09-12 19:00:47,Need urgent help with my phone at lab room showing access denied please grant access to shared drive.
REC-001987,2025-07-16 01:40:47,Request for support regarding the tablet keeps restarting randomly this has been happening since yesterday.
REC-001988,2025-09-12 15:47:47,I'm having trouble with the laptop keeps restarting randomly pls install Adobe Acrobat.
REC-001989,2025-06-28 15:04:47,"User emma.w reported: can't log in to Outlook already tried restarting, no success."
REC-001990,2025-08-04 18:48:47,Could you please check the printer at floor 1 is not working again causing delays in project work. Contact: fatima.z
REC-001991,2025-08-11 19:49:47,I'm having trouble with vpn connection drops every few minutes need this fixed asap.
REC-001992,2025-07-05 08:13:47,Facing an issue where VPN connection drops every few minutes causing delays in project work. Contact: ahmed.h
REC-001993,2025-07-20 08:30:47,"Facing an issue where unable to access Zoom, request ID #TKT-22332 please fix wifi. Contact: olivia.m"
REC-001994,2025-08-11 19:10:47,Facing an issue where my workstation at HQ showing printer jam this is blocking me from completing my tasks.
REC-001995,2025-09-05 04:05:47,Mohamed.s submitted a ticket: the workstation keeps restarting randomly need this fixed asap.
REC-001996,2025-07-12 01:37:47,Need urgent help with VPN connection drops every few minutes need this fixed ASAP.
REC-001997,2025-07-04 22:06:47,Facing an issue where can't log in to SAP this is blocking me from completing my tasks.
REC-001998,2025-09-21 16:20:47,sarah.k submitted a ticket: can't log in to Chrome this has been happening since yesterday. Contact: fatima.z
REC-001999,2025-08-11 06:06:47,Need urgent help with Chrome refuses to start after update colleagues on floor 2 also affected.
REC-002000,2025-07-24 03:51:47,Need urgent help with performance on Excel is extremely slow colleagues on remote also affected.
REC-002001,2025-09-10 12:45:47,george.t submitted a ticket: my workstation at branch office showing access denied colleagues on branch office also affected. Contact: sofia.g
REC-002002,2025-07-09 17:08:47,Facing an issue where performance on Zoom is extremely slow need this fixed ASAP.
REC-002003,2025-07-18 18:39:47,"Could you please check VPN connection drops every few minutes already tried restarting, no success. Contact: hannah.j"
REC-002004,2025-09-15 22:37:47,"I'm having trouble with VPN connection drops every few minutes already tried restarting, no success. Contact: li.chen"
REC-002005,2025-08-10 19:20:47,Need urgent help with VPN connection drops every few minutes this is blocking me from completing my tasks.
REC-002006,2025-08-14 16:42:47,george.t submitted a ticket: the phone keeps restarting randomly need this fixed ASAP. Contact: li.chen
REC-002007,2025-07-20 05:22:47,Problem encountered: can't log in to Word this is blocking me from completing my tasks.
REC-002008,2025-08-23 00:50:47,Problem encountered: the tablet keeps restarting randomly this has been happening since yesterday. Contact: sofia.g
REC-002009,2025-07-04 10:23:47,Request for support regarding performance on PowerPoint is extremely slow this is blocking me from completing my tasks.
REC-002010,2025-08-16 03:19:47,Request for support regarding performance on Jira is extremely slow this has been happening since yesterday.
REC-002011,2025-07-26 07:18:47,Need urgent help with performance on Excel is extremely slow need this fixed ASAP.
REC-002012,2025-07-23 21:48:47,Request for support regarding Zoom refuses to start after update this has been happening since yesterday.
REC-002013,2025-07-13 16:22:47,Request for support regarding can't log in to Word causing delays in project work. Contact: li.chen
REC-002014,2025-06-29 18:54:47,Maria.l submitted a ticket: sap refuses to start after update this has been happening since yesterday. contact: li.chen
REC-002015,2025-07-17 21:38:47,Facing an issue where the desktop keeps restarting randomly this has been happening since yesterday.
REC-002016,2025-08-23 22:49:47,"Need urgent help with unable to access Slack, request ID #TKT-54365 colleagues on floor 1 also affected."
REC-002017,2025-08-15 17:28:47,I'm having trouble with OneDrive refuses to start after update need this fixed ASAP.
REC-002018,2025-07-25 17:19:47,Need urgent help with VPN connection drops every few minutes causing delays in project work.
REC-002019,2025-09-11 15:34:47,Could you please check performance on OneDrive is extremely slow this is blocking me from completing my tasks.
REC-002020,2025-09-20 11:10:47,Problem encountered: the tablet keeps restarting randomly colleagues on training hall also affected.
REC-002021,2025-07-28 05:29:47,"Problem encountered: unable to access Excel, request ID #TKT-90787 this has been happening since yesterday."
REC-002022,2025-09-01 03:20:47,I'm having trouble with the phone keeps restarting randomly this has been happening since yesterday. Contact: fatima.z
REC-002023,2025-08-05 09:44:47,User ahmed.h reported: my laptop at datacenter showing not responding please grant access to shared drive.
REC-002024,2025-08-02 07:04:47,"I'm having trouble with unable to access OneDrive, request ID #TKT-29666 need this fixed ASAP. Contact: hannah.j"
REC-002025,2025-08-10 16:28:47,Need urgent help with the printer at lab room is not working again colleagues on lab room also affected.
REC-002026,2025-08-05 19:30:47,Need urgent help with can't log in to Excel colleagues on HQ also affected.
REC-002027,2025-07-20 22:34:47,"Request for support regarding unable to access excel, request id #tkt-39944 colleagues on branch office also affected."
REC-002028,2025-08-26 08:10:47,Need urgent help with VPN connection drops every few minutes need this fixed ASAP.
REC-002029,2025-08-17 07:55:47,User alex.b reported: the desktop keeps restarting randomly need this fixed ASAP. Contact: sofia.g
REC-002030,2025-09-11 22:21:47,Request for support regarding the printer at lab room is not working again need this fixed ASAP.
REC-002031,2025-09-22 10:38:47,User george.t reported: performance on PowerPoint is extremely slow please install Adobe Acrobat.
REC-002032,2025-08-17 23:03:47,I'm having trouble with performance on Excel is extremely slow colleagues on remote also affected.
REC-002033,2025-07-18 23:34:47,sofia.g submitted a ticket: VPN connection drops every few minutes colleagues on datacenter also affected. Contact: john.doe
REC-002034,2025-08-09 23:51:47,Could you please check VPN connection drops every few minutes need this fixed ASAP.
REC-002035,2025-08-26 12:27:47,"john.doe submitted a ticket: unable to access PowerPoint, request ID #TKT-88814 please setup new email account."
REC-002036,2025-08-09 11:13:47,"Khaled.a submitted a ticket: vpn connection drops every few minutes already tried restarting, no success."
REC-002037,2025-09-01 12:53:47,I'm having trouble with my tablet at remote showing printer jam pls replace keyboard.
REC-002038,2025-08-29 17:51:47,"Request for support regarding SAP refuses to start after update already tried restarting, no success."
REC-002039,2025-09-16 21:23:47,User youssef.t reported: the printer at datacenter is not working again this is blocking me from completing my tasks.
REC-002040,2025-07-02 04:15:47,Could you please check the phone keeps restarting randomly colleagues on lab room also affected.
REC-002041,2025-07-31 14:03:47,Problem encountered: my workstation at remote showing printer jam this is blocking me from completing my tasks.
REC-002042,2025-07-21 03:31:47,"Need urgent help with performance on zoom is extremely slow already tried restarting, no success."
REC-002043,2025-09-12 06:18:47,Problem encountered: can't log in to PowerPoint this is blocking me from completing my tasks. Contact: john.doe
REC-002044,2025-09-03 19:20:47,Facing an issue where the printer at floor 1 is not working again colleagues on floor 1 also affected.
REC-002045,2025-07-28 07:53:47,Problem encountered: can't log in to Outlook causing delays in project work.
REC-002046,2025-06-30 20:17:47,Need urgent help with the laptop keeps restarting randomly this has been happening since yesterday.
REC-002047,2025-09-21 09:24:47,Problem encountered: my phone at lab room showing blue screen need this fixed ASAP.
REC-002048,2025-08-06 21:33:47,Facing an issue where my laptop at HQ showing unknown host please grant access to shared drive.
REC-002049,2025-07-23 02:08:47,User mohamed.s reported: VPN connection drops every few minutes need this fixed ASAP.
REC-002050,2025-08-20 20:51:47,Facing an issue where the workstation keeps restarting randomly causing delays in project work.
REC-002051,2025-08-09 18:38:47,I'm having trouble with Slack refuses to start after update this is blocking me from completing my tasks. Contact: olivia.m
REC-002052,2025-06-26 11:29:47,Request for support regarding SharePoint refuses to start after update this has been happening since yesterday.
REC-002053,2025-07-31 02:38:47,User nina.b reported: the printer at HQ is not working again this has been happening since yesterday.
REC-002054,2025-07-06 06:13:47,Problem encountered: can't log in to jira this has been happening since yesterday.
REC-002055,2025-09-12 19:30:47,Request for support regarding Outlook refuses to start after update this is blocking me from completing my tasks.
REC-002056,2025-07-03 04:23:47,User khaled.a reported: the desktop keeps restarting randomly this is blocking me from completing my tasks.
REC-002057,2025-07-21 02:06:47,"Could you please check SharePoint refuses to start after update already tried restarting, no success."
REC-002058,2025-09-17 00:12:47,Request for support regarding can't log in to Outlook this is blocking me from completing my tasks.
REC-002059,2025-08-22 20:47:47,Need urgent help with the printer at HQ is not working again this has been happening since yesterday.
REC-002060,2025-09-02 13:46:47,Facing an issue where VPN connection drops every few minutes colleagues on HQ also affected. Contact: sofia.g
REC-002061,2025-06-29 10:03:47,"Facing an issue where unable to access PowerPoint, request ID #TKT-57461 colleagues on branch office also affected."
REC-002062,2025-09-13 23:54:47,Facing an issue where VPN connection drops every few minutes this has been happening since yesterday.
REC-002063,2025-08-30 02:31:47,olivia.m submitted a ticket: can't log in to PowerPoint this has been happening since yesterday.
REC-002064,2025-09-04 11:20:47,Need urgent help with can't log in to OneDrive this has been happening since yesterday. Contact: mohamed.s
REC-002065,2025-07-19 08:55:47,Problem encountered: the server keeps restarting randomly this is blocking me from completing my tasks. Contact: youssef.t
REC-002066,2025-06-28 07:22:47,Facing an issue where can't log in to SAP please upgrade RAM.
REC-002067,2025-08-28 01:22:47,Facing an issue where VPN connection drops every few minutes causing delays in project work.
REC-002068,2025-07-29 06:59:47,Could you please check the desktop keeps restarting randomly this has been happening since yesterday.
REC-002069,2025-07-16 18:02:47,"Khaled.a submitted a ticket: the tablet keeps restarting randomly already tried restarting, no success."
REC-002070,2025-08-19 03:58:47,I'm having trouble with the printer at floor 3 is not working again colleagues on floor 3 also affected.
REC-002071,2025-09-13 22:13:47,Could you please check my tablet at datacenter showing not responding please fix wifi.
REC-002072,2025-08-05 23:36:47,Problem encountered: the workstation keeps restarting randomly this has been happening since yesterday.
REC-002073,2025-09-22 18:49:47,"Facing an issue where the tablet keeps restarting randomly already tried restarting, no success."
REC-002074,2025-08-16 09:14:47,"Problem encountered: unable to access Excel, request ID #TKT-78829 this has been happening since yesterday. Contact: youssef.t"
REC-002075,2025-08-14 05:48:47,Problem encountered: can't log in to slack please grant access to shared drive.
REC-002076,2025-08-21 20:21:47,Problem encountered: VPN connection drops every few minutes colleagues on datacenter also affected.
REC-002077,2025-09-11 21:43:47,John.doe submitted a ticket: my tablet at remote showing blue screen this is blocking me from completing my tasks.
REC-002078,2025-09-15 07:08:47,Could you please check performance on word is extremely slow need this fixed asap.
REC-002079,2025-07-30 10:08:47,User ahmed.h reported: my laptop at floor 3 showing blue screen need this fixed ASAP.
REC-002080,2025-07-24 02:12:47,"Need urgent help with unable to access OneDrive, request ID #TKT-66041 already tried restarting, no success."
REC-002081,2025-08-11 16:07:47,"mohamed.s submitted a ticket: VPN connection drops every few minutes already tried restarting, no success. Contact: olivia.m"
REC-002082,2025-08-18 12:51:47,I'm having trouble with the printer at lab room is not working again this has been happening since yesterday.
REC-002083,2025-06-25 03:52:47,"george.t submitted a ticket: Word refuses to start after update already tried restarting, no success."
REC-002084,2025-07-10 04:38:47,Need urgent help with performance on PowerPoint is extremely slow please reset password. Contact: khaled.a
REC-002085,2025-08-03 00:17:47,Problem encountered: VPN connection drops every few minutes colleagues on lab room also affected.
REC-002086,2025-07-06 02:54:47,"User fatima.z reported: unable to access Teams, request ID #TKT-19668 already tried restarting, no success. Contact: ahmed.h"
REC-002087,2025-06-30 23:46:47,"I'm having trouble with Outlook refuses to start after update already tried restarting, no success."
REC-002088,2025-08-19 02:18:47,Request for support regarding can't log in to Chrome this is blocking me from completing my tasks. Contact: sofia.g
REC-002089,2025-09-03 06:24:47,"Facing an issue where the printer at training hall is not working again already tried restarting, no success."
REC-002090,2025-08-27 11:17:47,Could you please check the tablet keeps restarting randomly causing delays in project work.
REC-002091,2025-07-12 19:24:47,youssef.t submitted a ticket: my desktop at training hall showing network timeout pls replace keyboard.
REC-002092,2025-06-25 18:09:47,"Problem encountered: performance on Chrome is extremely slow already tried restarting, no success."
REC-002093,2025-08-05 21:55:47,"Need urgent help with performance on Jira is extremely slow already tried restarting, no success."
REC-002094,2025-08-09 15:01:47,"Request for support regarding performance on Word is extremely slow already tried restarting, no success."
REC-002095,2025-09-19 12:01:47,"Facing an issue where performance on Word is extremely slow already tried restarting, no success."
REC-002096,2025-09-12 20:02:47,Facing an issue where the desktop keeps restarting randomly this has been happening since yesterday. Contact: ahmed.h
REC-002097,2025-07-06 02:26:47,User mohamed.s reported: the printer at remote is not working again please grant access to shared drive.
REC-002098,2025-08-04 18:25:47,Request for support regarding can't log in to SAP this has been happening since yesterday.
REC-002099,2025-08-21 16:33:47,"Could you please check can't log in to chrome already tried restarting, no success."
REC-002100,2025-06-28 01:42:47,Could you please check the printer at remote is not working again colleagues on remote also affected.
REC-002101,2025-08-22 20:11:47,Facing an issue where the phone keeps restarting randomly this is blocking me from completing my tasks.
REC-002102,2025-09-09 00:08:47,Could you please check the server keeps restarting randomly please reset password.
REC-002103,2025-09-03 18:34:47,Could you please check the printer at branch office is not working again please replace keyboard.
REC-002104,2025-09-18 01:48:47,"Facing an issue where Zoom refuses to start after update already tried restarting, no success. Contact: john.doe"
REC-002105,2025-09-19 01:12:47,I'm having trouble with can't log in to Jira this is blocking me from completing my tasks.
REC-002106,2025-08-18 20:44:47,Request for support regarding SharePoint refuses to start after update this is blocking me from completing my tasks.
REC-002107,2025-09-22 04:04:47,Could you please check the printer at floor 2 is not working again this is blocking me from completing my tasks.
REC-002108,2025-07-16 12:15:47,Problem encountered: the printer at lab room is not working again need this fixed ASAP. Contact: george.t
REC-002109,2025-08-14 23:11:47,maria.l submitted a ticket: the printer at HQ is not working again need this fixed ASAP.
REC-002110,2025-07-23 09:09:47,Youssef.t submitted a ticket: my tablet at floor 1 showing unknown host this has been happening since yesterday.
REC-002111,2025-08-13 23:12:47,User sarah.k reported: the desktop keeps restarting randomly colleagues on floor 3 also affected.
REC-002112,2025-08-04 02:54:47,Need urgent help with my laptop at remote showing access denied colleagues on remote also affected.
REC-002113,2025-08-24 18:14:47,Request for support regarding the laptop keeps restarting randomly this is blocking me from completing my tasks.
REC-002114,2025-08-03 06:16:47,Need urgent help with the tablet keeps restarting randomly this is blocking me from completing my tasks.
REC-002115,2025-09-02 03:08:47,Facing an issue where the phone keeps restarting randomly colleagues on datacenter also affected.
REC-002116,2025-09-15 16:51:47,Facing an issue where can't log in to Outlook this is blocking me from completing my tasks.
REC-002117,2025-06-28 11:29:47,I'm having trouble with my workstation at floor 3 showing not responding need this fixed asap.
REC-002118,2025-07-30 00:32:47,"Request for support regarding unable to access PowerPoint, request ID #TKT-23991 this is blocking me from completing my tasks."
REC-002119,2025-07-14 12:18:47,"Request for support regarding unable to access SAP, request ID #TKT-80335 this is blocking me from completing my tasks."
REC-002120,2025-08-14 09:43:47,"Problem encountered: the printer at remote is not working again already tried restarting, no success."
REC-002121,2025-07-31 09:12:47,Problem encountered: the printer at lab room is not working again please grant access to shared drive.
REC-002122,2025-08-30 13:12:47,Request for support regarding SharePoint refuses to start after update this is blocking me from completing my tasks. Contact: nina.b
REC-002123,2025-07-19 21:04:47,Could you please check outlook refuses to start after update this is blocking me from completing my tasks.
REC-002124,2025-08-31 14:27:47,Facing an issue where VPN connection drops every few minutes causing delays in project work.
REC-002125,2025-06-26 12:01:47,I'm having trouble with VPN connection drops every few minutes causing delays in project work.
REC-002126,2025-07-18 00:52:47,Problem encountered: performance on Outlook is extremely slow need this fixed ASAP.
REC-002127,2025-08-21 23:40:47,"Olivia.m submitted a ticket: unable to access word, request id #tkt-40806 colleagues on lab room also affected. contact: mohamed.s"
REC-002128,2025-09-04 18:26:47,Need urgent help with my server at lab room showing unknown host colleagues on lab room also affected.
REC-002129,2025-08-13 04:45:47,Need urgent help with the tablet keeps restarting randomly need this fixed ASAP.
REC-002130,2025-07-25 07:38:47,Could you please check the laptop keeps restarting randomly this is blocking me from completing my tasks.
REC-002131,2025-07-11 04:09:47,Need urgent help with OneDrive refuses to start after update causing delays in project work.
REC-002132,2025-08-24 11:58:47,Facing an issue where my workstation at floor 1 showing not responding please fix wifi.
REC-002133,2025-07-25 11:31:47,Problem encountered: the printer at floor 1 is not working again causing delays in project work.
REC-002134,2025-07-09 02:20:47,I'm having trouble with VPN connection drops every few minutes need this fixed ASAP.
REC-002135,2025-08-26 03:26:47,"Need urgent help with unable to access Chrome, request ID #TKT-32461 causing delays in project work."
REC-002136,2025-08-22 03:14:47,Could you pls check my server at training hall showing blue screen need this fixed ASAP.
REC-002137,2025-07-20 14:53:47,Problem encountered: Outlook refuses to start after update causing delays in project work.
REC-002138,2025-08-26 16:51:47,Facing an issue where performance on Outlook is extremely slow need this fixed ASAP.
REC-002139,2025-07-09 17:34:47,User hannah.j reported: VPN connection drops every few minutes causing delays in project work.
REC-002140,2025-08-18 16:35:47,User david.p reported: the phone keeps restarting randomly causing delays in project work. contact: nina.b
REC-002141,2025-09-21 01:26:47,Problem encountered: my phone at floor 1 showing unknown host this has been happening since yesterday. Contact: david.p
REC-002142,2025-09-22 18:09:47,Facing an issue where the workstation keeps restarting randomly need this fixed asap.
REC-002143,2025-08-14 13:37:47,User alex.b reported: Teams refuses to start after update this has been happening since yesterday.
REC-002144,2025-06-28 12:22:47,User khaled.a reported: the printer at remote is not working again need this fixed ASAP.
REC-002145,2025-08-13 13:51:47,"Facing an issue where unable to access PowerPoint, request ID #TKT-62519 causing delays in project work. Contact: paul.r"
REC-002146,2025-07-08 09:07:47,Could you please check the phone keeps restarting randomly colleagues on training hall also affected.
REC-002147,2025-09-14 20:55:47,john.doe submitted a ticket: the printer at training hall is not working again colleagues on training hall also affected.
REC-002148,2025-08-08 08:28:47,Problem encountered: can't log in to Zoom please reset password.
REC-002149,2025-07-03 23:32:47,"Facing an issue where Word refuses to start after update already tried restarting, no success."
REC-002150,2025-09-20 11:15:47,User john.doe reported: the phone keeps restarting randomly this is blocking me from completing my tasks. contact: youssef.t
REC-002151,2025-06-26 16:02:47,Request for support regarding PowerPoint refuses to start after update this is blocking me from completing my tasks. Contact: alex.b
REC-002152,2025-08-21 10:59:47,Facing an issue where the server keeps restarting randomly this has been happening since yesterday.
REC-002153,2025-06-26 01:27:47,User george.t reported: the printer at remote is not working again this is blocking me from completing my tasks.
REC-002154,2025-09-04 10:48:47,Facing an issue where Chrome refuses to start after update need this fixed ASAP.
REC-002155,2025-08-25 21:53:47,I'm having trouble with Teams refuses to start after update this has been happening since yesterday.
REC-002156,2025-06-25 12:15:47,Need urgent help with performance on Chrome is extremely slow colleagues on lab room also affected.
REC-002157,2025-07-21 22:16:47,Need urgent help with performance on powerpoint is extremely slow please install adobe acrobat.
REC-002158,2025-09-18 11:36:47,mohamed.s submitted a ticket: the printer at floor 1 is not working again this has been happening since yesterday.
REC-002159,2025-08-22 13:06:47,Problem encountered: SharePoint refuses to start after update colleagues on HQ also affected.
REC-002160,2025-08-21 02:24:47,Problem encountered: the server keeps restarting randomly please install Adobe Acrobat. Contact: sarah.k
REC-002161,2025-07-16 04:03:47,Facing an issue where can't log in to Chrome this has been happening since yesterday.
REC-002162,2025-08-25 12:46:47,Request for support regarding can't log in to sharepoint this is blocking me from completing my tasks.
REC-002163,2025-08-24 05:13:47,Need urgent help with can't log in to SAP please reset password.
REC-002164,2025-08-12 02:34:47,"I'm having trouble with unable to access OneDrive, request ID #TKT-84782 colleagues on remote also affected."
REC-002165,2025-06-25 18:37:47,"Facing an issue where the printer at floor 3 is not working again already tried restarting, no success."
REC-002166,2025-08-28 22:21:47,Request for support regarding my workstation at floor 2 showing error code 720 causing delays in project work.
REC-002167,2025-07-27 10:23:47,User olivia.m reported: performance on SharePoint is extremely slow causing delays in project work.
REC-002168,2025-07-23 02:32:47,Problem encountered: can't log in to teams causing delays in project work.
REC-002169,2025-08-11 12:25:47,I'm having trouble with the tablet keeps restarting randomly colleagues on remote also affected.
REC-002170,2025-09-20 21:11:47,Problem encountered: performance on SAP is extremely slow this has been happening since yesterday. Contact: george.t
REC-002171,2025-07-14 09:28:47,"Request for support regarding unable to access sharepoint, request id #tkt-96667 please unlock account."
REC-002172,2025-08-09 06:30:47,Facing an issue where vpn connection drops every few minutes please grant access to shared drive.
REC-002173,2025-07-23 03:52:47,Need urgent help with the tablet keeps restarting randomly please fix wifi. Contact: emma.w
REC-002174,2025-07-22 07:47:47,Could you please check my laptop at floor 1 showing disk full this is blocking me from completing my tasks.
REC-002175,2025-08-16 16:15:47,"Request for support regarding unable to access Word, request ID #TKT-21850 please reset password."
REC-002176,2025-07-06 17:43:47,"I'm having trouble with unable to access Outlook, request ID #TKT-77554 need this fixed ASAP. Contact: nina.b"
REC-002177,2025-09-02 00:47:47,"I'm having trouble with vpn connection drops every few minutes already tried restarting, no success."
REC-002178,2025-08-09 05:00:47,I'm having trouble with the workstation keeps restarting randomly colleagues on branch office also affected. contact: olivia.m
REC-002179,2025-07-13 04:38:47,User fatima.z reported: can't log in to Slack this has been happening since yesterday. Contact: li.chen
REC-002180,2025-06-26 09:21:47,Could you please check performance on Zoom is extremely slow this has been happening since yesterday.
REC-002181,2025-06-25 00:22:47,Facing an issue where performance on SharePoint is extremely slow pls reset password. Contact: george.t
REC-002182,2025-08-05 18:43:47,Facing an issue where my phone at branch office showing network timeout causing delays in project work. Contact: fatima.z
REC-002183,2025-08-27 17:28:47,"ahmed.h submitted a ticket: unable to access Outlook, request ID #TKT-38989 colleagues on floor 2 also affected."
REC-002184,2025-09-21 03:28:47,Need urgent help with the printer at training hall is not working again colleagues on training hall also affected.
REC-002185,2025-09-16 17:10:47,User sarah.k reported: can't log in to Excel colleagues on floor 1 also affected. Contact: fatima.z
REC-002186,2025-09-05 05:18:47,"Could you pls check my workstation at floor 3 showing error code 720 already tried restarting, no success."
REC-002187,2025-09-14 08:36:47,Need urgent help with the printer at datacenter is not working again this has been happening since yesterday.
REC-002188,2025-09-12 02:59:47,Facing an issue where the tablet keeps restarting randomly need this fixed ASAP. Contact: maria.l
REC-002189,2025-09-03 06:58:47,Facing an issue where my desktop at floor 2 showing not responding this has been happening since yesterday.
REC-002190,2025-09-06 13:01:47,User hannah.j reported: vpn connection drops every few minutes this has been happening since yesterday.
REC-002191,2025-09-14 22:33:47,Request for support regarding Outlook refuses to start after update colleagues on branch office also affected. Contact: sofia.g
REC-002192,2025-07-24 19:45:47,"Request for support regarding unable to access Outlook, request ID #TKT-14549 this is blocking me from completing my tasks."
REC-002193,2025-07-15 15:55:47,Could you please check the printer at lab room is not working again need this fixed ASAP.
REC-002194,2025-09-20 19:39:47,Facing an issue where Excel refuses to start after update this has been happening since yesterday. Contact: fatima.z
REC-002195,2025-08-16 12:06:47,"User david.p reported: the phone keeps restarting randomly already tried restarting, no success."
REC-002196,2025-06-26 11:31:47,Could you please check Excel refuses to start after update colleagues on floor 1 also affected. Contact: nina.b
REC-002197,2025-07-14 15:49:47,"mohamed.s submitted a ticket: unable to access Chrome, request ID #TKT-53514 this has been happening since yesterday."
REC-002198,2025-07-23 14:44:47,sofia.g submitted a ticket: performance on OneDrive is extremely slow need this fixed ASAP.
REC-002199,2025-09-09 02:15:47,Facing an issue where vpn connection drops every few minutes please unlock account. contact: sarah.k
REC-002200,2025-07-27 23:00:47,Problem encountered: performance on OneDrive is extremely slow need this fixed ASAP.
REC-002201,2025-08-07 17:45:47,Problem encountered: VPN connection drops every few minutes need this fixed ASAP. Contact: paul.r
REC-002202,2025-08-23 16:21:47,"Request for support regarding can't log in to SAP already tried restarting, no success. Contact: hannah.j"
REC-002203,2025-08-19 12:49:47,"Problem encountered: unable to access Outlook, request ID #TKT-62122 need this fixed ASAP. Contact: li.chen"
REC-002204,2025-07-24 05:57:47,Facing an issue where VPN connection drops every few minutes need this fixed ASAP.
REC-002205,2025-08-22 07:22:47,"Could you please check unable to access sharepoint, request id #tkt-43437 this is blocking me from completing my tasks."
REC-002206,2025-08-25 17:25:47,Problem encountered: my server at floor 1 showing network timeout need this fixed ASAP.
REC-002207,2025-09-20 09:12:47,Facing an issue where can't log in to Jira colleagues on floor 3 also affected.
REC-002208,2025-07-20 23:45:47,User fatima.z reported: the printer at floor 1 is not working again this is blocking me from completing my tasks. contact: sarah.k
REC-002209,2025-07-07 19:15:47,Facing an issue where my tablet at datacenter showing not responding causing delays in project work.
REC-002210,2025-08-30 22:38:47,"Need urgent help with OneDrive refuses to start after update already tried restarting, no success."
REC-002211,2025-07-29 05:16:47,Request for support regarding the printer at HQ is not working again this has been happening since yesterday. Contact: paul.r
REC-002212,2025-07-20 17:15:47,"I'm having trouble with unable to access Teams, request ID #TKT-35458 need this fixed ASAP."
REC-002213,2025-09-03 13:54:47,Could you pls check can't log in to OneDrive pls setup new email account.
REC-002214,2025-09-19 23:35:47,Could you please check the printer at branch office is not working again this is blocking me from completing my tasks.
REC-002215,2025-07-12 12:49:47,Request for support regarding can't log in to onedrive colleagues on floor 2 also affected.
REC-002216,2025-07-03 11:45:47,Facing an issue where SharePoint refuses to start after update this is blocking me from completing my tasks.
REC-002217,2025-07-18 03:10:47,mohamed.s submitted a ticket: can't log in to Excel please reset password.
REC-002218,2025-09-09 14:51:47,"sarah.k submitted a ticket: unable to access Outlook, request ID #TKT-22220 colleagues on floor 1 also affected."
REC-002219,2025-09-21 14:37:47,Request for support regarding performance on Word is extremely slow causing delays in project work. Contact: olivia.m
REC-002220,2025-09-23 22:33:47,I'm having trouble with can't log in to SharePoint this has been happening since yesterday. Contact: john.doe
REC-002221,2025-07-23 21:03:47,I'm having trouble with the printer at branch office is not working again colleagues on branch office also affected.
REC-002222,2025-07-20 23:27:47,li.chen submitted a ticket: the laptop keeps restarting randomly this has been happening since yesterday.
REC-002223,2025-09-14 20:39:47,Need urgent help with can't log in to Jira causing delays in project work.
REC-002224,2025-08-18 11:49:47,"Problem encountered: unable to access Slack, request ID #TKT-64845 already tried restarting, no success."
REC-002225,2025-07-14 10:11:47,Facing an issue where can't log in to SharePoint this is blocking me from completing my tasks.
REC-002226,2025-06-25 13:52:47,"Could you please check unable to access Zoom, request ID #TKT-29309 this is blocking me from completing my tasks."
REC-002227,2025-09-17 05:22:47,Request for support regarding the printer at floor 3 is not working again this is blocking me from completing my tasks. Contact: maria.l
REC-002228,2025-07-04 06:28:47,Facing an issue where Chrome refuses to start after update please upgrade RAM.
REC-002229,2025-07-05 20:21:47,Request for support regarding my server at floor 2 showing access denied colleagues on floor 2 also affected.
REC-002230,2025-07-24 10:12:47,Need urgent help with my workstation at remote showing disk full pls replace keyboard.
REC-002231,2025-09-04 17:49:47,"Problem encountered: VPN connection drops every few minutes already tried restarting, no success. Contact: khaled.a"
REC-002232,2025-07-25 08:16:47,User mohamed.s reported: VPN connection drops every few minutes this is blocking me from completing my tasks.
REC-002233,2025-07-16 04:58:47,Facing an issue where can't log in to SharePoint need this fixed ASAP. Contact: olivia.m
REC-002234,2025-07-23 09:28:47,"Need urgent help with unable to access PowerPoint, request ID #TKT-95760 this is blocking me from completing my tasks."
REC-002235,2025-06-27 20:01:47,Could you pls check can't log in to Zoom pls install Adobe Acrobat.
REC-002236,2025-09-21 05:53:47,I'm having trouble with can't log in to Chrome please fix wifi.
REC-002237,2025-09-02 05:02:47,Could you please check my laptop at floor 2 showing error code 720 need this fixed ASAP. Contact: george.t
REC-002238,2025-09-13 16:58:47,Problem encountered: performance on SharePoint is extremely slow this is blocking me from completing my tasks. Contact: david.p
REC-002239,2025-09-03 08:33:47,Need urgent help with can't log in to sap this has been happening since yesterday.
REC-002240,2025-09-22 08:28:47,fatima.z submitted a ticket: VPN connection drops every few minutes please grant access to shared drive.
REC-002241,2025-08-02 06:41:47,I'm having trouble with the phone keeps restarting randomly please upgrade RAM.
REC-002242,2025-09-10 06:01:47,"Request for support regarding unable to access Chrome, request ID #TKT-22263 need this fixed ASAP."
REC-002243,2025-07-18 16:54:47,Request for support regarding the printer at remote is not working again colleagues on remote also affected.
REC-002244,2025-08-20 04:16:47,"Facing an issue where unable to access SharePoint, request ID #TKT-36012 need this fixed ASAP. Contact: sarah.k"
REC-002245,2025-08-16 15:24:47,Could you please check can't log in to slack this has been happening since yesterday.
REC-002246,2025-07-21 07:00:47,sarah.k submitted a ticket: my phone at remote showing printer jam this has been happening since yesterday. Contact: nina.b
REC-002247,2025-08-14 19:54:47,Could you please check my laptop at remote showing unknown host need this fixed ASAP.
REC-002248,2025-06-29 21:09:47,Need urgent help with VPN connection drops every few minutes this is blocking me from completing my tasks.
REC-002249,2025-08-07 04:53:47,"Could you pls check my laptop at training hall showing blue screen already tried restarting, no success. contact: john.doe"
REC-002250,2025-08-29 11:07:47,Request for support regarding my desktop at floor 2 showing unknown host this has been happening since yesterday. Contact: emma.w
REC-002251,2025-07-26 09:10:47,User mohamed.s reported: performance on PowerPoint is extremely slow this has been happening since yesterday.
REC-002252,2025-09-06 03:02:47,Facing an issue where my laptop at floor 3 showing unknown host this is blocking me from completing my tasks. Contact: nina.b
REC-002253,2025-07-28 23:13:47,olivia.m submitted a ticket: performance on Teams is extremely slow this has been happening since yesterday.
REC-002254,2025-07-03 20:56:47,Need urgent help with can't log in to Zoom this is blocking me from completing my tasks. Contact: fatima.z
REC-002255,2025-07-24 23:53:47,Request for support regarding can't log in to Jira this has been happening since yesterday.
REC-002256,2025-09-07 19:02:47,"Request for support regarding unable to access PowerPoint, request ID #TKT-22717 already tried restarting, no success."
REC-002257,2025-07-17 07:36:47,Problem encountered: VPN connection drops every few minutes colleagues on branch office also affected. Contact: john.doe
REC-002258,2025-07-26 02:45:47,Need urgent help with the printer at floor 2 is not working again please install Adobe Acrobat.
REC-002259,2025-09-11 03:08:47,Could you pls check the workstation keeps restarting randomly pls install adobe acrobat. contact: sofia.g
REC-002260,2025-07-19 01:46:47,I'm having trouble with the printer at training hall is not working again pls setup new email account.
REC-002261,2025-06-26 00:52:47,Problem encountered: the printer at floor 1 is not working again please unlock account.
REC-002262,2025-08-04 23:08:47,"User paul.r reported: unable to access OneDrive, request ID #TKT-60091 this has been happening since yesterday."
REC-002263,2025-07-14 02:41:47,"I'm having trouble with unable to access Teams, request ID #TKT-37197 already tried restarting, no success. Contact: sarah.k"
REC-002264,2025-09-18 12:35:47,Facing an issue where the desktop keeps restarting randomly causing delays in project work. Contact: nina.b
REC-002265,2025-07-26 23:40:47,Need urgent help with the server keeps restarting randomly this is blocking me from completing my tasks.
REC-002266,2025-07-20 12:39:47,Need urgent help with performance on Teams is extremely slow causing delays in project work. Contact: mohamed.s
REC-002267,2025-07-05 19:43:47,"Problem encountered: unable to access Word, request ID #TKT-74103 this has been happening since yesterday."
REC-002268,2025-08-10 09:43:47,"Could you pls check can't log in to slack already tried restarting, no success."
REC-002269,2025-08-22 16:52:47,User li.chen reported: performance on Excel is extremely slow please setup new email account.
REC-002270,2025-09-05 02:43:47,Request for support regarding VPN connection drops every few minutes please unlock account.
REC-002271,2025-07-24 20:32:47,Need urgent help with the tablet keeps restarting randomly this has been happening since yesterday. Contact: maria.l
REC-002272,2025-08-08 01:12:47,User li.chen reported: the printer at floor 1 is not working again this is blocking me from completing my tasks.
REC-002273,2025-07-29 11:41:47,Could you please check my workstation at branch office showing disk full this has been happening since yesterday.
REC-002274,2025-07-10 08:09:47,olivia.m submitted a ticket: the printer at HQ is not working again this has been happening since yesterday.
REC-002275,2025-07-08 21:57:47,Facing an issue where SharePoint refuses to start after update this has been happening since yesterday.
REC-002276,2025-07-04 05:59:47,Facing an issue where the printer at remote is not working again please fix wifi.
REC-002277,2025-08-01 01:54:47,Request for support regarding can't log in to word this is blocking me from completing my tasks.
REC-002278,2025-09-04 23:30:47,"Could you pls check performance on SharePoint is extremely slow already tried restarting, no success."
REC-002279,2025-07-13 18:46:47,Problem encountered: my desktop at datacenter showing unknown host colleagues on datacenter also affected.
REC-002280,2025-07-07 00:24:47,Need urgent help with Slack refuses to start after update need this fixed ASAP. Contact: fatima.z
REC-002281,2025-09-02 02:33:47,Problem encountered: Word refuses to start after update this is blocking me from completing my tasks.
REC-002282,2025-08-07 02:33:47,li.chen submitted a ticket: can't log in to Slack need this fixed ASAP. Contact: paul.r
REC-002283,2025-09-01 07:45:47,I'm having trouble with the printer at remote is not working again colleagues on remote also affected.
REC-002284,2025-08-03 18:16:47,User sofia.g reported: can't log in to Zoom need this fixed ASAP.
REC-002285,2025-09-14 06:37:47,"Could you please check Teams refuses to start after update already tried restarting, no success."
REC-002286,2025-07-08 03:15:47,paul.r submitted a ticket: the server keeps restarting randomly colleagues on datacenter also affected.
REC-002287,2025-08-29 22:31:47,I'm having trouble with the printer at floor 1 is not working again need this fixed ASAP.
REC-002288,2025-07-22 00:03:47,"Facing an issue where unable to access PowerPoint, request ID #TKT-63357 need this fixed ASAP."
REC-002289,2025-07-07 15:11:47,Request for support regarding can't log in to Chrome colleagues on remote also affected.
REC-002290,2025-09-23 02:30:47,Facing an issue where performance on SAP is extremely slow this is blocking me from completing my tasks. Contact: youssef.t
REC-002291,2025-08-08 04:59:47,"olivia.m submitted a ticket: unable to access Zoom, request ID #TKT-64922 this is blocking me from completing my tasks."
REC-002292,2025-09-10 00:15:47,Facing an issue where the printer at HQ is not working again pls grant access to shared drive. Contact: paul.r
REC-002293,2025-09-11 23:57:47,Could you please check performance on PowerPoint is extremely slow colleagues on branch office also affected.
REC-002294,2025-09-21 11:35:47,I'm having trouble with the printer at remote is not working again this has been happening since yesterday. contact: ahmed.h
REC-002295,2025-09-14 15:33:47,Facing an issue where my tablet at lab room showing disk full this has been happening since yesterday. Contact: david.p
REC-002296,2025-09-21 12:49:47,Problem encountered: OneDrive refuses to start after update need this fixed ASAP.
REC-002297,2025-07-08 15:41:47,john.doe submitted a ticket: Slack refuses to start after update colleagues on HQ also affected.
REC-002298,2025-07-30 06:13:47,I'm having trouble with performance on powerpoint is extremely slow please setup new email account.
REC-002299,2025-09-09 02:05:47,Facing an issue where the server keeps restarting randomly this has been happening since yesterday.
REC-002300,2025-07-10 09:06:47,User olivia.m reported: can't log in to OneDrive please fix wifi. Contact: fatima.z
REC-002301,2025-07-20 04:32:47,I'm having trouble with can't log in to Zoom need this fixed ASAP.
REC-002302,2025-08-11 06:45:47,"I'm having trouble with can't log in to outlook already tried restarting, no success."
REC-002303,2025-09-10 16:08:47,Problem encountered: can't log in to Excel this has been happening since yesterday. Contact: alex.b
REC-002304,2025-07-21 14:48:47,"Problem encountered: the printer at branch office is not working again already tried restarting, no success. Contact: maria.l"
REC-002305,2025-07-23 00:44:47,Problem encountered: performance on Outlook is extremely slow please unlock account. Contact: mohamed.s
REC-002306,2025-07-16 00:06:47,Need urgent help with my workstation at HQ showing not responding this is blocking me from completing my tasks.
REC-002307,2025-09-23 05:46:47,I'm having trouble with the printer at floor 1 is not working again this is blocking me from completing my tasks. Contact: khaled.a
REC-002308,2025-09-13 16:38:47,Could you please check performance on Zoom is extremely slow please grant access to shared drive. Contact: khaled.a
REC-002309,2025-08-29 20:29:47,User hannah.j reported: VPN connection drops every few minutes this is blocking me from completing my tasks.
REC-002310,2025-08-19 03:55:47,john.doe submitted a ticket: my workstation at HQ showing network timeout this is blocking me from completing my tasks.
REC-002311,2025-07-05 10:20:47,Facing an issue where my tablet at remote showing error code 720 need this fixed ASAP. Contact: david.p
REC-002312,2025-09-15 12:39:47,"Could you pls check unable to access Jira, request ID #TKT-52909 pls install Adobe Acrobat. Contact: george.t"
REC-002313,2025-09-16 12:10:47,"Problem encountered: performance on Word is extremely slow already tried restarting, no success."
REC-002314,2025-08-16 21:59:47,"I'm having trouble with the tablet keeps restarting randomly already tried restarting, no success."
REC-002315,2025-09-05 13:22:47,Could you please check Word refuses to start after update need this fixed ASAP.
REC-002316,2025-06-30 07:00:47,Need urgent help with the printer at datacenter is not working again causing delays in project work.
REC-002317,2025-07-18 18:45:47,"User olivia.m reported: the laptop keeps restarting randomly already tried restarting, no success."
REC-002318,2025-09-11 09:08:47,Request for support regarding the laptop keeps restarting randomly need this fixed ASAP.
REC-002319,2025-09-08 09:56:47,I'm having trouble with my phone at hq showing not responding causing delays in project work. contact: emma.w
REC-002320,2025-08-12 05:20:47,User youssef.t reported: SAP refuses to start after update please setup new email account.
REC-002321,2025-07-14 03:10:47,Facing an issue where vpn connection drops every few minutes please install vpn client.
REC-002322,2025-08-04 06:58:47,Request for support regarding can't log in to OneDrive this is blocking me from completing my tasks.
REC-002323,2025-08-05 13:52:47,Could you please check vpn connection drops every few minutes this has been happening since yesterday. contact: olivia.m
REC-002324,2025-08-08 09:43:47,Could you please check performance on Outlook is extremely slow please upgrade RAM.
REC-002325,2025-08-03 12:57:47,"Request for support regarding VPN connection drops every few minutes already tried restarting, no success."
REC-002326,2025-08-14 15:05:47,"Could you please check OneDrive refuses to start after update already tried restarting, no success. Contact: khaled.a"
REC-002327,2025-07-24 12:56:47,Could you please check my tablet at floor 1 showing access denied colleagues on floor 1 also affected.
REC-002328,2025-08-17 00:26:47,User john.doe reported: jira refuses to start after update need this fixed asap. contact: maria.l
REC-002329,2025-07-31 18:01:47,Facing an issue where can't log in to PowerPoint please reset password.
REC-002330,2025-09-14 02:52:47,I'm having trouble with can't log in to Zoom causing delays in project work.
REC-002331,2025-07-15 17:08:47,ahmed.h submitted a ticket: performance on Excel is extremely slow this is blocking me from completing my tasks.
REC-002332,2025-09-14 06:55:47,"Facing an issue where unable to access SAP, request ID #TKT-14489 causing delays in project work."
REC-002333,2025-09-22 15:09:47,Sarah.k submitted a ticket: the server keeps restarting randomly need this fixed asap.
REC-002334,2025-07-08 23:02:47,Could you please check the phone keeps restarting randomly causing delays in project work.
REC-002335,2025-09-22 01:54:47,"Request for support regarding my workstation at floor 1 showing not responding already tried restarting, no success."
REC-002336,2025-08-08 18:19:47,Request for support regarding my server at training hall showing blue screen causing delays in project work. Contact: li.chen
REC-002337,2025-07-09 16:21:47,"Facing an issue where unable to access onedrive, request id #tkt-75640 already tried restarting, no success."
REC-002338,2025-09-15 00:44:47,"Request for support regarding the printer at branch office is not working again already tried restarting, no success."
REC-002339,2025-07-28 10:43:47,User david.p reported: SAP refuses to start after update colleagues on floor 1 also affected.
REC-002340,2025-08-16 11:58:47,"Facing an issue where the workstation keeps restarting randomly already tried restarting, no success."
REC-002341,2025-08-25 04:24:47,Request for support regarding performance on Jira is extremely slow please upgrade RAM.
REC-002342,2025-07-04 03:59:47,Could you please check can't log in to Excel this has been happening since yesterday.
REC-002343,2025-08-25 23:33:47,"Request for support regarding unable to access Outlook, request ID #TKT-34618 colleagues on HQ also affected."
REC-002344,2025-08-13 20:16:47,"Could you pls check performance on Outlook is extremely slow already tried restarting, no success."
REC-002345,2025-08-12 13:15:47,User hannah.j reported: my server at floor 3 showing access denied need this fixed ASAP. Contact: li.chen
REC-002346,2025-07-18 21:50:47,Problem encountered: performance on SAP is extremely slow pls fix wifi.
REC-002347,2025-06-30 12:12:47,Request for support regarding VPN connection drops every few minutes please setup new email account.
REC-002348,2025-07-18 16:11:47,Request for support regarding can't log in to teams this is blocking me from completing my tasks.
REC-002349,2025-08-05 07:02:47,"User nina.b reported: unable to access OneDrive, request ID #TKT-32249 this has been happening since yesterday. Contact: olivia.m"
REC-002350,2025-07-10 08:00:47,"User mohamed.s reported: unable to access Teams, request ID #TKT-95902 this has been happening since yesterday. Contact: hannah.j"
REC-002351,2025-08-10 02:32:47,"Need urgent help with unable to access Excel, request ID #TKT-19656 this has been happening since yesterday."
REC-002352,2025-08-15 19:37:47,User george.t reported: performance on Excel is extremely slow need this fixed ASAP.
REC-002353,2025-07-11 04:26:47,"Facing an issue where unable to access Excel, request ID #TKT-78833 already tried restarting, no success."
REC-002354,2025-08-22 09:09:47,"Facing an issue where unable to access excel, request id #tkt-98789 this has been happening since yesterday."
REC-002355,2025-07-22 18:43:47,I'm having trouble with the desktop keeps restarting randomly please fix wifi.
REC-002356,2025-07-15 16:51:47,"User hannah.j reported: my tablet at branch office showing not responding already tried restarting, no success. Contact: ahmed.h"
REC-002357,2025-09-16 19:56:47,Request for support regarding my tablet at floor 2 showing not responding colleagues on floor 2 also affected. Contact: youssef.t
REC-002358,2025-07-19 09:18:47,I'm having trouble with performance on Chrome is extremely slow this is blocking me from completing my tasks.
REC-002359,2025-08-16 08:14:47,Need urgent help with performance on jira is extremely slow need this fixed asap.
REC-002360,2025-09-13 12:51:47,Facing an issue where performance on Zoom is extremely slow need this fixed ASAP.
REC-002361,2025-08-03 07:52:47,Problem encountered: VPN connection drops every few minutes this is blocking me from completing my tasks. Contact: fatima.z
REC-002362,2025-08-30 04:11:47,I'm having trouble with my server at remote showing unknown host this is blocking me from completing my tasks. Contact: maria.l
REC-002363,2025-08-30 12:40:47,Could you please check vpn connection drops every few minutes this has been happening since yesterday. contact: john.doe
REC-002364,2025-08-17 13:35:47,User fatima.z reported: my tablet at lab room showing disk full this is blocking me from completing my tasks.
REC-002365,2025-08-29 02:34:47,User maria.l reported: the tablet keeps restarting randomly pls grant access to shared drive. Contact: fatima.z
REC-002366,2025-09-04 18:16:47,"Could you please check unable to access Jira, request ID #TKT-84707 colleagues on floor 3 also affected. Contact: emma.w"
REC-002367,2025-07-25 12:02:47,"Need urgent help with unable to access slack, request id #tkt-63246 colleagues on floor 3 also affected."
REC-002368,2025-09-11 04:36:47,User alex.b reported: the workstation keeps restarting randomly colleagues on lab room also affected.
REC-002369,2025-07-18 15:27:47,Could you please check VPN connection drops every few minutes colleagues on datacenter also affected.
REC-002370,2025-07-08 14:45:47,"Request for support regarding unable to access Chrome, request ID #TKT-51078 this has been happening since yesterday."
REC-002371,2025-08-27 17:45:47,"sarah.k submitted a ticket: PowerPoint refuses to start after update already tried restarting, no success. Contact: maria.l"
REC-002372,2025-07-15 18:10:47,Need urgent help with the printer at training hall is not working again please setup new email account.
REC-002373,2025-08-02 05:43:47,Need urgent help with VPN connection drops every few minutes need this fixed ASAP.
REC-002374,2025-07-21 14:00:47,Need urgent help with VPN connection drops every few minutes please install VPN client.
REC-002375,2025-08-25 16:26:47,User emma.w reported: my server at HQ showing unknown host this is blocking me from completing my tasks. Contact: sarah.k
REC-002376,2025-07-20 07:47:47,I'm having trouble with performance on excel is extremely slow causing delays in project work.
REC-002377,2025-08-05 15:51:47,"I'm having trouble with performance on Outlook is extremely slow already tried restarting, no success."
REC-002378,2025-09-14 03:04:47,"Request for support regarding unable to access slack, request id #tkt-68740 causing delays in project work."
REC-002379,2025-09-01 04:40:47,fatima.z submitted a ticket: VPN connection drops every few minutes please setup new email account. Contact: hannah.j
REC-002380,2025-08-14 18:37:47,"User fatima.z reported: the printer at datacenter is not working again already tried restarting, no success."
REC-002381,2025-08-30 16:22:47,"Request for support regarding the desktop keeps restarting randomly already tried restarting, no success. Contact: alex.b"
REC-002382,2025-08-27 08:51:47,User mohamed.s reported: my tablet at training hall showing unknown host causing delays in project work.
REC-002383,2025-08-09 06:35:47,Could you please check the desktop keeps restarting randomly this has been happening since yesterday. Contact: ahmed.h
REC-002384,2025-08-27 22:17:47,Facing an issue where performance on SharePoint is extremely slow colleagues on training hall also affected. Contact: ahmed.h
REC-002385,2025-07-01 05:38:47,Facing an issue where the workstation keeps restarting randomly this has been happening since yesterday. contact: mohamed.s
REC-002386,2025-09-20 00:02:47,Paul.r submitted a ticket: the phone keeps restarting randomly need this fixed asap.
REC-002387,2025-08-17 15:50:47,I'm having trouble with VPN connection drops every few minutes need this fixed ASAP.
REC-002388,2025-08-08 15:34:47,mohamed.s submitted a ticket: performance on Zoom is extremely slow colleagues on floor 3 also affected.
REC-002389,2025-08-21 02:23:47,Need urgent help with performance on Excel is extremely slow need this fixed ASAP.
REC-002390,2025-07-24 22:47:47,Request for support regarding performance on Outlook is extremely slow this has been happening since yesterday.
REC-002391,2025-08-18 13:59:47,Problem encountered: VPN connection drops every few minutes need this fixed ASAP.
REC-002392,2025-07-26 02:42:47,Need urgent help with can't log in to Slack this is blocking me from completing my tasks.
REC-002393,2025-08-24 17:06:47,Problem encountered: VPN connection drops every few minutes causing delays in project work.
REC-002394,2025-09-17 10:25:47,"I'm having trouble with unable to access Zoom, request ID #TKT-81713 this has been happening since yesterday."
REC-002395,2025-09-21 01:32:47,Request for support regarding my workstation at datacenter showing printer jam colleagues on datacenter also affected.
REC-002396,2025-07-28 06:35:47,"Problem encountered: unable to access Teams, request ID #TKT-89172 please replace keyboard."
REC-002397,2025-07-03 22:06:47,"Problem encountered: the server keeps restarting randomly already tried restarting, no success."
REC-002398,2025-08-11 07:33:47,Problem encountered: OneDrive refuses to start after update colleagues on lab room also affected. Contact: alex.b
REC-002399,2025-09-10 19:06:47,Request for support regarding my server at branch office showing access denied need this fixed ASAP.
REC-002400,2025-08-14 11:40:47,Need urgent help with VPN connection drops every few minutes causing delays in project work.
REC-002401,2025-08-17 18:29:47,"Maria.l submitted a ticket: can't log in to sap already tried restarting, no success."
REC-002402,2025-08-17 06:57:47,"Problem encountered: Outlook refuses to start after update already tried restarting, no success."
REC-002403,2025-08-21 02:32:47,Need urgent help with my tablet at HQ showing not responding colleagues on HQ also affected.
REC-002404,2025-08-01 23:57:47,sarah.k submitted a ticket: VPN connection drops every few minutes need this fixed ASAP. Contact: hannah.j
REC-002405,2025-06-26 21:52:47,"User alex.b reported: can't log in to PowerPoint already tried restarting, no success."
REC-002406,2025-08-23 04:28:47,Need urgent help with outlook refuses to start after update need this fixed asap. contact: maria.l
REC-002407,2025-06-26 03:53:47,Need urgent help with vpn connection drops every few minutes please install vpn client.
REC-002408,2025-09-07 00:38:47,youssef.t submitted a ticket: the phone keeps restarting randomly need this fixed ASAP. Contact: youssef.t
REC-002409,2025-07-22 03:41:47,"Request for support regarding performance on Excel is extremely slow already tried restarting, no success."
REC-002410,2025-08-07 05:10:47,User olivia.m reported: can't log in to SAP this has been happening since yesterday.
REC-002411,2025-07-05 10:34:47,User nina.b reported: can't log in to Zoom this is blocking me from completing my tasks.
REC-002412,2025-08-04 23:39:47,Need urgent help with the workstation keeps restarting randomly need this fixed ASAP.
REC-002413,2025-08-28 05:04:47,"alex.b submitted a ticket: unable to access OneDrive, request ID #TKT-24113 already tried restarting, no success. Contact: emma.w"
REC-002414,2025-09-20 09:19:47,"Need urgent help with unable to access outlook, request id #tkt-74737 this is blocking me from completing my tasks."
REC-002415,2025-09-21 05:04:47,Need urgent help with my desktop at floor 2 showing printer jam this is blocking me from completing my tasks.
REC-002416,2025-09-10 21:29:47,Facing an issue where can't log in to PowerPoint causing delays in project work.
REC-002417,2025-08-26 00:46:47,User fatima.z reported: can't log in to SAP this has been happening since yesterday.
REC-002418,2025-09-04 17:55:47,Problem encountered: OneDrive refuses to start after update this is blocking me from completing my tasks. Contact: youssef.t
REC-002419,2025-08-24 18:12:47,I'm having trouble with the tablet keeps restarting randomly colleagues on training hall also affected.
REC-002420,2025-08-18 19:12:47,"Could you please check unable to access Outlook, request ID #TKT-10821 this has been happening since yesterday."
REC-002421,2025-08-21 00:29:47,david.p submitted a ticket: VPN connection drops every few minutes causing delays in project work.
REC-002422,2025-09-02 00:35:47,Problem encountered: SAP refuses to start after update this is blocking me from completing my tasks.
REC-002423,2025-08-22 01:33:47,I'm having trouble with the printer at datacenter is not working again colleagues on datacenter also affected. contact: khaled.a
REC-002424,2025-09-15 20:28:47,User david.p reported: VPN connection drops every few minutes causing delays in project work.
REC-002425,2025-08-15 01:21:47,Ahmed.h submitted a ticket: sap refuses to start after update please replace keyboard.
REC-002426,2025-08-27 21:14:47,User fatima.z reported: the printer at branch office is not working again this is blocking me from completing my tasks.
REC-002427,2025-07-26 12:26:47,"ahmed.h submitted a ticket: performance on Teams is extremely slow already tried restarting, no success."
REC-002428,2025-09-21 00:00:47,emma.w submitted a ticket: can't log in to PowerPoint this has been happening since yesterday.
REC-002429,2025-09-06 07:52:47,Need urgent help with my server at remote showing printer jam colleagues on remote also affected. contact: mohamed.s
REC-002430,2025-07-28 13:15:47,Facing an issue where can't log in to Jira causing delays in project work.
REC-002431,2025-08-16 07:25:47,"Problem encountered: VPN connection drops every few minutes already tried restarting, no success."
REC-002432,2025-08-22 05:29:47,"Need urgent help with my phone at floor 2 showing blue screen already tried restarting, no success."
REC-002433,2025-08-30 13:48:47,"Facing an issue where the printer at HQ is not working again already tried restarting, no success."
REC-002434,2025-07-05 20:51:47,Could you please check performance on Zoom is extremely slow need this fixed ASAP. Contact: maria.l
REC-002435,2025-08-20 08:06:47,hannah.j submitted a ticket: can't log in to PowerPoint this is blocking me from completing my tasks.
REC-002436,2025-09-13 03:47:47,Request for support regarding the server keeps restarting randomly please install VPN client.
REC-002437,2025-09-02 08:12:47,Problem encountered: VPN connection drops every few minutes need this fixed ASAP.
REC-002438,2025-09-15 07:59:47,Could you please check the desktop keeps restarting randomly causing delays in project work. contact: sarah.k
REC-002439,2025-07-20 13:54:47,"Request for support regarding unable to access teams, request id #tkt-53687 pls grant access to shared drive. contact: mohamed.s"
REC-002440,2025-07-20 23:05:47,I'm having trouble with my workstation at training hall showing network timeout causing delays in project work.
REC-002441,2025-07-28 09:06:47,"alex.b submitted a ticket: unable to access PowerPoint, request ID #TKT-35289 pls grant access to shared drive. Contact: alex.b"
REC-002442,2025-08-25 11:25:47,Need urgent help with VPN connection drops every few minutes colleagues on remote also affected.
REC-002443,2025-08-27 18:51:47,User khaled.a reported: the printer at lab room is not working again this is blocking me from completing my tasks.
REC-002444,2025-06-30 23:39:47,Facing an issue where the printer at floor 1 is not working again this is blocking me from completing my tasks.
REC-002445,2025-08-14 18:02:47,User john.doe reported: VPN connection drops every few minutes colleagues on datacenter also affected.
REC-002446,2025-07-04 07:43:47,"Could you please check Zoom refuses to start after update already tried restarting, no success."
REC-002447,2025-09-03 09:40:47,Need urgent help with my desktop at lab room showing error code 720 this is blocking me from completing my tasks.
REC-002448,2025-07-18 21:25:47,Problem encountered: the printer at datacenter is not working again please install VPN client. Contact: ahmed.h
REC-002449,2025-09-17 12:14:47,Alex.b submitted a ticket: the laptop keeps restarting randomly this has been happening since yesterday.
REC-002450,2025-09-01 23:52:47,Request for support regarding can't log in to Jira this is blocking me from completing my tasks. Contact: george.t
REC-002451,2025-09-14 17:00:47,Facing an issue where the workstation keeps restarting randomly causing delays in project work.
REC-002452,2025-08-10 21:53:47,I'm having trouble with can't log in to Slack causing delays in project work.
REC-002453,2025-07-11 03:43:47,I'm having trouble with Zoom refuses to start after update colleagues on branch office also affected. Contact: maria.l
REC-002454,2025-08-22 07:14:47,I'm having trouble with Word refuses to start after update this is blocking me from completing my tasks.
REC-002455,2025-07-11 20:20:47,Request for support regarding the phone keeps restarting randomly this is blocking me from completing my tasks.
REC-002456,2025-08-27 11:57:47,Need urgent help with the printer at floor 1 is not working again colleagues on floor 1 also affected.
REC-002457,2025-07-04 08:57:47,"I'm having trouble with unable to access Excel, request ID #TKT-59088 causing delays in project work. Contact: george.t"
REC-002458,2025-07-16 16:31:47,Could you please check VPN connection drops every few minutes causing delays in project work.
REC-002459,2025-08-23 01:14:47,I'm having trouble with the printer at floor 1 is not working again this is blocking me from completing my tasks.
REC-002460,2025-07-19 20:07:47,Problem encountered: the printer at floor 3 is not working again please reset password.
REC-002461,2025-09-13 04:16:47,I'm having trouble with VPN connection drops every few minutes pls grant access to shared drive.
REC-002462,2025-07-13 00:29:47,Problem encountered: the laptop keeps restarting randomly causing delays in project work.
REC-002463,2025-08-22 22:44:47,Could you please check my laptop at lab room showing not responding please upgrade RAM.
REC-002464,2025-08-20 06:37:47,Facing an issue where the workstation keeps restarting randomly causing delays in project work. Contact: george.t
REC-002465,2025-07-11 17:24:47,"Could you please check unable to access teams, request id #tkt-31762 please replace keyboard."
REC-002466,2025-07-10 01:15:47,youssef.t submitted a ticket: my phone at branch office showing access denied need this fixed ASAP. Contact: alex.b
REC-002467,2025-09-13 03:32:47,Could you please check performance on OneDrive is extremely slow causing delays in project work. Contact: alex.b
REC-002468,2025-09-07 08:41:47,"Could you please check unable to access Slack, request ID #TKT-34493 please install VPN client. Contact: sarah.k"
REC-002469,2025-09-13 09:07:47,Could you please check the printer at branch office is not working again need this fixed ASAP. Contact: youssef.t
REC-002470,2025-08-05 06:32:47,Request for support regarding my laptop at branch office showing blue screen colleagues on branch office also affected.
REC-002471,2025-07-31 17:20:47,Could you please check Teams refuses to start after update this is blocking me from completing my tasks.
REC-002472,2025-09-02 07:11:47,User olivia.m reported: the tablet keeps restarting randomly this is blocking me from completing my tasks.
REC-002473,2025-08-31 08:04:47,Request for support regarding my desktop at hq showing disk full colleagues on hq also affected.
REC-002474,2025-08-31 10:41:47,Problem encountered: the printer at training hall is not working again this has been happening since yesterday.
REC-002475,2025-08-09 12:20:47,"User alex.b reported: performance on Jira is extremely slow already tried restarting, no success."
REC-002476,2025-08-26 01:53:47,Request for support regarding the printer at remote is not working again colleagues on remote also affected.
REC-002477,2025-08-08 14:47:47,Facing an issue where Chrome refuses to start after update this has been happening since yesterday.
REC-002478,2025-07-03 01:59:47,Could you pls check can't log in to Word causing delays in project work.
REC-002479,2025-07-21 22:39:47,Facing an issue where performance on Jira is extremely slow causing delays in project work.
REC-002480,2025-07-18 02:22:47,Facing an issue where can't log in to slack need this fixed asap. contact: olivia.m
REC-002481,2025-07-31 11:39:47,paul.r submitted a ticket: VPN connection drops every few minutes this is blocking me from completing my tasks.
REC-002482,2025-07-19 09:51:47,Problem encountered: my phone at training hall showing error code 720 colleagues on training hall also affected.
REC-002483,2025-08-02 21:10:47,Problem encountered: Excel refuses to start after update this is blocking me from completing my tasks.
REC-002484,2025-06-28 12:38:47,alex.b submitted a ticket: the printer at branch office is not working again please install VPN client. Contact: emma.w
REC-002485,2025-08-23 14:15:47,Could you please check the workstation keeps restarting randomly causing delays in project work.
REC-002486,2025-06-25 17:27:47,"Facing an issue where unable to access Slack, request ID #TKT-25937 colleagues on floor 1 also affected."
REC-002487,2025-09-02 04:01:47,Request for support regarding Slack refuses to start after update causing delays in project work. Contact: olivia.m
REC-002488,2025-08-13 20:37:47,I'm having trouble with can't log in to Outlook this is blocking me from completing my tasks.
REC-002489,2025-08-08 15:29:47,User ahmed.h reported: performance on Jira is extremely slow need this fixed ASAP.
REC-002490,2025-09-21 09:10:47,Could you please check the laptop keeps restarting randomly need this fixed ASAP.
REC-002491,2025-07-13 03:33:47,Request for support regarding the printer at remote is not working again causing delays in project work.
REC-002492,2025-07-19 20:11:47,li.chen submitted a ticket: SharePoint refuses to start after update this has been happening since yesterday.
REC-002493,2025-09-09 18:21:47,"User sofia.g reported: unable to access OneDrive, request ID #TKT-77161 this is blocking me from completing my tasks."
REC-002494,2025-09-10 16:14:47,Could you please check the laptop keeps restarting randomly need this fixed ASAP.
REC-002495,2025-09-17 03:57:47,I'm having trouble with my desktop at branch office showing unknown host pls grant access to shared drive. contact: li.chen
REC-002496,2025-07-01 01:15:47,I'm having trouble with the workstation keeps restarting randomly this has been happening since yesterday.
REC-002497,2025-07-24 07:58:47,Request for support regarding the server keeps restarting randomly causing delays in project work.
REC-002498,2025-06-25 19:14:47,"Olivia.m submitted a ticket: the tablet keeps restarting randomly already tried restarting, no success."
REC-002499,2025-09-14 16:48:47,"Facing an issue where Word refuses to start after update already tried restarting, no success. Contact: maria.l"
REC-002500,2025-08-20 22:35:47,"Request for support regarding unable to access OneDrive, request ID #TKT-88242 colleagues on floor 1 also affected."
REC-002501,2025-07-11 16:15:47,Could you please check the printer at lab room is not working again colleagues on lab room also affected. Contact: maria.l
REC-002502,2025-08-19 10:25:47,I'm having trouble with the printer at datacenter is not working again need this fixed asap. contact: nina.b
REC-002503,2025-08-06 05:18:47,Problem encountered: performance on PowerPoint is extremely slow colleagues on training hall also affected.
REC-002504,2025-07-05 10:07:47,"nina.b submitted a ticket: the workstation keeps restarting randomly already tried restarting, no success. Contact: khaled.a"
REC-002505,2025-09-08 04:37:47,Could you please check the printer at lab room is not working again need this fixed ASAP.
REC-002506,2025-09-03 13:14:47,Could you pls check can't log in to Teams need this fixed ASAP.
REC-002507,2025-07-08 15:33:47,fatima.z submitted a ticket: performance on Zoom is extremely slow causing delays in project work.
REC-002508,2025-07-21 06:24:47,Request for support regarding the phone keeps restarting randomly this is blocking me from completing my tasks.
REC-002509,2025-07-12 02:20:47,Could you please check performance on Outlook is extremely slow this is blocking me from completing my tasks.
REC-002510,2025-07-24 04:04:47,I'm having trouble with the printer at lab room is not working again this is blocking me from completing my tasks.
REC-002511,2025-08-07 11:00:47,"User paul.r reported: performance on Teams is extremely slow already tried restarting, no success."
REC-002512,2025-09-12 03:27:47,Need urgent help with the server keeps restarting randomly pls install VPN client.
REC-002513,2025-07-06 18:36:47,john.doe submitted a ticket: VPN connection drops every few minutes please grant access to shared drive. Contact: sofia.g
REC-002514,2025-07-24 20:19:47,"I'm having trouble with the laptop keeps restarting randomly already tried restarting, no success."
REC-002515,2025-07-07 05:57:47,Problem encountered: can't log in to SharePoint colleagues on remote also affected. Contact: paul.r
REC-002516,2025-07-22 17:42:47,"Could you pls check unable to access Teams, request ID #TKT-61161 this has been happening since yesterday."
REC-002517,2025-07-04 06:46:47,Need urgent help with Excel refuses to start after update this is blocking me from completing my tasks. Contact: nina.b
REC-002518,2025-08-06 20:28:47,"nina.b submitted a ticket: Word refuses to start after update already tried restarting, no success."
REC-002519,2025-07-28 07:38:47,"User li.chen reported: unable to access Teams, request ID #TKT-46939 need this fixed ASAP."
REC-002520,2025-08-16 01:20:47,"Need urgent help with can't log in to Jira already tried restarting, no success."
REC-002521,2025-09-13 08:34:47,Could you please check the tablet keeps restarting randomly this has been happening since yesterday.
REC-002522,2025-07-08 22:35:47,Request for support regarding my server at training hall showing not responding causing delays in project work. contact: george.t
REC-002523,2025-08-16 17:38:47,Could you please check my desktop at lab room showing access denied need this fixed ASAP.
REC-002524,2025-08-15 02:50:47,emma.w submitted a ticket: the laptop keeps restarting randomly this has been happening since yesterday. Contact: paul.r
REC-002525,2025-08-21 06:30:47,User george.t reported: performance on OneDrive is extremely slow this is blocking me from completing my tasks.
REC-002526,2025-08-27 15:00:47,khaled.a submitted a ticket: can't log in to SAP this is blocking me from completing my tasks.
REC-002527,2025-09-09 17:33:47,Need urgent help with performance on Zoom is extremely slow causing delays in project work.
REC-002528,2025-09-02 08:59:47,Facing an issue where the printer at floor 3 is not working again need this fixed ASAP.
REC-002529,2025-09-12 16:00:47,Need urgent help with VPN connection drops every few minutes causing delays in project work.
REC-002530,2025-08-26 20:33:47,User hannah.j reported: the desktop keeps restarting randomly please replace keyboard. Contact: hannah.j
REC-002531,2025-06-25 09:56:47,Facing an issue where the printer at training hall is not working again please upgrade ram. contact: george.t
REC-002532,2025-08-17 20:20:47,Problem encountered: my workstation at lab room showing not responding this is blocking me from completing my tasks. Contact: sarah.k
REC-002533,2025-07-02 08:26:47,Need urgent help with the printer at remote is not working again colleagues on remote also affected.
REC-002534,2025-07-14 15:29:47,"Facing an issue where unable to access PowerPoint, request ID #TKT-73831 causing delays in project work. Contact: fatima.z"
REC-002535,2025-09-06 17:01:47,Problem encountered: performance on Slack is extremely slow causing delays in project work.
REC-002536,2025-09-21 22:55:47,I'm having trouble with the printer at floor 1 is not working again please install VPN client.
REC-002537,2025-07-13 04:56:47,Problem encountered: the workstation keeps restarting randomly this has been happening since yesterday. Contact: khaled.a
REC-002538,2025-08-17 23:09:47,Problem encountered: the server keeps restarting randomly colleagues on datacenter also affected.
REC-002539,2025-08-18 12:37:47,Need urgent help with the phone keeps restarting randomly causing delays in project work.
REC-002540,2025-08-24 17:09:47,"Facing an issue where unable to access Slack, request ID #TKT-99022 this is blocking me from completing my tasks."
REC-002541,2025-09-02 22:15:47,"I'm having trouble with can't log in to sap already tried restarting, no success."
REC-002542,2025-07-11 13:07:47,david.p submitted a ticket: the desktop keeps restarting randomly please replace keyboard.
REC-002543,2025-07-23 16:27:47,"User khaled.a reported: my server at remote showing disk full already tried restarting, no success."
REC-002544,2025-08-01 01:03:47,Need urgent help with my desktop at training hall showing access denied this is blocking me from completing my tasks.
REC-002545,2025-08-24 07:49:47,Mohamed.s submitted a ticket: can't log in to jira this has been happening since yesterday. contact: paul.r
REC-002546,2025-08-15 07:56:47,User li.chen reported: performance on Outlook is extremely slow causing delays in project work. Contact: alex.b
REC-002547,2025-08-11 08:35:47,User olivia.m reported: the printer at floor 2 is not working again please unlock account. Contact: olivia.m
REC-002548,2025-08-13 10:37:47,I'm having trouble with my tablet at hq showing network timeout need this fixed asap. contact: john.doe
REC-002549,2025-08-28 21:14:47,Need urgent help with the printer at floor 3 is not working again causing delays in project work.
REC-002550,2025-09-06 09:37:47,User khaled.a reported: the phone keeps restarting randomly this is blocking me from completing my tasks. Contact: alex.b
REC-002551,2025-08-14 16:39:47,"I'm having trouble with can't log in to Outlook already tried restarting, no success. Contact: maria.l"
REC-002552,2025-07-19 14:03:47,Need urgent help with the printer at floor 2 is not working again colleagues on floor 2 also affected. Contact: nina.b
REC-002553,2025-07-08 17:31:47,I'm having trouble with can't log in to Zoom causing delays in project work.
REC-002554,2025-08-18 21:34:47,Problem encountered: my phone at datacenter showing access denied this is blocking me from completing my tasks.
REC-002555,2025-07-13 14:58:47,User mohamed.s reported: VPN connection drops every few minutes this has been happening since yesterday.
REC-002556,2025-07-31 13:12:47,I'm having trouble with PowerPoint refuses to start after update need this fixed ASAP.
REC-002557,2025-06-27 11:58:47,Could you please check the laptop keeps restarting randomly please setup new email account.
REC-002558,2025-08-29 11:25:47,Need urgent help with can't log in to chrome causing delays in project work.
REC-002559,2025-09-06 15:55:47,"User sarah.k reported: can't log in to Excel already tried restarting, no success."
REC-002560,2025-09-11 06:53:47,User maria.l reported: my desktop at lab room showing printer jam colleagues on lab room also affected. Contact: maria.l
REC-002561,2025-06-27 22:02:47,"Could you please check unable to access Chrome, request ID #TKT-21966 already tried restarting, no success."
REC-002562,2025-09-15 19:11:47,"I'm having trouble with can't log in to Slack already tried restarting, no success."
REC-002563,2025-07-10 19:31:47,Could you please check my desktop at branch office showing blue screen this is blocking me from completing my tasks. Contact: paul.r
REC-002564,2025-08-17 20:33:47,Request for support regarding the phone keeps restarting randomly please setup new email account.
REC-002565,2025-09-17 17:42:47,Could you pls check performance on Jira is extremely slow this is blocking me from completing my tasks.
REC-002566,2025-09-07 18:46:47,Request for support regarding performance on Chrome is extremely slow this has been happening since yesterday.
REC-002567,2025-07-31 17:19:47,Facing an issue where Word refuses to start after update this is blocking me from completing my tasks.
REC-002568,2025-08-09 14:03:47,Problem encountered: Chrome refuses to start after update please grant access to shared drive.
REC-002569,2025-08-14 16:33:47,youssef.t submitted a ticket: the printer at remote is not working again pls unlock account.
REC-002570,2025-08-19 13:20:47,User emma.w reported: the printer at remote is not working again this is blocking me from completing my tasks.
REC-002571,2025-09-03 15:30:47,Need urgent help with Teams refuses to start after update this is blocking me from completing my tasks. Contact: li.chen
REC-002572,2025-08-25 10:16:47,"khaled.a submitted a ticket: Zoom refuses to start after update already tried restarting, no success."
REC-002573,2025-08-25 01:33:47,Problem encountered: the server keeps restarting randomly need this fixed asap.
REC-002574,2025-08-19 04:32:47,Facing an issue where can't log in to Zoom this has been happening since yesterday.
REC-002575,2025-09-08 00:02:47,Could you please check the workstation keeps restarting randomly causing delays in project work. Contact: li.chen
REC-002576,2025-09-18 14:55:47,I'm having trouble with performance on OneDrive is extremely slow need this fixed ASAP.
REC-002577,2025-07-10 08:18:47,Request for support regarding the server keeps restarting randomly need this fixed asap.
REC-002578,2025-08-18 10:57:47,Request for support regarding performance on word is extremely slow please upgrade ram.
REC-002579,2025-08-28 15:53:47,Facing an issue where can't log in to Chrome this has been happening since yesterday. Contact: alex.b
REC-002580,2025-07-25 04:22:47,george.t submitted a ticket: Outlook refuses to start after update colleagues on floor 2 also affected.
REC-002581,2025-09-02 23:30:47,User alex.b reported: my laptop at floor 1 showing blue screen need this fixed asap.
REC-002582,2025-07-15 07:57:47,"Facing an issue where Jira refuses to start after update already tried restarting, no success. Contact: olivia.m"
REC-002583,2025-09-19 12:23:47,"Problem encountered: unable to access SAP, request ID #TKT-36862 already tried restarting, no success."
REC-002584,2025-07-30 13:50:47,"Could you please check can't log in to SharePoint already tried restarting, no success."
REC-002585,2025-09-20 20:55:47,"Facing an issue where the printer at datacenter is not working again already tried restarting, no success."
REC-002586,2025-07-05 09:11:47,Need urgent help with chrome refuses to start after update this is blocking me from completing my tasks.
REC-002587,2025-08-15 19:34:47,ahmed.h submitted a ticket: the desktop keeps restarting randomly please setup new email account.
REC-002588,2025-09-17 07:36:47,ahmed.h submitted a ticket: can't log in to SAP this has been happening since yesterday. Contact: alex.b
REC-002589,2025-08-24 03:57:47,Need urgent help with Slack refuses to start after update this has been happening since yesterday.
REC-002590,2025-08-28 22:13:47,Facing an issue where vpn connection drops every few minutes colleagues on remote also affected.
REC-002591,2025-09-13 13:03:47,User john.doe reported: VPN connection drops every few minutes this has been happening since yesterday.
REC-002592,2025-08-03 03:39:47,Problem encountered: the printer at training hall is not working again this has been happening since yesterday.
REC-002593,2025-07-19 05:17:47,"Facing an issue where SAP refuses to start after update already tried restarting, no success."
REC-002594,2025-08-20 20:55:47,Need urgent help with my laptop at floor 1 showing blue screen this has been happening since yesterday. contact: sarah.k
REC-002595,2025-09-19 13:28:47,Request for support regarding SAP refuses to start after update causing delays in project work. Contact: emma.w
REC-002596,2025-07-16 08:24:47,Need urgent help with performance on teams is extremely slow colleagues on remote also affected.
REC-002597,2025-08-02 19:45:47,Could you please check PowerPoint refuses to start after update need this fixed ASAP.
REC-002598,2025-08-20 19:19:47,Facing an issue where the printer at datacenter is not working again please install VPN client. Contact: sarah.k
REC-002599,2025-07-05 05:37:47,"Need urgent help with unable to access SharePoint, request ID #TKT-31610 this has been happening since yesterday."
REC-002600,2025-09-05 21:37:47,User youssef.t reported: VPN connection drops every few minutes need this fixed ASAP.
REC-002601,2025-07-11 15:51:47,"I'm having trouble with unable to access Outlook, request ID #TKT-96511 already tried restarting, no success. Contact: sarah.k"
REC-002602,2025-09-01 04:04:47,"I'm having trouble with unable to access Excel, request ID #TKT-21659 causing delays in project work."
REC-002603,2025-09-16 05:09:47,I'm having trouble with my server at floor 3 showing network timeout causing delays in project work.
REC-002604,2025-06-26 19:27:47,"User john.doe reported: unable to access Jira, request ID #TKT-62905 this has been happening since yesterday. Contact: george.t"
REC-002605,2025-08-27 16:49:47,User li.chen reported: the tablet keeps restarting randomly colleagues on floor 3 also affected.
REC-002606,2025-08-09 15:05:47,Problem encountered: the printer at lab room is not working again need this fixed ASAP.
REC-002607,2025-07-06 23:58:47,Problem encountered: VPN connection drops every few minutes please install Adobe Acrobat.
REC-002608,2025-09-07 02:50:47,Problem encountered: performance on SAP is extremely slow this is blocking me from completing my tasks.
REC-002609,2025-07-15 07:07:47,"Problem encountered: unable to access OneDrive, request ID #TKT-54018 this is blocking me from completing my tasks."
REC-002610,2025-07-21 14:30:47,Could you pls check can't log in to SAP causing delays in project work.
REC-002611,2025-08-14 14:32:47,User youssef.t reported: can't log in to Slack pls install Adobe Acrobat.
REC-002612,2025-08-27 21:27:47,Could you please check can't log in to Jira colleagues on lab room also affected. Contact: nina.b
REC-002613,2025-08-05 09:28:47,Facing an issue where Word refuses to start after update need this fixed ASAP.
REC-002614,2025-07-20 09:20:47,Youssef.t submitted a ticket: the printer at training hall is not working again need this fixed asap.
REC-002615,2025-06-26 05:55:47,Facing an issue where the printer at lab room is not working again please install Adobe Acrobat.
REC-002616,2025-08-28 10:53:47,hannah.j submitted a ticket: VPN connection drops every few minutes this is blocking me from completing my tasks.
REC-002617,2025-08-27 15:44:47,Request for support regarding can't log in to OneDrive please fix wifi.
REC-002618,2025-08-12 07:58:47,"Sarah.k submitted a ticket: unable to access word, request id #tkt-44913 causing delays in project work."
REC-002619,2025-08-06 16:30:47,"Could you pls check the server keeps restarting randomly already tried restarting, no success."
REC-002620,2025-07-07 01:39:47,ahmed.h submitted a ticket: SharePoint refuses to start after update please fix wifi. Contact: nina.b
REC-002621,2025-07-16 16:28:47,"Request for support regarding unable to access teams, request id #tkt-31344 colleagues on lab room also affected."
REC-002622,2025-09-01 22:47:47,Problem encountered: the phone keeps restarting randomly this is blocking me from completing my tasks.
REC-002623,2025-08-08 08:44:47,"Facing an issue where the desktop keeps restarting randomly already tried restarting, no success. Contact: nina.b"
REC-002624,2025-08-09 01:31:47,Could you pls check the workstation keeps restarting randomly colleagues on floor 2 also affected.
REC-002625,2025-08-11 15:47:47,"Need urgent help with unable to access SAP, request ID #TKT-48721 pls install Adobe Acrobat. Contact: emma.w"
REC-002626,2025-09-19 15:43:47,Need urgent help with can't log in to jira please replace keyboard.
REC-002627,2025-09-18 19:06:47,Could you please check my phone at floor 3 showing printer jam colleagues on floor 3 also affected. Contact: paul.r
REC-002628,2025-08-22 05:35:47,Request for support regarding can't log in to Jira need this fixed ASAP.
REC-002629,2025-09-20 23:25:47,I'm having trouble with the workstation keeps restarting randomly this is blocking me from completing my tasks.
REC-002630,2025-08-25 05:31:47,Could you pls check my workstation at branch office showing not responding colleagues on branch office also affected.
REC-002631,2025-07-04 21:00:47,"Could you please check unable to access Outlook, request ID #TKT-14489 need this fixed ASAP."
REC-002632,2025-08-22 12:39:47,Problem encountered: the printer at floor 2 is not working again causing delays in project work.
REC-002633,2025-07-29 20:19:47,Problem encountered: performance on Zoom is extremely slow need this fixed ASAP.
REC-002634,2025-08-01 05:55:47,Request for support regarding the laptop keeps restarting randomly colleagues on remote also affected.
REC-002635,2025-09-23 08:29:47,User maria.l reported: the printer at floor 1 is not working again this has been happening since yesterday. Contact: youssef.t
REC-002636,2025-08-10 12:40:47,john.doe submitted a ticket: can't log in to PowerPoint colleagues on training hall also affected. Contact: emma.w
REC-002637,2025-08-13 11:26:47,User john.doe reported: performance on Teams is extremely slow this is blocking me from completing my tasks.
REC-002638,2025-08-11 01:12:47,"Facing an issue where unable to access Slack, request ID #TKT-63956 already tried restarting, no success."
REC-002639,2025-06-27 03:08:47,Could you pls check can't log in to Outlook this has been happening since yesterday.
REC-002640,2025-08-28 06:14:47,Could you pls check performance on SAP is extremely slow this is blocking me from completing my tasks.
REC-002641,2025-07-18 21:47:47,User david.p reported: the printer at training hall is not working again this has been happening since yesterday. Contact: david.p
REC-002642,2025-08-04 07:00:47,"Request for support regarding Zoom refuses to start after update already tried restarting, no success."
REC-002643,2025-08-27 18:37:47,I'm having trouble with the printer at floor 3 is not working again this has been happening since yesterday. Contact: li.chen
REC-002644,2025-07-16 15:36:47,"Problem encountered: teams refuses to start after update already tried restarting, no success. contact: mohamed.s"
REC-002645,2025-07-30 05:28:47,Facing an issue where the printer at floor 1 is not working again this is blocking me from completing my tasks. Contact: david.p
REC-002646,2025-08-03 06:02:47,Need urgent help with can't log in to OneDrive colleagues on floor 3 also affected.
REC-002647,2025-08-23 16:26:47,Problem encountered: VPN connection drops every few minutes this is blocking me from completing my tasks.
REC-002648,2025-07-09 21:49:47,Facing an issue where can't log in to Slack colleagues on lab room also affected. Contact: hannah.j
REC-002649,2025-06-26 15:07:47,User fatima.z reported: excel refuses to start after update need this fixed asap.
REC-002650,2025-08-13 20:48:47,"User maria.l reported: unable to access Chrome, request ID #TKT-92930 causing delays in project work. Contact: sofia.g"
REC-002651,2025-07-29 22:01:47,Request for support regarding the printer at datacenter is not working again this has been happening since yesterday. Contact: george.t
REC-002652,2025-07-15 16:39:47,Could you please check my server at floor 3 showing not responding please fix wifi. Contact: mohamed.s
REC-002653,2025-07-08 13:51:47,Problem encountered: my desktop at training hall showing printer jam causing delays in project work.
REC-002654,2025-08-14 12:46:47,Request for support regarding VPN connection drops every few minutes colleagues on floor 2 also affected.
REC-002655,2025-06-25 23:46:47,"Facing an issue where the laptop keeps restarting randomly already tried restarting, no success."
REC-002656,2025-08-17 21:23:47,Need urgent help with VPN connection drops every few minutes this has been happening since yesterday.
REC-002657,2025-07-08 13:53:47,Could you please check performance on onedrive is extremely slow causing delays in project work.
REC-002658,2025-09-23 12:18:47,User olivia.m reported: my phone at floor 1 showing access denied colleagues on floor 1 also affected.
REC-002659,2025-07-02 08:33:47,Problem encountered: my desktop at datacenter showing network timeout this is blocking me from completing my tasks.
REC-002660,2025-07-23 02:17:47,User olivia.m reported: my laptop at floor 2 showing error code 720 this has been happening since yesterday.
REC-002661,2025-07-02 10:48:47,"I'm having trouble with VPN connection drops every few minutes already tried restarting, no success. Contact: hannah.j"
REC-002662,2025-08-12 06:42:47,"Facing an issue where unable to access Excel, request ID #TKT-11830 causing delays in project work."
REC-002663,2025-06-28 01:41:47,Problem encountered: Chrome refuses to start after update causing delays in project work. Contact: hannah.j
REC-002664,2025-07-20 05:05:47,Need urgent help with the phone keeps restarting randomly causing delays in project work.
REC-002665,2025-07-26 18:45:47,john.doe submitted a ticket: VPN connection drops every few minutes pls reset password. Contact: sofia.g
REC-002666,2025-09-13 23:07:47,Could you pls check Teams refuses to start after update this is blocking me from completing my tasks. Contact: li.chen
REC-002667,2025-08-23 09:14:47,youssef.t submitted a ticket: Jira refuses to start after update this has been happening since yesterday. Contact: emma.w
REC-002668,2025-07-08 19:10:47,maria.l submitted a ticket: SharePoint refuses to start after update this is blocking me from completing my tasks.
REC-002669,2025-07-18 15:09:47,"sofia.g submitted a ticket: my phone at lab room showing blue screen already tried restarting, no success."
REC-002670,2025-06-30 16:54:47,olivia.m submitted a ticket: the printer at branch office is not working again need this fixed ASAP.
REC-002671,2025-07-16 06:08:47,"Fatima.z submitted a ticket: unable to access slack, request id #tkt-86909 need this fixed asap."
REC-002672,2025-07-05 00:55:47,Facing an issue where can't log in to chrome causing delays in project work.
REC-002673,2025-06-28 14:50:47,Request for support regarding can't log in to Teams causing delays in project work.
REC-002674,2025-08-12 13:18:47,Problem encountered: my server at lab room showing printer jam pls reset password. Contact: sofia.g
REC-002675,2025-08-14 13:38:47,Need urgent help with performance on Slack is extremely slow causing delays in project work.
REC-002676,2025-08-20 15:02:47,Request for support regarding Teams refuses to start after update need this fixed ASAP. Contact: alex.b
REC-002677,2025-09-09 12:07:47,nina.b submitted a ticket: my workstation at lab room showing access denied this has been happening since yesterday.
REC-002678,2025-08-28 05:31:47,"I'm having trouble with unable to access Outlook, request ID #TKT-26650 please install VPN client."
REC-002679,2025-07-23 06:48:47,User paul.r reported: my tablet at floor 2 showing error code 720 this is blocking me from completing my tasks.
REC-002680,2025-07-28 05:40:47,"khaled.a submitted a ticket: unable to access Excel, request ID #TKT-50014 this has been happening since yesterday."
REC-002681,2025-08-12 08:40:47,Problem encountered: the printer at floor 2 is not working again need this fixed ASAP.
REC-002682,2025-07-30 12:58:47,Alex.b submitted a ticket: the tablet keeps restarting randomly this is blocking me from completing my tasks.
REC-002683,2025-07-12 18:41:47,"I'm having trouble with my workstation at training hall showing printer jam already tried restarting, no success."
REC-002684,2025-08-16 09:03:47,User david.p reported: performance on SAP is extremely slow causing delays in project work. Contact: khaled.a
REC-002685,2025-07-23 05:11:47,"User sofia.g reported: unable to access Excel, request ID #TKT-85837 this is blocking me from completing my tasks."
REC-002686,2025-09-01 21:54:47,Problem encountered: can't log in to Jira need this fixed ASAP.
REC-002687,2025-08-08 05:20:47,"I'm having trouble with unable to access outlook, request id #tkt-31431 this has been happening since yesterday."
REC-002688,2025-09-11 03:29:47,Problem encountered: the printer at datacenter is not working again this has been happening since yesterday. Contact: olivia.m
REC-002689,2025-07-17 10:04:47,Request for support regarding can't log in to OneDrive please install Adobe Acrobat.
REC-002690,2025-09-20 00:12:47,"I'm having trouble with can't log in to Zoom already tried restarting, no success."
REC-002691,2025-07-17 15:40:47,"Facing an issue where unable to access Word, request ID #TKT-20235 need this fixed ASAP."
REC-002692,2025-09-09 11:29:47,Could you please check can't log in to Slack causing delays in project work. Contact: paul.r
REC-002693,2025-08-27 07:48:47,I'm having trouble with VPN connection drops every few minutes this is blocking me from completing my tasks.
REC-002694,2025-07-15 19:03:47,Request for support regarding my workstation at branch office showing access denied causing delays in project work. Contact: nina.b
REC-002695,2025-09-08 23:59:47,Could you pls check the printer at HQ is not working again this is blocking me from completing my tasks.
REC-002696,2025-08-08 16:30:47,User david.p reported: excel refuses to start after update this is blocking me from completing my tasks.
REC-002697,2025-07-03 05:00:47,"User david.p reported: can't log in to PowerPoint already tried restarting, no success."
REC-002698,2025-08-09 07:10:47,Need urgent help with the tablet keeps restarting randomly this has been happening since yesterday.
REC-002699,2025-08-21 20:22:47,Could you please check the laptop keeps restarting randomly need this fixed asap.
REC-002700,2025-07-19 15:02:47,User youssef.t reported: PowerPoint refuses to start after update colleagues on floor 2 also affected. Contact: sofia.g
REC-002701,2025-08-07 16:08:47,Facing an issue where the printer at HQ is not working again causing delays in project work.
REC-002702,2025-07-09 00:23:47,I'm having trouble with Jira refuses to start after update please replace keyboard.
REC-002703,2025-07-04 00:47:47,Need urgent help with my workstation at floor 3 showing network timeout colleagues on floor 3 also affected.
REC-002704,2025-09-12 17:43:47,Need urgent help with Jira refuses to start after update need this fixed ASAP. Contact: george.t
REC-002705,2025-08-16 14:27:47,Facing an issue where VPN connection drops every few minutes causing delays in project work. Contact: khaled.a
REC-002706,2025-08-14 04:44:47,Need urgent help with powerpoint refuses to start after update this has been happening since yesterday.
REC-002707,2025-07-09 15:43:47,"Facing an issue where unable to access SAP, request ID #TKT-42703 colleagues on lab room also affected. Contact: khaled.a"
REC-002708,2025-08-03 14:57:47,Facing an issue where can't log in to Chrome colleagues on lab room also affected. Contact: nina.b
REC-002709,2025-08-14 04:36:47,Problem encountered: VPN connection drops every few minutes need this fixed ASAP.
REC-002710,2025-07-12 00:31:47,george.t submitted a ticket: VPN connection drops every few minutes this has been happening since yesterday.
REC-002711,2025-09-23 04:53:47,"Need urgent help with VPN connection drops every few minutes already tried restarting, no success."
REC-002712,2025-08-08 21:29:47,"olivia.m submitted a ticket: unable to access Excel, request ID #TKT-31334 need this fixed ASAP. Contact: olivia.m"
REC-002713,2025-09-07 14:13:47,Facing an issue where the printer at floor 1 is not working again this is blocking me from completing my tasks.
REC-002714,2025-07-19 06:02:47,Problem encountered: can't log in to Outlook causing delays in project work. Contact: david.p
REC-002715,2025-09-14 07:00:47,emma.w submitted a ticket: performance on PowerPoint is extremely slow please reset password. Contact: youssef.t
REC-002716,2025-09-01 15:51:47,"Need urgent help with unable to access OneDrive, request ID #TKT-46840 colleagues on HQ also affected."
REC-002717,2025-08-21 02:43:47,Could you please check the phone keeps restarting randomly colleagues on branch office also affected.
REC-002718,2025-09-18 12:49:47,I'm having trouble with the server keeps restarting randomly this has been happening since yesterday. Contact: olivia.m
REC-002719,2025-08-08 07:09:47,Need urgent help with the desktop keeps restarting randomly this is blocking me from completing my tasks. contact: hannah.j
REC-002720,2025-08-09 13:04:47,"Request for support regarding can't log in to word already tried restarting, no success."
REC-002721,2025-07-06 18:09:47,george.t submitted a ticket: performance on Slack is extremely slow this has been happening since yesterday. Contact: nina.b
REC-002722,2025-08-10 14:25:47,Facing an issue where performance on Outlook is extremely slow colleagues on floor 1 also affected.
REC-002723,2025-07-14 10:02:47,"Could you please check unable to access Excel, request ID #TKT-20690 this is blocking me from completing my tasks."
REC-002724,2025-09-07 20:42:47,ahmed.h submitted a ticket: the printer at datacenter is not working again this has been happening since yesterday.
REC-002725,2025-08-27 09:38:47,Problem encountered: Excel refuses to start after update causing delays in project work.
REC-002726,2025-08-14 02:52:47,Request for support regarding VPN connection drops every few minutes this has been happening since yesterday.
REC-002727,2025-08-14 08:34:47,Request for support regarding can't log in to Teams need this fixed ASAP.
REC-002728,2025-07-29 15:19:47,"Request for support regarding the printer at training hall is not working again already tried restarting, no success."
REC-002729,2025-07-17 14:21:47,"Could you please check SAP refuses to start after update already tried restarting, no success."
REC-002730,2025-07-02 21:05:47,"Need urgent help with my phone at training hall showing disk full already tried restarting, no success."
REC-002731,2025-09-08 16:46:47,Problem encountered: VPN connection drops every few minutes causing delays in project work. Contact: maria.l
REC-002732,2025-08-10 08:48:47,sarah.k submitted a ticket: performance on Teams is extremely slow this has been happening since yesterday. Contact: youssef.t
REC-002733,2025-09-01 07:15:47,Could you please check the printer at lab room is not working again please grant access to shared drive.
REC-002734,2025-07-20 14:18:47,john.doe submitted a ticket: VPN connection drops every few minutes this has been happening since yesterday.
REC-002735,2025-09-14 04:19:47,Need urgent help with the workstation keeps restarting randomly causing delays in project work.
REC-002736,2025-07-08 02:29:47,Request for support regarding performance on SharePoint is extremely slow please replace keyboard.
REC-002737,2025-08-19 21:40:47,khaled.a submitted a ticket: the laptop keeps restarting randomly need this fixed ASAP.
REC-002738,2025-09-21 14:07:47,Request for support regarding Chrome refuses to start after update please setup new email account. Contact: alex.b
REC-002739,2025-08-18 12:19:47,khaled.a submitted a ticket: my laptop at training hall showing disk full colleagues on training hall also affected.
REC-002740,2025-09-02 15:50:47,I'm having trouble with VPN connection drops every few minutes please reset password. Contact: nina.b
REC-002741,2025-08-20 03:36:47,Problem encountered: the server keeps restarting randomly this has been happening since yesterday. Contact: alex.b
REC-002742,2025-08-17 18:06:47,Request for support regarding Teams refuses to start after update please install Adobe Acrobat. Contact: emma.w
REC-002743,2025-07-09 15:22:47,Facing an issue where the desktop keeps restarting randomly this is blocking me from completing my tasks.
REC-002744,2025-09-05 21:27:47,Facing an issue where Teams refuses to start after update this has been happening since yesterday. Contact: olivia.m
REC-002745,2025-07-22 08:27:47,User youssef.t reported: the workstation keeps restarting randomly causing delays in project work.
REC-002746,2025-09-10 12:43:47,Facing an issue where can't log in to zoom colleagues on datacenter also affected.
REC-002747,2025-09-13 13:41:47,User emma.w reported: the tablet keeps restarting randomly need this fixed asap.
REC-002748,2025-07-04 07:16:47,I'm having trouble with the printer at HQ is not working again causing delays in project work.
REC-002749,2025-08-19 05:52:47,Problem encountered: my desktop at training hall showing printer jam pls grant access to shared drive. Contact: khaled.a
REC-002750,2025-08-14 13:49:47,Need urgent help with can't log in to SAP need this fixed ASAP.
REC-002751,2025-08-21 16:57:47,"Could you pls check my phone at remote showing disk full already tried restarting, no success."
REC-002752,2025-07-15 21:04:47,mohamed.s submitted a ticket: can't log in to Excel this is blocking me from completing my tasks.
REC-002753,2025-07-07 19:44:47,I'm having trouble with the server keeps restarting randomly need this fixed asap. contact: emma.w
REC-002754,2025-07-16 05:05:47,"User emma.w reported: unable to access Jira, request ID #TKT-19898 already tried restarting, no success. Contact: david.p"
REC-002755,2025-08-01 13:42:47,User fatima.z reported: the printer at remote is not working again need this fixed ASAP.
REC-002756,2025-08-06 04:09:47,Facing an issue where the workstation keeps restarting randomly causing delays in project work.
REC-002757,2025-08-09 07:59:47,"Problem encountered: the printer at remote is not working again already tried restarting, no success."
REC-002758,2025-08-29 15:33:47,User hannah.j reported: sap refuses to start after update this is blocking me from completing my tasks.
REC-002759,2025-07-29 03:15:47,Facing an issue where can't log in to PowerPoint this has been happening since yesterday.
REC-002760,2025-07-21 02:24:47,User fatima.z reported: VPN connection drops every few minutes please install VPN client. Contact: youssef.t
REC-002761,2025-09-14 09:33:47,Need urgent help with can't log in to Excel this is blocking me from completing my tasks. Contact: li.chen
REC-002762,2025-07-04 02:47:47,"john.doe submitted a ticket: my server at lab room showing access denied already tried restarting, no success. Contact: khaled.a"
REC-002763,2025-08-30 03:52:47,"Could you pls check unable to access Excel, request ID #TKT-48154 already tried restarting, no success."
REC-002764,2025-08-06 04:43:47,Could you please check can't log in to sap please install adobe acrobat.
REC-002765,2025-08-11 09:09:47,Problem encountered: the tablet keeps restarting randomly this has been happening since yesterday.
REC-002766,2025-07-17 03:28:47,Request for support regarding my laptop at floor 2 showing access denied need this fixed ASAP.
REC-002767,2025-09-04 10:27:47,I'm having trouble with VPN connection drops every few minutes this has been happening since yesterday.
REC-002768,2025-09-23 21:46:47,Facing an issue where VPN connection drops every few minutes causing delays in project work.
REC-002769,2025-09-11 02:22:47,Request for support regarding my server at training hall showing network timeout this is blocking me from completing my tasks.
REC-002770,2025-08-15 08:42:47,"User david.p reported: unable to access Zoom, request ID #TKT-40029 causing delays in project work. Contact: youssef.t"
REC-002771,2025-07-16 23:37:47,Could you please check the printer at floor 2 is not working again causing delays in project work. contact: hannah.j
REC-002772,2025-08-18 07:20:47,User li.chen reported: SharePoint refuses to start after update colleagues on remote also affected.
REC-002773,2025-07-09 18:01:47,"Could you please check unable to access Chrome, request ID #TKT-19867 this is blocking me from completing my tasks. Contact: john.doe"
REC-002774,2025-08-05 00:49:47,Request for support regarding can't log in to SharePoint colleagues on floor 2 also affected.
REC-002775,2025-09-05 15:29:47,Need urgent help with can't log in to Chrome this has been happening since yesterday.
REC-002776,2025-07-23 13:54:47,"User fatima.z reported: unable to access Zoom, request ID #TKT-10218 this is blocking me from completing my tasks."
REC-002777,2025-07-09 03:28:47,Need urgent help with my server at branch office showing access denied causing delays in project work.
REC-002778,2025-09-02 17:12:47,hannah.j submitted a ticket: Teams refuses to start after update this is blocking me from completing my tasks.
REC-002779,2025-08-07 22:18:47,I'm having trouble with VPN connection drops every few minutes please install Adobe Acrobat.
REC-002780,2025-08-02 18:12:47,User fatima.z reported: my tablet at floor 3 showing not responding this is blocking me from completing my tasks. Contact: ahmed.h
REC-002781,2025-06-27 08:24:47,sarah.k submitted a ticket: can't log in to Outlook this has been happening since yesterday.
REC-002782,2025-07-23 16:29:47,Need urgent help with the printer at floor 3 is not working again this has been happening since yesterday. contact: ahmed.h
REC-002783,2025-08-21 12:32:47,Could you please check can't log in to Jira please unlock account.
REC-002784,2025-07-07 00:05:47,Request for support regarding performance on Teams is extremely slow this has been happening since yesterday.
REC-002785,2025-07-23 06:37:47,"Request for support regarding unable to access Slack, request ID #TKT-16206 causing delays in project work."
REC-002786,2025-09-06 13:11:47,Request for support regarding Word refuses to start after update need this fixed ASAP.
REC-002787,2025-06-27 00:38:47,I'm having trouble with the printer at remote is not working again this is blocking me from completing my tasks. contact: alex.b
REC-002788,2025-07-18 22:40:47,Could you please check performance on Teams is extremely slow need this fixed ASAP.
REC-002789,2025-08-19 16:55:47,Need urgent help with vpn connection drops every few minutes causing delays in project work.
REC-002790,2025-07-01 14:37:47,Could you please check my tablet at floor 2 showing not responding this has been happening since yesterday. Contact: john.doe
REC-002791,2025-08-17 04:16:47,Facing an issue where performance on OneDrive is extremely slow please install Adobe Acrobat.
REC-002792,2025-09-14 08:26:47,Could you please check my laptop at floor 2 showing not responding need this fixed ASAP.
REC-002793,2025-08-24 14:14:47,Request for support regarding the printer at lab room is not working again this has been happening since yesterday. Contact: hannah.j
REC-002794,2025-08-18 19:55:47,Need urgent help with the printer at lab room is not working again causing delays in project work.
REC-002795,2025-07-30 19:06:47,youssef.t submitted a ticket: the printer at remote is not working again need this fixed ASAP. Contact: fatima.z
REC-002796,2025-08-15 10:58:47,User youssef.t reported: performance on Excel is extremely slow this has been happening since yesterday.
REC-002797,2025-09-08 12:17:47,"Request for support regarding my desktop at remote showing not responding already tried restarting, no success."
REC-002798,2025-07-28 23:25:47,Facing an issue where can't log in to SharePoint colleagues on remote also affected.
REC-002799,2025-07-13 08:03:47,Facing an issue where the phone keeps restarting randomly this has been happening since yesterday. Contact: mohamed.s
REC-002800,2025-09-09 13:43:47,"Facing an issue where the printer at remote is not working again already tried restarting, no success. Contact: li.chen"
REC-002801,2025-07-14 22:57:47,"youssef.t submitted a ticket: VPN connection drops every few minutes already tried restarting, no success. Contact: john.doe"
REC-002802,2025-06-30 09:59:47,Request for support regarding the tablet keeps restarting randomly need this fixed ASAP. Contact: paul.r
REC-002803,2025-06-30 13:09:47,User alex.b reported: VPN connection drops every few minutes need this fixed ASAP. Contact: maria.l
REC-002804,2025-08-03 05:05:47,Request for support regarding Teams refuses to start after update this is blocking me from completing my tasks.
REC-002805,2025-08-28 13:10:47,"fatima.z submitted a ticket: unable to access Jira, request ID #TKT-44593 causing delays in project work."
REC-002806,2025-07-10 07:39:47,Could you please check my phone at branch office showing unknown host need this fixed ASAP.
REC-002807,2025-07-13 05:02:47,Facing an issue where Word refuses to start after update causing delays in project work.
REC-002808,2025-06-28 18:16:47,Facing an issue where the server keeps restarting randomly this is blocking me from completing my tasks.
REC-002809,2025-08-14 17:10:47,Request for support regarding performance on PowerPoint is extremely slow this has been happening since yesterday. Contact: maria.l
REC-002810,2025-08-07 14:10:47,"Could you please check unable to access Outlook, request ID #TKT-52874 colleagues on floor 3 also affected. Contact: paul.r"
REC-002811,2025-07-18 12:11:47,Request for support regarding VPN connection drops every few minutes need this fixed ASAP. Contact: hannah.j
REC-002812,2025-07-22 08:02:47,Request for support regarding VPN connection drops every few minutes this has been happening since yesterday. Contact: ahmed.h
REC-002813,2025-08-04 05:48:47,Facing an issue where performance on Chrome is extremely slow need this fixed ASAP.
REC-002814,2025-07-16 02:56:47,"youssef.t submitted a ticket: unable to access Excel, request ID #TKT-86718 please fix wifi."
REC-002815,2025-09-01 19:38:47,Facing an issue where the printer at remote is not working again this is blocking me from completing my tasks. contact: ahmed.h
REC-002816,2025-08-08 21:22:47,I'm having trouble with the printer at training hall is not working again please setup new email account.
REC-002817,2025-06-26 10:56:47,david.p submitted a ticket: my workstation at branch office showing network timeout this is blocking me from completing my tasks.
REC-002818,2025-09-17 15:17:47,Request for support regarding the printer at branch office is not working again need this fixed asap.
REC-002819,2025-09-12 13:04:47,Facing an issue where performance on Zoom is extremely slow need this fixed ASAP.
REC-002820,2025-09-11 06:27:47,I'm having trouble with Jira refuses to start after update colleagues on datacenter also affected.
REC-002821,2025-06-30 15:04:47,Problem encountered: Slack refuses to start after update causing delays in project work.
REC-002822,2025-09-19 02:36:47,Facing an issue where Zoom refuses to start after update this has been happening since yesterday.
REC-002823,2025-07-06 15:14:47,Facing an issue where can't log in to onedrive causing delays in project work. contact: john.doe
REC-002824,2025-09-16 23:38:47,User li.chen reported: the server keeps restarting randomly this has been happening since yesterday.
REC-002825,2025-09-09 08:42:47,Could you please check vpn connection drops every few minutes this has been happening since yesterday.
REC-002826,2025-09-13 23:11:47,Problem encountered: my tablet at HQ showing access denied need this fixed ASAP. Contact: george.t
REC-002827,2025-06-26 17:32:47,Could you please check the printer at floor 2 is not working again causing delays in project work.
REC-002828,2025-07-27 16:00:47,Problem encountered: my workstation at remote showing not responding colleagues on remote also affected.
REC-002829,2025-06-25 00:00:47,Need urgent help with the printer at lab room is not working again need this fixed ASAP.
REC-002830,2025-07-06 20:03:47,Facing an issue where VPN connection drops every few minutes colleagues on branch office also affected.
REC-002831,2025-08-28 05:19:47,I'm having trouble with the printer at lab room is not working again causing delays in project work.
REC-002832,2025-08-13 01:44:47,Problem encountered: can't log in to PowerPoint colleagues on lab room also affected.
REC-002833,2025-07-03 22:17:47,"Could you pls check unable to access zoom, request id #tkt-77724 this has been happening since yesterday. contact: george.t"
REC-002834,2025-09-23 03:48:47,Request for support regarding my desktop at training hall showing not responding colleagues on training hall also affected. Contact: alex.b
REC-002835,2025-08-19 13:35:47,george.t submitted a ticket: the tablet keeps restarting randomly this is blocking me from completing my tasks.
REC-002836,2025-08-25 08:30:47,mohamed.s submitted a ticket: the workstation keeps restarting randomly colleagues on training hall also affected. Contact: paul.r
REC-002837,2025-09-06 20:42:47,"Request for support regarding unable to access Excel, request ID #TKT-55185 this has been happening since yesterday."
REC-002838,2025-08-15 18:52:47,"Problem encountered: the server keeps restarting randomly already tried restarting, no success."
REC-002839,2025-08-10 01:21:47,Need urgent help with Slack refuses to start after update colleagues on floor 2 also affected.
REC-002840,2025-07-16 20:54:47,"User hannah.j reported: unable to access Word, request ID #TKT-72135 pls install Adobe Acrobat."
REC-002841,2025-09-11 23:34:47,I'm having trouble with the printer at floor 1 is not working again need this fixed ASAP. Contact: nina.b
REC-002842,2025-07-27 08:27:47,Need urgent help with my tablet at hq showing printer jam causing delays in project work.
REC-002843,2025-07-08 11:41:47,User mohamed.s reported: the laptop keeps restarting randomly colleagues on datacenter also affected. Contact: fatima.z
REC-002844,2025-07-17 04:43:47,"I'm having trouble with VPN connection drops every few minutes already tried restarting, no success."
REC-002845,2025-06-26 05:47:47,"Facing an issue where unable to access Teams, request ID #TKT-80348 already tried restarting, no success."
REC-002846,2025-08-08 20:00:47,Request for support regarding VPN connection drops every few minutes need this fixed ASAP.
REC-002847,2025-06-24 22:51:47,User sofia.g reported: the printer at training hall is not working again causing delays in project work.
REC-002848,2025-08-23 05:04:47,I'm having trouble with can't log in to Teams this is blocking me from completing my tasks. Contact: li.chen
REC-002849,2025-07-20 06:50:47,paul.r submitted a ticket: performance on Outlook is extremely slow need this fixed ASAP.
REC-002850,2025-06-26 05:13:47,I'm having trouble with the printer at lab room is not working again please upgrade RAM.
REC-002851,2025-06-30 10:01:47,"Request for support regarding VPN connection drops every few minutes already tried restarting, no success."
REC-002852,2025-09-04 07:20:47,Problem encountered: the tablet keeps restarting randomly this has been happening since yesterday. Contact: li.chen
REC-002853,2025-07-22 23:50:47,I'm having trouble with the laptop keeps restarting randomly colleagues on HQ also affected.
REC-002854,2025-08-09 17:46:47,I'm having trouble with Jira refuses to start after update colleagues on floor 3 also affected.
REC-002855,2025-09-06 14:43:47,User khaled.a reported: performance on SAP is extremely slow this is blocking me from completing my tasks.
REC-002856,2025-07-03 06:03:47,I'm having trouble with VPN connection drops every few minutes colleagues on lab room also affected. Contact: john.doe
REC-002857,2025-08-20 23:07:47,alex.b submitted a ticket: my laptop at training hall showing unknown host need this fixed ASAP.
REC-002858,2025-06-28 12:32:47,I'm having trouble with Slack refuses to start after update this is blocking me from completing my tasks.
REC-002859,2025-07-15 09:03:47,Facing an issue where VPN connection drops every few minutes this is blocking me from completing my tasks. Contact: george.t
REC-002860,2025-07-29 10:23:47,User li.chen reported: the printer at lab room is not working again this is blocking me from completing my tasks.
REC-002861,2025-07-05 06:24:47,"I'm having trouble with onedrive refuses to start after update already tried restarting, no success."
REC-002862,2025-08-29 20:34:47,User youssef.t reported: can't log in to slack colleagues on floor 3 also affected.
REC-002863,2025-07-29 01:46:47,Problem encountered: can't log in to Jira causing delays in project work.
REC-002864,2025-08-06 13:14:47,Need urgent help with the printer at floor 3 is not working again this has been happening since yesterday.
REC-002865,2025-08-21 02:40:47,Facing an issue where Slack refuses to start after update need this fixed ASAP.
REC-002866,2025-07-16 00:20:47,nina.b submitted a ticket: my server at floor 3 showing printer jam pls setup new email account.
REC-002867,2025-08-31 07:32:47,Request for support regarding Outlook refuses to start after update this has been happening since yesterday.
REC-002868,2025-07-30 22:18:47,Need urgent help with my desktop at training hall showing disk full this is blocking me from completing my tasks.
REC-002869,2025-08-30 04:33:47,Problem encountered: my desktop at training hall showing access denied need this fixed ASAP. Contact: li.chen
REC-002870,2025-07-07 02:59:47,"User youssef.t reported: can't log in to Teams already tried restarting, no success."
REC-002871,2025-07-11 16:32:47,Request for support regarding the desktop keeps restarting randomly please replace keyboard. Contact: sofia.g
REC-002872,2025-09-21 06:49:47,Facing an issue where OneDrive refuses to start after update this has been happening since yesterday.
REC-002873,2025-07-26 08:38:47,"User nina.b reported: my phone at branch office showing blue screen already tried restarting, no success."
REC-002874,2025-07-12 12:57:47,Problem encountered: can't log in to SAP please install Adobe Acrobat. Contact: maria.l
REC-002875,2025-07-30 22:07:47,Facing an issue where performance on Zoom is extremely slow need this fixed ASAP.
REC-002876,2025-08-09 08:44:47,Request for support regarding OneDrive refuses to start after update this is blocking me from completing my tasks.
REC-002877,2025-07-26 04:41:47,Request for support regarding the printer at lab room is not working again this has been happening since yesterday.
REC-002878,2025-09-13 03:32:47,"Facing an issue where unable to access Excel, request ID #TKT-77805 pls unlock account. Contact: george.t"
REC-002879,2025-08-10 00:48:47,"Request for support regarding Zoom refuses to start after update already tried restarting, no success."
REC-002880,2025-08-27 14:17:47,nina.b submitted a ticket: performance on Zoom is extremely slow causing delays in project work.
REC-002881,2025-09-09 17:39:47,User paul.r reported: performance on Outlook is extremely slow this has been happening since yesterday.
REC-002882,2025-07-28 10:09:47,Facing an issue where can't log in to chrome this is blocking me from completing my tasks.
REC-002883,2025-06-26 01:06:47,olivia.m submitted a ticket: can't log in to Jira pls install Adobe Acrobat. Contact: hannah.j
REC-002884,2025-09-11 15:16:47,Facing an issue where the phone keeps restarting randomly colleagues on branch office also affected. Contact: maria.l
REC-002885,2025-09-14 21:00:47,"I'm having trouble with unable to access Excel, request ID #TKT-70686 need this fixed ASAP. Contact: emma.w"
REC-002886,2025-06-30 05:45:47,paul.r submitted a ticket: can't log in to Word please fix wifi.
REC-002887,2025-08-15 14:36:47,Could you please check Slack refuses to start after update this is blocking me from completing my tasks.
REC-002888,2025-07-25 23:50:47,User li.chen reported: VPN connection drops every few minutes this is blocking me from completing my tasks. Contact: john.doe
REC-002889,2025-07-14 20:55:47,Need urgent help with my desktop at lab room showing unknown host this has been happening since yesterday.
REC-002890,2025-07-02 05:58:47,"I'm having trouble with unable to access Teams, request ID #TKT-80395 already tried restarting, no success. Contact: david.p"
REC-002891,2025-08-07 23:53:47,Facing an issue where VPN connection drops every few minutes please unlock account. Contact: fatima.z
REC-002892,2025-08-20 01:16:47,"Need urgent help with unable to access onedrive, request id #tkt-91402 need this fixed asap."
REC-002893,2025-09-15 22:15:47,Could you pls check the printer at datacenter is not working again causing delays in project work. Contact: alex.b
REC-002894,2025-07-19 19:22:47,Problem encountered: Jira refuses to start after update this has been happening since yesterday.
REC-002895,2025-08-06 04:26:47,Could you pls check my server at remote showing blue screen pls install VPN client.
REC-002896,2025-07-16 14:41:47,User emma.w reported: VPN connection drops every few minutes colleagues on lab room also affected. Contact: sofia.g
REC-002897,2025-09-14 08:06:47,I'm having trouble with performance on Excel is extremely slow pls setup new email account. Contact: george.t
REC-002898,2025-08-22 14:52:47,Request for support regarding Word refuses to start after update colleagues on floor 1 also affected.
REC-002899,2025-09-21 00:19:47,Could you please check my tablet at datacenter showing error code 720 causing delays in project work. Contact: emma.w
REC-002900,2025-08-31 15:42:47,Request for support regarding Jira refuses to start after update colleagues on floor 1 also affected.
REC-002901,2025-08-09 09:51:47,Request for support regarding the phone keeps restarting randomly please unlock account.
REC-002902,2025-08-20 18:28:47,"Could you please check can't log in to Excel already tried restarting, no success."
REC-002903,2025-07-08 19:27:47,Request for support regarding performance on teams is extremely slow causing delays in project work.
REC-002904,2025-07-17 23:25:47,"User david.p reported: unable to access Chrome, request ID #TKT-76418 this is blocking me from completing my tasks."
REC-002905,2025-09-19 09:07:47,Request for support regarding my tablet at HQ showing error code 720 colleagues on HQ also affected.
REC-002906,2025-08-16 01:57:47,Need urgent help with the printer at floor 2 is not working again pls upgrade RAM.
REC-002907,2025-08-10 10:38:47,Need urgent help with my workstation at lab room showing unknown host causing delays in project work.
REC-002908,2025-07-20 00:59:47,Facing an issue where my server at branch office showing disk full causing delays in project work. contact: sofia.g
REC-002909,2025-08-29 19:56:47,Facing an issue where VPN connection drops every few minutes this is blocking me from completing my tasks.
REC-002910,2025-08-04 11:19:47,Facing an issue where the server keeps restarting randomly need this fixed ASAP.
REC-002911,2025-08-17 00:36:47,User mohamed.s reported: SAP refuses to start after update colleagues on remote also affected. Contact: khaled.a
REC-002912,2025-08-10 13:14:47,"Need urgent help with unable to access slack, request id #tkt-60442 need this fixed asap."
REC-002913,2025-08-26 14:23:47,Facing an issue where the phone keeps restarting randomly need this fixed ASAP.
REC-002914,2025-07-07 18:11:47,Could you please check the printer at floor 2 is not working again this is blocking me from completing my tasks.
REC-002915,2025-08-21 05:01:47,Problem encountered: can't log in to Teams colleagues on floor 3 also affected.
REC-002916,2025-07-22 20:21:47,Could you please check the laptop keeps restarting randomly this is blocking me from completing my tasks.
REC-002917,2025-07-05 07:40:47,"Need urgent help with unable to access Jira, request ID #TKT-89852 this is blocking me from completing my tasks."
REC-002918,2025-09-19 06:18:47,Facing an issue where the server keeps restarting randomly causing delays in project work. contact: maria.l
REC-002919,2025-08-20 05:45:47,youssef.t submitted a ticket: the printer at remote is not working again this has been happening since yesterday.
REC-002920,2025-07-02 06:24:47,I'm having trouble with the tablet keeps restarting randomly this is blocking me from completing my tasks.
REC-002921,2025-09-18 05:36:47,Request for support regarding the workstation keeps restarting randomly please replace keyboard. Contact: youssef.t
REC-002922,2025-09-08 08:48:47,"Could you please check unable to access Zoom, request ID #TKT-79700 already tried restarting, no success. Contact: fatima.z"
REC-002923,2025-07-25 20:27:47,User youssef.t reported: my laptop at lab room showing disk full this is blocking me from completing my tasks. Contact: nina.b
REC-002924,2025-09-14 12:26:47,"Problem encountered: word refuses to start after update already tried restarting, no success."
REC-002925,2025-07-04 14:47:47,Could you please check performance on Outlook is extremely slow this has been happening since yesterday.
REC-002926,2025-08-05 01:17:47,Need urgent help with performance on Slack is extremely slow colleagues on HQ also affected.
REC-002927,2025-08-10 06:34:47,sofia.g submitted a ticket: the workstation keeps restarting randomly this has been happening since yesterday.
REC-002928,2025-06-27 12:04:47,"Facing an issue where the tablet keeps restarting randomly already tried restarting, no success."
REC-002929,2025-07-06 23:31:47,Need urgent help with the printer at floor 3 is not working again causing delays in project work.
REC-002930,2025-07-14 09:26:47,Need urgent help with my server at branch office showing blue screen this is blocking me from completing my tasks. contact: paul.r
REC-002931,2025-09-16 19:13:47,I'm having trouble with VPN connection drops every few minutes please unlock account.
REC-002932,2025-09-22 07:38:47,"Request for support regarding can't log in to jira already tried restarting, no success. contact: sarah.k"
REC-002933,2025-07-27 05:03:47,"Khaled.a submitted a ticket: excel refuses to start after update already tried restarting, no success."
REC-002934,2025-09-01 22:20:47,"Request for support regarding VPN connection drops every few minutes already tried restarting, no success."
REC-002935,2025-07-28 03:47:47,"Problem encountered: performance on Jira is extremely slow already tried restarting, no success. Contact: olivia.m"
REC-002936,2025-06-29 12:58:47,Request for support regarding performance on OneDrive is extremely slow need this fixed ASAP.
REC-002937,2025-07-29 11:45:47,Could you please check my server at datacenter showing network timeout this has been happening since yesterday.
REC-002938,2025-07-12 10:00:47,Need urgent help with my laptop at branch office showing disk full need this fixed asap.
REC-002939,2025-09-19 09:12:47,"Could you please check unable to access Slack, request ID #TKT-86609 please grant access to shared drive."
REC-002940,2025-07-19 15:33:47,"Could you pls check can't log in to zoom already tried restarting, no success."
REC-002941,2025-09-20 08:02:47,Request for support regarding the workstation keeps restarting randomly pls reset password.
REC-002942,2025-08-12 15:55:47,Could you please check VPN connection drops every few minutes causing delays in project work.
REC-002943,2025-08-20 08:03:47,I'm having trouble with my phone at floor 1 showing blue screen need this fixed ASAP. Contact: sarah.k
REC-002944,2025-09-08 17:34:47,"Mohamed.s submitted a ticket: unable to access zoom, request id #tkt-84493 please install vpn client."
REC-002945,2025-06-27 09:01:47,I'm having trouble with the desktop keeps restarting randomly need this fixed asap.
REC-002946,2025-06-30 09:26:47,Need urgent help with my laptop at HQ showing error code 720 causing delays in project work. Contact: hannah.j
REC-002947,2025-07-13 11:25:47,User hannah.j reported: the printer at floor 3 is not working again colleagues on floor 3 also affected.
REC-002948,2025-08-02 06:57:47,I'm having trouble with performance on PowerPoint is extremely slow causing delays in project work.
REC-002949,2025-08-29 01:50:47,Could you please check SharePoint refuses to start after update please grant access to shared drive.
REC-002950,2025-09-13 07:33:47,"Request for support regarding unable to access SAP, request ID #TKT-10441 need this fixed ASAP."
REC-002951,2025-09-19 22:21:47,"Facing an issue where unable to access PowerPoint, request ID #TKT-97298 need this fixed ASAP."
REC-002952,2025-07-16 11:57:47,Could you please check Jira refuses to start after update causing delays in project work.
REC-002953,2025-07-06 04:48:47,Facing an issue where the printer at floor 2 is not working again colleagues on floor 2 also affected.
REC-002954,2025-08-25 18:42:47,Could you please check the printer at HQ is not working again please setup new email account.
REC-002955,2025-08-20 19:16:47,nina.b submitted a ticket: the printer at floor 3 is not working again causing delays in project work. Contact: olivia.m
REC-002956,2025-09-10 14:06:47,Request for support regarding the printer at training hall is not working again please install VPN client.
REC-002957,2025-09-14 10:39:47,Problem encountered: the printer at remote is not working again this has been happening since yesterday.
REC-002958,2025-06-25 14:01:47,"john.doe submitted a ticket: VPN connection drops every few minutes already tried restarting, no success. Contact: sarah.k"
REC-002959,2025-07-14 15:47:47,Request for support regarding my server at floor 1 showing unknown host please setup new email account.
REC-002960,2025-08-10 09:35:47,Problem encountered: can't log in to Slack colleagues on branch office also affected. Contact: ahmed.h
REC-002961,2025-07-01 17:28:47,"User li.chen reported: Outlook refuses to start after update already tried restarting, no success."
REC-002962,2025-09-10 12:28:47,User khaled.a reported: VPN connection drops every few minutes need this fixed ASAP. Contact: ahmed.h
REC-002963,2025-07-27 10:14:47,Problem encountered: my server at training hall showing network timeout pls reset password. Contact: maria.l
REC-002964,2025-07-08 14:46:47,Facing an issue where the desktop keeps restarting randomly causing delays in project work.
REC-002965,2025-08-09 18:19:47,Facing an issue where VPN connection drops every few minutes this has been happening since yesterday.
REC-002966,2025-07-26 15:02:47,olivia.m submitted a ticket: PowerPoint refuses to start after update need this fixed ASAP.
REC-002967,2025-09-13 12:50:47,"Facing an issue where unable to access Word, request ID #TKT-38340 this has been happening since yesterday."
REC-002968,2025-08-04 20:38:47,Need urgent help with performance on sharepoint is extremely slow please unlock account. contact: maria.l
REC-002969,2025-09-06 05:40:47,Could you please check can't log in to SAP causing delays in project work. Contact: sofia.g
REC-002970,2025-09-22 06:01:47,"youssef.t submitted a ticket: performance on Chrome is extremely slow already tried restarting, no success."
REC-002971,2025-07-14 06:52:47,Need urgent help with can't log in to Chrome this has been happening since yesterday.
REC-002972,2025-07-14 08:05:47,"Request for support regarding the phone keeps restarting randomly already tried restarting, no success."
REC-002973,2025-07-16 17:05:47,Could you please check performance on SAP is extremely slow need this fixed ASAP.
REC-002974,2025-07-28 08:29:47,Problem encountered: performance on powerpoint is extremely slow causing delays in project work.
REC-002975,2025-08-17 22:29:47,nina.b submitted a ticket: can't log in to Slack please replace keyboard.
REC-002976,2025-08-25 06:07:47,"Problem encountered: zoom refuses to start after update already tried restarting, no success."
REC-002977,2025-08-12 18:29:47,"Need urgent help with VPN connection drops every few minutes already tried restarting, no success."
REC-002978,2025-07-31 10:23:47,"Could you please check unable to access Teams, request ID #TKT-55118 this is blocking me from completing my tasks."
REC-002979,2025-08-19 07:21:47,"Request for support regarding VPN connection drops every few minutes already tried restarting, no success. Contact: alex.b"
REC-002980,2025-09-08 04:28:47,li.chen submitted a ticket: the printer at floor 3 is not working again causing delays in project work.
REC-002981,2025-08-12 14:35:47,khaled.a submitted a ticket: the printer at datacenter is not working again causing delays in project work.
REC-002982,2025-09-18 20:01:47,User li.chen reported: my laptop at remote showing access denied this is blocking me from completing my tasks. Contact: sofia.g
REC-002983,2025-07-18 01:34:47,"Need urgent help with SharePoint refuses to start after update already tried restarting, no success. Contact: sarah.k"
REC-002984,2025-08-08 00:30:47,I'm having trouble with my workstation at floor 1 showing network timeout colleagues on floor 1 also affected. Contact: olivia.m
REC-002985,2025-07-21 06:51:47,"Request for support regarding performance on Word is extremely slow already tried restarting, no success."
REC-002986,2025-07-13 17:36:47,"Facing an issue where unable to access Word, request ID #TKT-81162 please fix wifi. Contact: maria.l"
REC-002987,2025-07-11 01:12:47,Request for support regarding the printer at floor 1 is not working again causing delays in project work.
REC-002988,2025-07-07 01:24:47,Facing an issue where Word refuses to start after update please unlock account. Contact: youssef.t
REC-002989,2025-07-16 02:55:47,"Problem encountered: can't log in to SAP already tried restarting, no success. Contact: emma.w"
REC-002990,2025-09-02 22:46:47,"Problem encountered: unable to access Excel, request ID #TKT-58306 please replace keyboard."
REC-002991,2025-08-19 04:20:47,I'm having trouble with the printer at hq is not working again need this fixed asap. contact: george.t
REC-002992,2025-09-04 16:37:47,I'm having trouble with can't log in to Chrome this has been happening since yesterday.
REC-002993,2025-07-02 05:52:47,I'm having trouble with can't log in to Slack causing delays in project work.
REC-002994,2025-08-22 15:28:47,Facing an issue where can't log in to PowerPoint causing delays in project work. Contact: emma.w
REC-002995,2025-07-19 02:54:47,Problem encountered: vpn connection drops every few minutes this has been happening since yesterday.
REC-002996,2025-09-17 02:47:47,"User george.t reported: unable to access OneDrive, request ID #TKT-80198 need this fixed ASAP. Contact: john.doe"
REC-002997,2025-07-07 19:34:47,Could you please check vpn connection drops every few minutes need this fixed asap. contact: david.p
REC-002998,2025-09-10 00:46:47,Facing an issue where SAP refuses to start after update this is blocking me from completing my tasks.
REC-002999,2025-07-24 23:40:47,Problem encountered: performance on Teams is extremely slow need this fixed ASAP. Contact: fatima.z
REC-003000,2025-07-31 10:55:47,Could you please check the desktop keeps restarting randomly this is blocking me from completing my tasks.
REC-003001,2025-07-04 20:04:47,I'm having trouble with performance on chrome is extremely slow this has been happening since yesterday.
REC-003002,2025-08-06 09:43:47,User emma.w reported: can't log in to PowerPoint this has been happening since yesterday.
REC-003003,2025-07-12 10:25:47,Need urgent help with SAP refuses to start after update colleagues on lab room also affected.
REC-003004,2025-07-02 09:54:47,Need urgent help with my tablet at training hall showing disk full colleagues on training hall also affected.
REC-003005,2025-08-22 12:35:47,Problem encountered: SharePoint refuses to start after update causing delays in project work.
REC-003006,2025-07-27 00:02:47,I'm having trouble with the printer at datacenter is not working again please grant access to shared drive.
REC-003007,2025-06-25 22:28:47,Need urgent help with can't log in to Outlook this has been happening since yesterday.
REC-003008,2025-08-20 20:10:47,Need urgent help with the printer at HQ is not working again pls fix wifi.
REC-003009,2025-09-16 09:57:47,mohamed.s submitted a ticket: the workstation keeps restarting randomly this is blocking me from completing my tasks. Contact: paul.r
REC-003010,2025-08-07 11:25:47,Need urgent help with the printer at floor 1 is not working again this has been happening since yesterday.
REC-003011,2025-08-12 08:25:47,"Problem encountered: VPN connection drops every few minutes already tried restarting, no success. Contact: paul.r"
REC-003012,2025-08-08 07:03:47,Problem encountered: the printer at lab room is not working again please install VPN client.
REC-003013,2025-09-20 03:52:47,"User fatima.z reported: Slack refuses to start after update already tried restarting, no success."
REC-003014,2025-08-26 15:36:47,"User david.p reported: unable to access Word, request ID #TKT-80190 already tried restarting, no success."
REC-003015,2025-07-17 16:29:47,"Nina.b submitted a ticket: unable to access sap, request id #tkt-84960 need this fixed asap."
REC-003016,2025-07-26 17:56:47,I'm having trouble with the phone keeps restarting randomly this has been happening since yesterday. Contact: hannah.j
REC-003017,2025-09-10 16:40:47,"Problem encountered: unable to access Outlook, request ID #TKT-40015 please unlock account."
REC-003018,2025-09-11 19:18:47,emma.w submitted a ticket: can't log in to Teams causing delays in project work. Contact: nina.b
REC-003019,2025-09-13 21:40:47,Youssef.t submitted a ticket: performance on jira is extremely slow this is blocking me from completing my tasks. contact: alex.b
REC-003020,2025-07-07 11:10:47,"Need urgent help with vpn connection drops every few minutes already tried restarting, no success."
REC-003021,2025-08-13 06:29:47,"Facing an issue where the printer at branch office is not working again already tried restarting, no success."
REC-003022,2025-07-11 21:42:47,Facing an issue where performance on Teams is extremely slow this has been happening since yesterday.
REC-003023,2025-07-24 05:25:47,Request for support regarding performance on Jira is extremely slow colleagues on datacenter also affected.
REC-003024,2025-09-11 11:16:47,Facing an issue where vpn connection drops every few minutes this is blocking me from completing my tasks.
REC-003025,2025-07-28 22:59:47,hannah.j submitted a ticket: VPN connection drops every few minutes need this fixed ASAP.
REC-003026,2025-08-08 21:48:47,User mohamed.s reported: performance on Excel is extremely slow pls unlock account.
REC-003027,2025-07-20 11:56:47,ahmed.h submitted a ticket: VPN connection drops every few minutes this is blocking me from completing my tasks.
REC-003028,2025-08-24 16:27:47,ahmed.h submitted a ticket: the printer at branch office is not working again please fix wifi.
REC-003029,2025-06-26 08:49:47,Request for support regarding can't log in to outlook causing delays in project work.
REC-003030,2025-07-27 18:32:47,Problem encountered: my phone at remote showing unknown host please fix wifi. Contact: ahmed.h
REC-003031,2025-07-08 15:09:47,Could you pls check performance on Chrome is extremely slow causing delays in project work.
REC-003032,2025-08-05 17:38:47,I'm having trouble with can't log in to Jira please setup new email account. Contact: david.p
REC-003033,2025-07-06 23:38:47,"Facing an issue where the printer at floor 1 is not working again already tried restarting, no success. Contact: hannah.j"
REC-003034,2025-09-19 02:49:47,Need urgent help with the printer at lab room is not working again this has been happening since yesterday.
REC-003035,2025-07-26 19:46:47,"Facing an issue where unable to access Outlook, request ID #TKT-79281 already tried restarting, no success. Contact: youssef.t"
REC-003036,2025-07-30 08:47:47,Need urgent help with Zoom refuses to start after update colleagues on floor 2 also affected.
REC-003037,2025-06-27 17:10:47,li.chen submitted a ticket: performance on PowerPoint is extremely slow need this fixed ASAP.
REC-003038,2025-09-19 05:26:47,Facing an issue where VPN connection drops every few minutes colleagues on floor 3 also affected.
REC-003039,2025-08-30 05:41:47,User fatima.z reported: vpn connection drops every few minutes this has been happening since yesterday.
REC-003040,2025-09-13 07:06:47,Problem encountered: teams refuses to start after update please unlock account.
REC-003041,2025-09-15 00:09:47,Facing an issue where my phone at floor 1 showing not responding please install vpn client.
REC-003042,2025-09-20 19:57:47,Facing an issue where vpn connection drops every few minutes need this fixed asap.
REC-003043,2025-08-10 11:31:47,User hannah.j reported: VPN connection drops every few minutes need this fixed ASAP. Contact: khaled.a
REC-003044,2025-08-19 11:09:47,User george.t reported: my workstation at HQ showing blue screen causing delays in project work.
REC-003045,2025-08-10 06:32:47,I'm having trouble with the desktop keeps restarting randomly this has been happening since yesterday.
REC-003046,2025-08-12 05:21:47,Could you please check performance on PowerPoint is extremely slow need this fixed ASAP.
REC-003047,2025-07-28 00:22:47,Request for support regarding the workstation keeps restarting randomly colleagues on floor 2 also affected.
REC-003048,2025-07-15 16:15:47,"Request for support regarding the desktop keeps restarting randomly already tried restarting, no success. Contact: hannah.j"
REC-003049,2025-08-08 19:16:47,Request for support regarding Jira refuses to start after update this has been happening since yesterday.
REC-003050,2025-06-26 08:27:47,Problem encountered: my laptop at training hall showing not responding need this fixed asap.
REC-003051,2025-08-19 19:24:47,"Problem encountered: unable to access powerpoint, request id #tkt-50583 already tried restarting, no success."
REC-003052,2025-07-25 06:15:47,"Could you please check unable to access onedrive, request id #tkt-38010 causing delays in project work."
REC-003053,2025-07-29 02:08:47,Facing an issue where my server at lab room showing access denied this has been happening since yesterday. contact: george.t
REC-003054,2025-07-19 17:56:47,"Mohamed.s submitted a ticket: my laptop at floor 3 showing blue screen already tried restarting, no success."
REC-003055,2025-08-30 01:43:47,I'm having trouble with the workstation keeps restarting randomly this has been happening since yesterday.
REC-003056,2025-08-16 00:28:47,Problem encountered: Teams refuses to start after update need this fixed ASAP. Contact: ahmed.h
REC-003057,2025-08-01 00:47:47,User emma.w reported: my desktop at HQ showing unknown host this has been happening since yesterday.
REC-003058,2025-08-12 17:21:47,Need urgent help with my server at remote showing blue screen colleagues on remote also affected.
REC-003059,2025-08-06 03:27:47,Request for support regarding the printer at lab room is not working again need this fixed asap.
REC-003060,2025-09-06 21:21:47,Could you pls check can't log in to Zoom causing delays in project work.
REC-003061,2025-08-17 06:32:47,Could you pls check VPN connection drops every few minutes colleagues on HQ also affected.
REC-003062,2025-08-10 05:17:47,Facing an issue where VPN connection drops every few minutes colleagues on branch office also affected.
REC-003063,2025-07-22 01:25:47,User olivia.m reported: VPN connection drops every few minutes colleagues on training hall also affected.
REC-003064,2025-08-08 14:54:47,hannah.j submitted a ticket: my phone at remote showing network timeout this is blocking me from completing my tasks.
REC-003065,2025-09-19 23:04:47,"User li.chen reported: unable to access OneDrive, request ID #TKT-60203 need this fixed ASAP. Contact: david.p"
REC-003066,2025-08-06 09:14:47,User david.p reported: VPN connection drops every few minutes this is blocking me from completing my tasks. Contact: john.doe
REC-003067,2025-08-21 18:35:47,"User alex.b reported: unable to access Excel, request ID #TKT-42140 already tried restarting, no success."
REC-003068,2025-09-18 19:52:47,"Request for support regarding performance on Word is extremely slow already tried restarting, no success."
REC-003069,2025-06-30 23:51:47,Request for support regarding my laptop at HQ showing not responding causing delays in project work.
REC-003070,2025-08-15 00:47:47,"Could you please check unable to access Chrome, request ID #TKT-29839 already tried restarting, no success. Contact: nina.b"
REC-003071,2025-06-25 13:44:47,"Need urgent help with unable to access OneDrive, request ID #TKT-41216 causing delays in project work. Contact: fatima.z"
REC-003072,2025-08-24 19:32:47,Need urgent help with vpn connection drops every few minutes causing delays in project work. contact: youssef.t
REC-003073,2025-07-27 16:59:47,"Problem encountered: VPN connection drops every few minutes already tried restarting, no success."
REC-003074,2025-08-21 20:08:47,Could you please check Word refuses to start after update this has been happening since yesterday. Contact: olivia.m
REC-003075,2025-09-01 11:27:47,"Could you please check sap refuses to start after update already tried restarting, no success."
REC-003076,2025-08-21 18:31:47,"I'm having trouble with unable to access Slack, request ID #TKT-30172 need this fixed ASAP. Contact: sarah.k"
REC-003077,2025-07-04 23:45:47,Need urgent help with the workstation keeps restarting randomly this is blocking me from completing my tasks.
REC-003078,2025-09-21 19:50:47,Facing an issue where can't log in to SharePoint colleagues on floor 2 also affected.
REC-003079,2025-06-28 14:03:47,Facing an issue where VPN connection drops every few minutes pls upgrade RAM.
REC-003080,2025-07-28 11:45:47,I'm having trouble with SAP refuses to start after update causing delays in project work.
REC-003081,2025-08-23 00:19:47,mohamed.s submitted a ticket: VPN connection drops every few minutes please install VPN client.
REC-003082,2025-09-05 05:36:47,"I'm having trouble with the workstation keeps restarting randomly already tried restarting, no success."
REC-003083,2025-09-07 11:02:47,Problem encountered: jira refuses to start after update causing delays in project work. contact: sarah.k
REC-003084,2025-08-04 21:52:47,Need urgent help with performance on Jira is extremely slow need this fixed ASAP. Contact: george.t
REC-003085,2025-07-11 06:19:47,"Need urgent help with VPN connection drops every few minutes already tried restarting, no success."
REC-003086,2025-09-23 20:27:47,"Facing an issue where unable to access Outlook, request ID #TKT-56942 need this fixed ASAP. Contact: li.chen"
REC-003087,2025-07-23 22:45:47,I'm having trouble with VPN connection drops every few minutes causing delays in project work.
REC-003088,2025-08-20 08:51:47,User david.p reported: the printer at remote is not working again this has been happening since yesterday. Contact: john.doe
REC-003089,2025-07-23 17:47:47,Request for support regarding VPN connection drops every few minutes colleagues on floor 1 also affected. Contact: john.doe
REC-003090,2025-09-03 14:20:47,"I'm having trouble with can't log in to PowerPoint already tried restarting, no success. Contact: ahmed.h"
REC-003091,2025-09-02 10:37:47,Could you please check the printer at HQ is not working again causing delays in project work. Contact: mohamed.s
REC-003092,2025-07-03 18:29:47,"hannah.j submitted a ticket: unable to access SAP, request ID #TKT-51163 this has been happening since yesterday."
REC-003093,2025-07-09 14:53:47,"Could you please check unable to access PowerPoint, request ID #TKT-83798 causing delays in project work."
REC-003094,2025-08-22 21:19:47,Problem encountered: my tablet at HQ showing access denied please install VPN client.
REC-003095,2025-08-26 04:48:47,I'm having trouble with the printer at lab room is not working again causing delays in project work.
REC-003096,2025-07-28 19:42:47,User emma.w reported: my server at datacenter showing disk full causing delays in project work.
REC-003097,2025-09-04 02:09:47,"Facing an issue where unable to access Slack, request ID #TKT-35920 please install Adobe Acrobat."
REC-003098,2025-09-16 06:46:47,Problem encountered: the desktop keeps restarting randomly this is blocking me from completing my tasks.
REC-003099,2025-08-09 22:09:47,Could you please check the printer at datacenter is not working again causing delays in project work.
REC-003100,2025-07-31 09:27:47,User alex.b reported: performance on Jira is extremely slow causing delays in project work.
REC-003101,2025-08-27 17:46:47,Problem encountered: performance on Slack is extremely slow colleagues on branch office also affected. Contact: hannah.j
REC-003102,2025-08-12 01:06:47,Could you pls check the desktop keeps restarting randomly causing delays in project work.
REC-003103,2025-09-18 23:16:47,Problem encountered: my desktop at remote showing printer jam pls fix wifi.
REC-003104,2025-08-09 04:24:47,"User youssef.t reported: unable to access Teams, request ID #TKT-39810 this is blocking me from completing my tasks. Contact: fatima.z"
REC-003105,2025-07-16 03:35:47,User olivia.m reported: my desktop at branch office showing unknown host need this fixed asap.
REC-003106,2025-06-29 20:28:47,Could you please check powerpoint refuses to start after update this has been happening since yesterday. contact: fatima.z
REC-003107,2025-07-24 21:45:47,"Problem encountered: unable to access powerpoint, request id #tkt-19770 colleagues on branch office also affected."
REC-003108,2025-08-15 22:25:47,Could you please check Teams refuses to start after update this is blocking me from completing my tasks.
REC-003109,2025-08-09 00:37:47,User alex.b reported: can't log in to onedrive causing delays in project work.
REC-003110,2025-09-13 09:39:47,Could you please check VPN connection drops every few minutes colleagues on datacenter also affected.
REC-003111,2025-08-10 14:05:47,emma.w submitted a ticket: VPN connection drops every few minutes causing delays in project work. Contact: alex.b
REC-003112,2025-08-22 16:03:47,Need urgent help with the printer at floor 3 is not working again colleagues on floor 3 also affected. Contact: george.t
REC-003113,2025-08-22 08:27:47,User alex.b reported: the printer at HQ is not working again this is blocking me from completing my tasks.
REC-003114,2025-08-11 23:29:47,User george.t reported: my tablet at training hall showing access denied please replace keyboard.
REC-003115,2025-07-22 10:05:47,"Request for support regarding can't log in to Zoom already tried restarting, no success. Contact: li.chen"
REC-003116,2025-07-31 02:32:47,"john.doe submitted a ticket: unable to access Outlook, request ID #TKT-25774 need this fixed ASAP."
REC-003117,2025-07-11 05:38:47,Problem encountered: can't log in to Jira causing delays in project work. Contact: george.t
REC-003118,2025-09-15 11:49:47,Request for support regarding Excel refuses to start after update need this fixed ASAP.
REC-003119,2025-08-14 11:12:47,"Problem encountered: VPN connection drops every few minutes already tried restarting, no success."
REC-003120,2025-08-21 00:06:47,Could you please check can't log in to Teams causing delays in project work.
REC-003121,2025-08-11 16:59:47,"Request for support regarding performance on Teams is extremely slow already tried restarting, no success."
REC-003122,2025-09-12 01:57:47,I'm having trouble with the tablet keeps restarting randomly this is blocking me from completing my tasks.
REC-003123,2025-09-15 22:16:47,User mohamed.s reported: VPN connection drops every few minutes this has been happening since yesterday. Contact: olivia.m
REC-003124,2025-08-28 03:07:47,Problem encountered: performance on word is extremely slow this has been happening since yesterday.
REC-003125,2025-07-13 07:38:47,I'm having trouble with the printer at floor 1 is not working again need this fixed ASAP.
REC-003126,2025-07-05 14:07:47,"User ahmed.h reported: unable to access onedrive, request id #tkt-92361 need this fixed asap."
REC-003127,2025-08-07 09:43:47,olivia.m submitted a ticket: the printer at HQ is not working again causing delays in project work.
REC-003128,2025-07-11 14:37:47,Need urgent help with my desktop at floor 2 showing network timeout this has been happening since yesterday.
REC-003129,2025-06-25 06:30:47,User olivia.m reported: VPN connection drops every few minutes causing delays in project work.
REC-003130,2025-06-27 04:10:47,"I'm having trouble with vpn connection drops every few minutes already tried restarting, no success."
REC-003131,2025-09-06 05:48:47,I'm having trouble with VPN connection drops every few minutes causing delays in project work.
REC-003132,2025-07-17 10:18:47,Facing an issue where the tablet keeps restarting randomly causing delays in project work.
REC-003133,2025-07-26 22:28:47,Facing an issue where the phone keeps restarting randomly need this fixed ASAP.
REC-003134,2025-07-18 05:09:47,Could you please check my desktop at lab room showing disk full colleagues on lab room also affected.
REC-003135,2025-07-27 08:26:47,khaled.a submitted a ticket: the printer at lab room is not working again causing delays in project work.
REC-003136,2025-09-01 15:34:47,Need urgent help with my workstation at datacenter showing blue screen causing delays in project work. Contact: david.p
REC-003137,2025-09-01 02:26:47,"Need urgent help with the printer at floor 3 is not working again already tried restarting, no success."
REC-003138,2025-07-28 02:03:47,I'm having trouble with can't log in to Word colleagues on datacenter also affected.
REC-003139,2025-08-24 02:48:47,Facing an issue where the printer at lab room is not working again please replace keyboard.
REC-003140,2025-08-30 12:06:47,Problem encountered: can't log in to Excel causing delays in project work.
REC-003141,2025-07-13 10:29:47,I'm having trouble with performance on Word is extremely slow this has been happening since yesterday.
REC-003142,2025-08-10 13:16:47,Request for support regarding my server at branch office showing unknown host this is blocking me from completing my tasks. contact: george.t
REC-003143,2025-07-25 05:35:47,Could you please check the phone keeps restarting randomly causing delays in project work. Contact: olivia.m
REC-003144,2025-08-20 19:10:47,Request for support regarding the printer at remote is not working again need this fixed ASAP. Contact: sofia.g
REC-003145,2025-08-19 23:21:47,Ahmed.h submitted a ticket: jira refuses to start after update colleagues on floor 2 also affected.
REC-003146,2025-08-26 19:12:47,"Problem encountered: performance on powerpoint is extremely slow already tried restarting, no success."
REC-003147,2025-07-25 15:48:47,Request for support regarding the phone keeps restarting randomly this has been happening since yesterday.
REC-003148,2025-09-15 08:48:47,User ahmed.h reported: performance on SharePoint is extremely slow this has been happening since yesterday. Contact: khaled.a
REC-003149,2025-07-23 13:07:47,I'm having trouble with the phone keeps restarting randomly causing delays in project work.
REC-003150,2025-07-19 02:20:47,Need urgent help with the printer at floor 1 is not working again this has been happening since yesterday.
REC-003151,2025-09-06 13:22:47,I'm having trouble with can't log in to Teams causing delays in project work.
REC-003152,2025-09-04 11:42:47,Facing an issue where Teams refuses to start after update please install VPN client.
REC-003153,2025-08-04 01:46:47,User khaled.a reported: the printer at datacenter is not working again please unlock account. Contact: li.chen
REC-003154,2025-09-11 08:09:47,Problem encountered: can't log in to PowerPoint this is blocking me from completing my tasks.
REC-003155,2025-08-25 13:39:47,Request for support regarding performance on SAP is extremely slow need this fixed ASAP.
REC-003156,2025-08-21 11:56:47,"Need urgent help with unable to access SharePoint, request ID #TKT-97987 this is blocking me from completing my tasks."
REC-003157,2025-08-07 16:07:47,User mohamed.s reported: the printer at datacenter is not working again pls install Adobe Acrobat.
REC-003158,2025-09-15 04:11:47,"hannah.j submitted a ticket: unable to access Zoom, request ID #TKT-21633 please fix wifi."
REC-003159,2025-09-06 07:01:47,"Facing an issue where can't log in to Outlook already tried restarting, no success."
REC-003160,2025-09-08 04:13:47,Could you please check performance on SAP is extremely slow this is blocking me from completing my tasks.
REC-003161,2025-07-27 08:30:47,ahmed.h submitted a ticket: my laptop at floor 3 showing blue screen please setup new email account. Contact: sofia.g
REC-003162,2025-07-01 20:06:47,Problem encountered: SAP refuses to start after update causing delays in project work.
REC-003163,2025-08-17 08:13:47,Request for support regarding VPN connection drops every few minutes this is blocking me from completing my tasks.
REC-003164,2025-08-12 04:02:47,Problem encountered: the desktop keeps restarting randomly colleagues on floor 1 also affected. Contact: khaled.a
REC-003165,2025-08-20 11:59:47,Request for support regarding performance on Word is extremely slow causing delays in project work.
REC-003166,2025-08-05 01:48:47,Request for support regarding vpn connection drops every few minutes this has been happening since yesterday. contact: ahmed.h
REC-003167,2025-09-19 16:51:47,"Could you please check unable to access SharePoint, request ID #TKT-90320 this has been happening since yesterday."
REC-003168,2025-08-29 15:36:47,Could you please check the printer at floor 3 is not working again this has been happening since yesterday.
REC-003169,2025-07-22 21:19:47,Problem encountered: Word refuses to start after update this has been happening since yesterday.
REC-003170,2025-06-27 02:43:47,Problem encountered: the desktop keeps restarting randomly please install Adobe Acrobat.
REC-003171,2025-08-19 01:04:47,"Need urgent help with unable to access sharepoint, request id #tkt-69483 colleagues on lab room also affected."
REC-003172,2025-09-20 20:53:47,Request for support regarding my workstation at remote showing access denied need this fixed asap. contact: john.doe
REC-003173,2025-08-13 11:00:47,"Request for support regarding unable to access PowerPoint, request ID #TKT-20971 this is blocking me from completing my tasks."
REC-003174,2025-07-07 09:57:47,Need urgent help with my server at branch office showing error code 720 need this fixed ASAP.
REC-003175,2025-08-04 10:00:47,User john.doe reported: vpn connection drops every few minutes this is blocking me from completing my tasks. contact: youssef.t
REC-003176,2025-09-12 05:56:47,I'm having trouble with my tablet at floor 2 showing printer jam need this fixed ASAP.
REC-003177,2025-07-01 08:34:47,Request for support regarding the server keeps restarting randomly need this fixed ASAP.
REC-003178,2025-07-16 17:57:47,"maria.l submitted a ticket: unable to access OneDrive, request ID #TKT-40887 please install Adobe Acrobat."
REC-003179,2025-09-13 01:20:47,Could you pls check VPN connection drops every few minutes this is blocking me from completing my tasks. Contact: sarah.k
REC-003180,2025-09-15 18:36:47,hannah.j submitted a ticket: VPN connection drops every few minutes need this fixed ASAP. Contact: emma.w
REC-003181,2025-09-13 12:40:47,I'm having trouble with the phone keeps restarting randomly causing delays in project work.
REC-003182,2025-09-04 20:50:47,emma.w submitted a ticket: performance on PowerPoint is extremely slow this has been happening since yesterday.
REC-003183,2025-07-06 15:37:47,I'm having trouble with the server keeps restarting randomly colleagues on remote also affected.
REC-003184,2025-07-23 14:46:47,"mohamed.s submitted a ticket: unable to access Outlook, request ID #TKT-93871 this has been happening since yesterday. Contact: sarah.k"
REC-003185,2025-07-28 15:09:47,Request for support regarding VPN connection drops every few minutes please setup new email account. Contact: alex.b
REC-003186,2025-07-13 01:37:47,"Problem encountered: my laptop at datacenter showing not responding already tried restarting, no success. Contact: mohamed.s"
REC-003187,2025-08-03 14:35:47,"Problem encountered: zoom refuses to start after update already tried restarting, no success."
REC-003188,2025-08-26 20:42:47,Need urgent help with the laptop keeps restarting randomly causing delays in project work.
REC-003189,2025-08-16 20:28:47,Need urgent help with the printer at branch office is not working again causing delays in project work.
REC-003190,2025-08-01 00:48:47,Facing an issue where the server keeps restarting randomly colleagues on lab room also affected.
REC-003191,2025-09-16 08:11:47,Facing an issue where Teams refuses to start after update this is blocking me from completing my tasks.
REC-003192,2025-07-25 09:45:47,Mohamed.s submitted a ticket: the printer at datacenter is not working again colleagues on datacenter also affected.
REC-003193,2025-07-14 04:31:47,Request for support regarding can't log in to Slack causing delays in project work. Contact: sarah.k
REC-003194,2025-08-01 18:33:47,Could you please check the desktop keeps restarting randomly this has been happening since yesterday.
REC-003195,2025-08-16 21:06:47,I'm having trouble with my workstation at datacenter showing unknown host pls replace keyboard.
REC-003196,2025-08-21 01:21:47,"I'm having trouble with the workstation keeps restarting randomly already tried restarting, no success."
REC-003197,2025-07-06 08:35:47,User paul.r reported: the desktop keeps restarting randomly causing delays in project work.
REC-003198,2025-09-03 17:18:47,Request for support regarding the printer at training hall is not working again this is blocking me from completing my tasks.
REC-003199,2025-07-17 07:06:47,User hannah.j reported: the printer at floor 3 is not working again this has been happening since yesterday.
REC-003200,2025-07-06 03:14:47,I'm having trouble with performance on Word is extremely slow need this fixed ASAP. Contact: ahmed.h
REC-003201,2025-08-29 18:07:47,"Facing an issue where unable to access SharePoint, request ID #TKT-93559 pls replace keyboard. Contact: alex.b"
REC-003202,2025-07-16 09:14:47,Need urgent help with the phone keeps restarting randomly causing delays in project work. Contact: ahmed.h
REC-003203,2025-08-23 02:29:47,Could you please check my phone at floor 3 showing unknown host causing delays in project work.
REC-003204,2025-07-30 11:11:47,Need urgent help with the tablet keeps restarting randomly pls upgrade RAM.
REC-003205,2025-08-29 03:40:47,User sarah.k reported: can't log in to slack this is blocking me from completing my tasks. contact: hannah.j
REC-003206,2025-09-01 11:49:47,"Request for support regarding the tablet keeps restarting randomly already tried restarting, no success."
REC-003207,2025-07-15 10:14:47,Facing an issue where can't log in to PowerPoint causing delays in project work.
REC-003208,2025-07-31 01:40:47,Could you please check can't log in to Chrome need this fixed ASAP.
REC-003209,2025-09-19 15:52:47,User george.t reported: my laptop at floor 2 showing network timeout this has been happening since yesterday.
REC-003210,2025-07-21 20:28:47,alex.b submitted a ticket: the printer at training hall is not working again colleagues on training hall also affected.
REC-003211,2025-09-08 00:19:47,I'm having trouble with the desktop keeps restarting randomly colleagues on remote also affected.
REC-003212,2025-09-11 12:49:47,I'm having trouble with outlook refuses to start after update need this fixed asap. contact: youssef.t
REC-003213,2025-08-20 18:45:47,"Need urgent help with unable to access Outlook, request ID #TKT-58379 this is blocking me from completing my tasks. Contact: mohamed.s"
REC-003214,2025-09-09 02:03:47,"Need urgent help with unable to access Excel, request ID #TKT-97137 pls install Adobe Acrobat."
REC-003215,2025-09-23 04:00:47,nina.b submitted a ticket: the workstation keeps restarting randomly this is blocking me from completing my tasks.
REC-003216,2025-07-15 02:18:47,"User maria.l reported: my server at datacenter showing blue screen already tried restarting, no success."
REC-003217,2025-07-21 08:55:47,Problem encountered: performance on excel is extremely slow causing delays in project work.
REC-003218,2025-09-11 06:57:47,Could you pls check the printer at remote is not working again colleagues on remote also affected. Contact: alex.b
REC-003219,2025-09-22 16:09:47,Need urgent help with my desktop at datacenter showing blue screen causing delays in project work.
REC-003220,2025-09-23 11:39:47,I'm having trouble with performance on powerpoint is extremely slow causing delays in project work.
REC-003221,2025-08-02 00:29:47,I'm having trouble with the server keeps restarting randomly causing delays in project work.
REC-003222,2025-07-16 09:10:47,Could you pls check SAP refuses to start after update pls unlock account.
REC-003223,2025-08-01 06:39:47,"Could you please check the workstation keeps restarting randomly already tried restarting, no success."
REC-003224,2025-09-06 05:26:47,Request for support regarding performance on Word is extremely slow need this fixed ASAP.
REC-003225,2025-08-19 13:20:47,Problem encountered: performance on Jira is extremely slow this has been happening since yesterday.
REC-003226,2025-07-19 21:20:47,"Request for support regarding the phone keeps restarting randomly already tried restarting, no success."
REC-003227,2025-07-14 01:58:47,Request for support regarding the tablet keeps restarting randomly causing delays in project work.
REC-003228,2025-08-15 01:14:47,Facing an issue where the laptop keeps restarting randomly colleagues on training hall also affected.
REC-003229,2025-07-13 10:10:47,"User david.p reported: SharePoint refuses to start after update already tried restarting, no success."
REC-003230,2025-08-06 11:39:47,I'm having trouble with can't log in to Zoom this is blocking me from completing my tasks.
REC-003231,2025-07-08 23:51:47,"Facing an issue where unable to access Slack, request ID #TKT-39154 colleagues on branch office also affected."
REC-003232,2025-07-21 14:27:47,"Request for support regarding unable to access Chrome, request ID #TKT-94577 causing delays in project work. Contact: paul.r"
REC-003233,2025-08-17 03:03:47,Facing an issue where VPN connection drops every few minutes colleagues on remote also affected.
REC-003234,2025-09-05 20:25:47,I'm having trouble with Chrome refuses to start after update need this fixed ASAP. Contact: paul.r
REC-003235,2025-08-10 01:53:47,User li.chen reported: can't log in to onedrive please fix wifi.
REC-003236,2025-09-08 03:33:47,Problem encountered: Teams refuses to start after update colleagues on remote also affected.
REC-003237,2025-08-10 19:33:47,"Need urgent help with VPN connection drops every few minutes already tried restarting, no success. Contact: emma.w"
REC-003238,2025-07-20 13:50:47,olivia.m submitted a ticket: can't log in to Zoom colleagues on lab room also affected.
REC-003239,2025-07-19 22:23:47,Problem encountered: my laptop at floor 3 showing network timeout this has been happening since yesterday. Contact: maria.l
REC-003240,2025-07-29 11:40:47,Request for support regarding performance on OneDrive is extremely slow this is blocking me from completing my tasks.
REC-003241,2025-07-01 04:32:47,Problem encountered: VPN connection drops every few minutes this has been happening since yesterday.
REC-003242,2025-09-19 22:26:47,Need urgent help with the printer at floor 2 is not working again colleagues on floor 2 also affected. Contact: olivia.m
REC-003243,2025-09-19 00:54:47,Facing an issue where Chrome refuses to start after update colleagues on training hall also affected.
REC-003244,2025-07-02 00:43:47,"sarah.k submitted a ticket: unable to access Word, request ID #TKT-75327 this is blocking me from completing my tasks."
REC-003245,2025-09-20 12:39:47,Could you please check my workstation at floor 3 showing blue screen need this fixed ASAP. Contact: fatima.z
REC-003246,2025-09-15 12:49:47,I'm having trouble with my laptop at floor 1 showing blue screen please reset password.
REC-003247,2025-09-12 12:41:47,User sofia.g reported: my workstation at floor 3 showing blue screen causing delays in project work. Contact: david.p
REC-003248,2025-08-13 16:47:47,"Problem encountered: can't log in to Excel already tried restarting, no success."
REC-003249,2025-08-25 02:43:47,hannah.j submitted a ticket: VPN connection drops every few minutes need this fixed ASAP. Contact: george.t
REC-003250,2025-08-20 20:20:47,Problem encountered: Jira refuses to start after update this has been happening since yesterday.
REC-003251,2025-08-17 22:16:47,Problem encountered: can't log in to PowerPoint colleagues on lab room also affected.
REC-003252,2025-08-09 18:58:47,Problem encountered: performance on Zoom is extremely slow colleagues on floor 3 also affected.
REC-003253,2025-07-31 06:21:47,"User ahmed.h reported: Jira refuses to start after update already tried restarting, no success."
REC-003254,2025-07-24 13:09:47,"I'm having trouble with can't log in to Teams already tried restarting, no success."
REC-003255,2025-07-18 10:07:47,Facing an issue where can't log in to OneDrive this has been happening since yesterday. Contact: sarah.k
REC-003256,2025-09-05 09:02:47,Request for support regarding the server keeps restarting randomly this has been happening since yesterday.
REC-003257,2025-07-07 09:01:47,Need urgent help with Word refuses to start after update colleagues on floor 1 also affected.
REC-003258,2025-07-18 07:55:47,Emma.w submitted a ticket: vpn connection drops every few minutes colleagues on remote also affected.
REC-003259,2025-09-20 19:44:47,Could you please check the printer at lab room is not working again need this fixed asap.
REC-003260,2025-08-19 11:49:47,Request for support regarding can't log in to OneDrive causing delays in project work. Contact: hannah.j
REC-003261,2025-07-02 02:05:47,"User paul.r reported: unable to access teams, request id #tkt-40638 colleagues on training hall also affected. contact: mohamed.s"
REC-003262,2025-09-09 04:43:47,Could you pls check performance on OneDrive is extremely slow pls reset password.
REC-003263,2025-07-22 23:36:47,User mohamed.s reported: performance on Word is extremely slow colleagues on floor 1 also affected.
REC-003264,2025-07-23 01:13:47,I'm having trouble with the server keeps restarting randomly this is blocking me from completing my tasks.
REC-003265,2025-09-07 06:54:47,I'm having trouble with the phone keeps restarting randomly colleagues on training hall also affected. Contact: youssef.t
REC-003266,2025-09-18 17:51:47,Need urgent help with VPN connection drops every few minutes need this fixed ASAP.
REC-003267,2025-08-20 10:52:47,Facing an issue where the server keeps restarting randomly colleagues on HQ also affected.
REC-003268,2025-07-20 04:50:47,Request for support regarding my phone at training hall showing error code 720 this has been happening since yesterday.
REC-003269,2025-09-14 18:05:47,Need urgent help with the workstation keeps restarting randomly pls fix wifi.
REC-003270,2025-08-28 16:35:47,"Request for support regarding unable to access Chrome, request ID #TKT-88549 need this fixed ASAP. Contact: hannah.j"
REC-003271,2025-07-24 23:59:47,Could you please check the printer at remote is not working again please reset password.
REC-003272,2025-06-27 15:50:47,Facing an issue where performance on Slack is extremely slow please upgrade RAM. Contact: nina.b
REC-003273,2025-09-06 01:35:47,khaled.a submitted a ticket: VPN connection drops every few minutes please unlock account.
REC-003274,2025-08-30 08:11:47,User olivia.m reported: can't log in to SharePoint colleagues on HQ also affected. Contact: olivia.m
REC-003275,2025-08-30 09:07:47,Could you please check vpn connection drops every few minutes this is blocking me from completing my tasks.
REC-003276,2025-06-29 14:50:47,"I'm having trouble with unable to access Word, request ID #TKT-47625 this has been happening since yesterday."
REC-003277,2025-07-12 06:10:47,sarah.k submitted a ticket: Zoom refuses to start after update colleagues on remote also affected.
REC-003278,2025-08-12 13:02:47,Need urgent help with VPN connection drops every few minutes this has been happening since yesterday.
REC-003279,2025-08-04 12:39:47,maria.l submitted a ticket: the printer at HQ is not working again need this fixed ASAP.
REC-003280,2025-07-23 22:46:47,Problem encountered: my phone at datacenter showing not responding colleagues on datacenter also affected.
REC-003281,2025-09-12 10:33:47,Need urgent help with VPN connection drops every few minutes this is blocking me from completing my tasks. Contact: sofia.g
REC-003282,2025-08-30 00:06:47,Problem encountered: the printer at remote is not working again this is blocking me from completing my tasks.
REC-003283,2025-09-08 23:14:47,I'm having trouble with the printer at floor 3 is not working again causing delays in project work.
REC-003284,2025-09-11 11:53:47,olivia.m submitted a ticket: can't log in to Outlook need this fixed ASAP. Contact: fatima.z
REC-003285,2025-09-18 10:03:47,Facing an issue where SharePoint refuses to start after update please unlock account.
REC-003286,2025-06-29 17:10:47,I'm having trouble with vpn connection drops every few minutes colleagues on remote also affected.
REC-003287,2025-09-04 22:36:47,Facing an issue where the printer at floor 2 is not working again colleagues on floor 2 also affected.
REC-003288,2025-07-04 22:36:47,"Request for support regarding unable to access word, request id #tkt-77511 colleagues on lab room also affected. contact: khaled.a"
REC-003289,2025-09-21 09:21:47,ahmed.h submitted a ticket: the desktop keeps restarting randomly please grant access to shared drive.
REC-003290,2025-09-08 07:45:47,User emma.w reported: can't log in to Jira pls fix wifi.
REC-003291,2025-08-14 17:34:47,Need urgent help with can't log in to sap please install vpn client.
REC-003292,2025-09-09 03:48:47,Facing an issue where Word refuses to start after update need this fixed ASAP.
REC-003293,2025-09-04 23:44:47,Request for support regarding my laptop at floor 2 showing printer jam pls grant access to shared drive.
REC-003294,2025-08-15 15:31:47,Request for support regarding VPN connection drops every few minutes causing delays in project work.
REC-003295,2025-08-23 08:26:47,"Request for support regarding the desktop keeps restarting randomly already tried restarting, no success."
REC-003296,2025-09-18 15:31:47,I'm having trouble with my tablet at remote showing printer jam this is blocking me from completing my tasks.
REC-003297,2025-09-02 15:32:47,I'm having trouble with can't log in to PowerPoint colleagues on lab room also affected.
REC-003298,2025-08-31 07:25:47,Facing an issue where Jira refuses to start after update please reset password.
REC-003299,2025-09-12 03:43:47,I'm having trouble with Outlook refuses to start after update this has been happening since yesterday.
REC-003300,2025-08-29 01:26:47,Facing an issue where the printer at HQ is not working again colleagues on HQ also affected. Contact: hannah.j
REC-003301,2025-09-10 05:46:47,Request for support regarding the printer at lab room is not working again please upgrade RAM.
REC-003302,2025-06-30 17:06:47,"Request for support regarding unable to access sharepoint, request id #tkt-39362 this is blocking me from completing my tasks."
REC-003303,2025-07-16 18:43:47,User nina.b reported: can't log in to SAP this is blocking me from completing my tasks.
REC-003304,2025-07-02 10:11:47,"Request for support regarding unable to access SAP, request ID #TKT-60927 need this fixed ASAP. Contact: john.doe"
REC-003305,2025-08-16 09:01:47,"User george.t reported: unable to access PowerPoint, request ID #TKT-65775 need this fixed ASAP."
REC-003306,2025-09-12 17:42:47,Need urgent help with Excel refuses to start after update please setup new email account.
REC-003307,2025-09-02 20:10:47,david.p submitted a ticket: can't log in to Slack please setup new email account.
REC-003308,2025-09-19 13:53:47,"Request for support regarding unable to access PowerPoint, request ID #TKT-59936 please grant access to shared drive."
REC-003309,2025-07-24 23:53:47,Could you pls check SharePoint refuses to start after update colleagues on floor 2 also affected.
REC-003310,2025-07-04 18:24:47,"I'm having trouble with unable to access PowerPoint, request ID #TKT-85022 this has been happening since yesterday."
REC-003311,2025-09-12 11:35:47,Need urgent help with the printer at floor 3 is not working again need this fixed asap. contact: youssef.t
REC-003312,2025-07-20 11:52:47,"Request for support regarding the printer at floor 2 is not working again already tried restarting, no success."
REC-003313,2025-08-17 09:51:47,Problem encountered: Word refuses to start after update colleagues on floor 3 also affected.
REC-003314,2025-07-14 23:30:47,User maria.l reported: the printer at floor 3 is not working again this is blocking me from completing my tasks.
REC-003315,2025-07-20 08:50:47,Facing an issue where the printer at floor 1 is not working again colleagues on floor 1 also affected. Contact: maria.l
REC-003316,2025-08-09 05:56:47,"I'm having trouble with unable to access Teams, request ID #TKT-41434 already tried restarting, no success."
REC-003317,2025-09-19 13:31:47,Problem encountered: SAP refuses to start after update colleagues on lab room also affected.
REC-003318,2025-09-21 08:54:47,"Facing an issue where unable to access Teams, request ID #TKT-86139 causing delays in project work. Contact: maria.l"
REC-003319,2025-08-29 11:58:47,khaled.a submitted a ticket: can't log in to SharePoint causing delays in project work.
REC-003320,2025-08-14 02:49:47,User john.doe reported: can't log in to PowerPoint please upgrade RAM. Contact: maria.l
REC-003321,2025-07-10 14:22:47,"Need urgent help with unable to access Zoom, request ID #TKT-30791 this is blocking me from completing my tasks. Contact: hannah.j"
REC-003322,2025-08-10 20:04:47,Problem encountered: vpn connection drops every few minutes this is blocking me from completing my tasks.
REC-003323,2025-08-05 21:13:47,Need urgent help with the printer at floor 2 is not working again this is blocking me from completing my tasks.
REC-003324,2025-08-12 10:58:47,Could you please check VPN connection drops every few minutes this is blocking me from completing my tasks. Contact: khaled.a
REC-003325,2025-09-16 02:56:47,Request for support regarding the phone keeps restarting randomly colleagues on training hall also affected.
REC-003326,2025-09-19 11:24:47,I'm having trouble with my laptop at HQ showing blue screen this has been happening since yesterday.
REC-003327,2025-08-18 09:30:47,"Problem encountered: unable to access PowerPoint, request ID #TKT-63165 please replace keyboard."
REC-003328,2025-08-29 20:35:47,Problem encountered: performance on SharePoint is extremely slow causing delays in project work.
REC-003329,2025-09-20 05:33:47,Facing an issue where performance on Slack is extremely slow this is blocking me from completing my tasks. Contact: emma.w
REC-003330,2025-08-08 06:53:47,Need urgent help with the laptop keeps restarting randomly this is blocking me from completing my tasks. Contact: mohamed.s
REC-003331,2025-06-28 17:59:47,hannah.j submitted a ticket: the printer at lab room is not working again need this fixed ASAP.
REC-003332,2025-09-07 22:37:47,Need urgent help with the tablet keeps restarting randomly please upgrade RAM. Contact: nina.b
REC-003333,2025-09-04 02:12:47,User ahmed.h reported: the printer at branch office is not working again need this fixed ASAP.
REC-003334,2025-09-15 23:54:47,I'm having trouble with can't log in to Excel causing delays in project work. Contact: sarah.k
REC-003335,2025-08-28 03:52:47,User george.t reported: can't log in to Outlook please install Adobe Acrobat.
REC-003336,2025-09-01 02:16:47,Need urgent help with Word refuses to start after update this has been happening since yesterday. Contact: emma.w
REC-003337,2025-07-28 02:46:47,"I'm having trouble with unable to access Zoom, request ID #TKT-99885 already tried restarting, no success."
REC-003338,2025-06-30 03:47:47,Could you please check VPN connection drops every few minutes colleagues on floor 3 also affected. Contact: olivia.m
REC-003339,2025-09-04 12:58:47,"Request for support regarding my tablet at branch office showing network timeout already tried restarting, no success."
REC-003340,2025-09-20 08:18:47,Facing an issue where jira refuses to start after update this is blocking me from completing my tasks.
REC-003341,2025-08-28 13:48:47,Request for support regarding can't log in to Jira this is blocking me from completing my tasks.
REC-003342,2025-08-05 23:20:47,alex.b submitted a ticket: VPN connection drops every few minutes colleagues on HQ also affected.
REC-003343,2025-07-24 22:18:47,"I'm having trouble with the printer at floor 3 is not working again already tried restarting, no success."
REC-003344,2025-07-20 00:57:47,sarah.k submitted a ticket: can't log in to Outlook please fix wifi.
REC-003345,2025-08-13 03:45:47,Facing an issue where my phone at remote showing error code 720 please replace keyboard.
REC-003346,2025-08-31 04:54:47,"User sarah.k reported: VPN connection drops every few minutes already tried restarting, no success."
REC-003347,2025-08-08 17:47:47,Request for support regarding the tablet keeps restarting randomly please install Adobe Acrobat.
REC-003348,2025-09-05 15:28:47,Could you please check the server keeps restarting randomly need this fixed ASAP.
REC-003349,2025-09-14 12:55:47,Request for support regarding my server at HQ showing blue screen need this fixed ASAP.
REC-003350,2025-07-24 11:28:47,Facing an issue where the printer at floor 2 is not working again causing delays in project work. Contact: george.t
REC-003351,2025-09-02 18:26:47,Request for support regarding SAP refuses to start after update this has been happening since yesterday.
REC-003352,2025-08-04 06:20:47,"User emma.w reported: the server keeps restarting randomly already tried restarting, no success. Contact: youssef.t"
REC-003353,2025-09-15 03:08:47,Facing an issue where chrome refuses to start after update please setup new email account.
REC-003354,2025-07-28 22:57:47,Request for support regarding can't log in to OneDrive please setup new email account. Contact: fatima.z
REC-003355,2025-07-28 03:02:47,Problem encountered: the printer at HQ is not working again need this fixed ASAP.
REC-003356,2025-08-15 01:32:47,User emma.w reported: the printer at remote is not working again need this fixed ASAP. Contact: maria.l
REC-003357,2025-06-29 18:01:47,Request for support regarding VPN connection drops every few minutes causing delays in project work.
REC-003358,2025-08-19 00:05:47,I'm having trouble with my laptop at lab room showing access denied causing delays in project work. Contact: youssef.t
REC-003359,2025-07-21 03:03:47,"Request for support regarding my tablet at floor 3 showing access denied already tried restarting, no success. Contact: olivia.m"
REC-003360,2025-09-03 03:53:47,Need urgent help with performance on Jira is extremely slow causing delays in project work. Contact: fatima.z
REC-003361,2025-08-09 23:28:47,I'm having trouble with the printer at training hall is not working again this has been happening since yesterday.
REC-003362,2025-07-01 03:58:47,I'm having trouble with the laptop keeps restarting randomly please grant access to shared drive.
REC-003363,2025-07-25 07:26:47,"Request for support regarding slack refuses to start after update already tried restarting, no success."
REC-003364,2025-07-02 02:44:47,I'm having trouble with performance on outlook is extremely slow need this fixed asap.
REC-003365,2025-07-04 08:22:47,I'm having trouble with VPN connection drops every few minutes this is blocking me from completing my tasks. Contact: khaled.a
REC-003366,2025-08-10 04:17:47,User mohamed.s reported: VPN connection drops every few minutes this is blocking me from completing my tasks. Contact: fatima.z
REC-003367,2025-07-02 20:37:47,David.p submitted a ticket: performance on sap is extremely slow causing delays in project work.
REC-003368,2025-08-28 09:32:47,I'm having trouble with VPN connection drops every few minutes please reset password. Contact: ahmed.h
REC-003369,2025-06-25 03:07:47,Facing an issue where SharePoint refuses to start after update causing delays in project work.
REC-003370,2025-07-04 03:18:47,Facing an issue where Teams refuses to start after update this has been happening since yesterday.
REC-003371,2025-08-31 13:45:47,"Facing an issue where my phone at training hall showing network timeout already tried restarting, no success. Contact: alex.b"
REC-003372,2025-09-19 11:57:47,Could you please check my desktop at remote showing access denied please upgrade RAM.
REC-003373,2025-08-31 14:48:47,Request for support regarding VPN connection drops every few minutes colleagues on datacenter also affected.
REC-003374,2025-08-08 08:28:47,User sarah.k reported: vpn connection drops every few minutes need this fixed asap. contact: nina.b
REC-003375,2025-09-10 14:34:47,User youssef.t reported: my laptop at remote showing unknown host this is blocking me from completing my tasks.
REC-003376,2025-07-25 19:33:47,Problem encountered: Chrome refuses to start after update please upgrade RAM.
REC-003377,2025-07-27 05:04:47,"maria.l submitted a ticket: can't log in to PowerPoint already tried restarting, no success."
REC-003378,2025-09-12 13:51:47,Problem encountered: the printer at HQ is not working again please reset password.
REC-003379,2025-08-01 19:32:47,Request for support regarding my tablet at floor 2 showing printer jam this is blocking me from completing my tasks.
REC-003380,2025-08-31 02:53:47,"Request for support regarding unable to access outlook, request id #tkt-29108 colleagues on lab room also affected. contact: mohamed.s"
REC-003381,2025-07-09 14:12:47,"Problem encountered: my workstation at training hall showing access denied already tried restarting, no success."
REC-003382,2025-06-28 14:16:47,Need urgent help with the printer at remote is not working again need this fixed asap.
REC-003383,2025-07-01 00:25:47,Facing an issue where the printer at remote is not working again causing delays in project work.
REC-003384,2025-08-17 16:13:47,"Could you pls check unable to access Jira, request ID #TKT-38717 causing delays in project work."
REC-003385,2025-08-13 20:49:47,"Need urgent help with unable to access Slack, request ID #TKT-20473 causing delays in project work. Contact: hannah.j"
REC-003386,2025-08-17 19:43:47,User hannah.j reported: my desktop at remote showing access denied this has been happening since yesterday. Contact: paul.r
REC-003387,2025-07-21 12:27:47,"george.t submitted a ticket: the printer at branch office is not working again already tried restarting, no success."
REC-003388,2025-09-14 06:37:47,Need urgent help with VPN connection drops every few minutes colleagues on floor 3 also affected.
REC-003389,2025-07-11 13:15:47,Need urgent help with the printer at training hall is not working again causing delays in project work.
REC-003390,2025-08-30 23:58:47,"User david.p reported: unable to access Zoom, request ID #TKT-68492 this is blocking me from completing my tasks."
REC-003391,2025-09-21 19:01:47,User alex.b reported: onedrive refuses to start after update this is blocking me from completing my tasks.
REC-003392,2025-08-17 07:37:47,"Request for support regarding can't log in to Excel already tried restarting, no success. Contact: paul.r"
REC-003393,2025-07-12 13:24:47,emma.w submitted a ticket: my laptop at floor 3 showing blue screen this is blocking me from completing my tasks.
REC-003394,2025-07-02 09:29:47,"Problem encountered: VPN connection drops every few minutes already tried restarting, no success."
REC-003395,2025-07-04 15:35:47,Could you please check the printer at floor 3 is not working again causing delays in project work. Contact: sarah.k
REC-003396,2025-07-31 06:58:47,Facing an issue where performance on Zoom is extremely slow this has been happening since yesterday.
REC-003397,2025-07-01 01:26:47,"Problem encountered: VPN connection drops every few minutes already tried restarting, no success."
REC-003398,2025-09-08 12:38:47,I'm having trouble with can't log in to Word colleagues on remote also affected.
REC-003399,2025-08-16 19:15:47,Maria.l submitted a ticket: performance on teams is extremely slow causing delays in project work.
REC-003400,2025-07-06 17:53:47,Could you pls check performance on onedrive is extremely slow pls fix wifi.
REC-003401,2025-06-26 07:56:47,"Need urgent help with VPN connection drops every few minutes already tried restarting, no success."
REC-003402,2025-07-03 03:01:47,I'm having trouble with can't log in to SAP causing delays in project work. Contact: li.chen
REC-003403,2025-07-17 21:12:47,Request for support regarding the workstation keeps restarting randomly need this fixed ASAP.
REC-003404,2025-06-30 08:32:47,john.doe submitted a ticket: VPN connection drops every few minutes please unlock account. Contact: paul.r
REC-003405,2025-07-23 17:02:47,"sarah.k submitted a ticket: unable to access Outlook, request ID #TKT-49825 this has been happening since yesterday. Contact: paul.r"
REC-003406,2025-08-15 02:08:47,"Request for support regarding OneDrive refuses to start after update already tried restarting, no success."
REC-003407,2025-07-30 01:35:47,User li.chen reported: VPN connection drops every few minutes need this fixed ASAP. Contact: olivia.m
REC-003408,2025-09-20 02:40:47,david.p submitted a ticket: can't log in to Outlook this is blocking me from completing my tasks. Contact: david.p
REC-003409,2025-08-01 09:07:47,Problem encountered: SAP refuses to start after update this has been happening since yesterday.
REC-003410,2025-08-29 10:18:47,"Facing an issue where unable to access Slack, request ID #TKT-56303 this is blocking me from completing my tasks."
REC-003411,2025-06-27 18:47:47,"Problem encountered: unable to access Excel, request ID #TKT-90187 this has been happening since yesterday."
REC-003412,2025-07-15 20:58:47,Facing an issue where the server keeps restarting randomly this is blocking me from completing my tasks.
REC-003413,2025-08-15 00:58:47,User george.t reported: can't log in to OneDrive please install Adobe Acrobat.
REC-003414,2025-07-09 06:46:47,Problem encountered: onedrive refuses to start after update need this fixed asap.
REC-003415,2025-07-24 08:16:47,Could you please check PowerPoint refuses to start after update this has been happening since yesterday.
REC-003416,2025-08-14 14:59:47,sofia.g submitted a ticket: performance on Teams is extremely slow causing delays in project work.
REC-003417,2025-07-14 18:22:47,hannah.j submitted a ticket: VPN connection drops every few minutes this is blocking me from completing my tasks. Contact: george.t
REC-003418,2025-07-29 23:52:47,I'm having trouble with Outlook refuses to start after update please install Adobe Acrobat.
REC-003419,2025-07-21 18:39:47,Facing an issue where performance on Teams is extremely slow this is blocking me from completing my tasks. Contact: ahmed.h
REC-003420,2025-07-08 17:19:47,Need urgent help with VPN connection drops every few minutes need this fixed ASAP.
REC-003421,2025-08-28 07:36:47,Problem encountered: the desktop keeps restarting randomly this is blocking me from completing my tasks. Contact: ahmed.h
REC-003422,2025-09-05 22:12:47,Problem encountered: VPN connection drops every few minutes causing delays in project work. Contact: paul.r
REC-003423,2025-09-14 01:13:47,Request for support regarding Word refuses to start after update causing delays in project work. Contact: fatima.z
REC-003424,2025-07-09 23:47:47,"Facing an issue where unable to access SharePoint, request ID #TKT-24282 causing delays in project work."
REC-003425,2025-08-28 05:27:47,I'm having trouble with performance on Slack is extremely slow this has been happening since yesterday. Contact: mohamed.s
REC-003426,2025-08-22 11:51:47,"Could you please check the printer at remote is not working again already tried restarting, no success. Contact: khaled.a"
REC-003427,2025-06-27 08:47:47,Problem encountered: can't log in to Outlook this is blocking me from completing my tasks.
REC-003428,2025-08-22 18:16:47,maria.l submitted a ticket: SharePoint refuses to start after update causing delays in project work. Contact: paul.r
REC-003429,2025-07-09 02:41:47,"Facing an issue where unable to access Jira, request ID #TKT-90198 causing delays in project work."
REC-003430,2025-09-07 07:42:47,ahmed.h submitted a ticket: performance on Jira is extremely slow colleagues on remote also affected.
REC-003431,2025-07-19 04:08:47,Need urgent help with VPN connection drops every few minutes causing delays in project work.
REC-003432,2025-08-13 11:34:47,Facing an issue where can't log in to Teams please upgrade RAM. Contact: khaled.a
REC-003433,2025-09-13 05:20:47,Request for support regarding vpn connection drops every few minutes this has been happening since yesterday. contact: emma.w
REC-003434,2025-06-28 13:22:47,"User ahmed.h reported: the workstation keeps restarting randomly already tried restarting, no success. Contact: youssef.t"
REC-003435,2025-08-10 09:00:47,Problem encountered: the printer at HQ is not working again this has been happening since yesterday. Contact: maria.l
REC-003436,2025-07-15 20:25:47,"User john.doe reported: can't log in to onedrive already tried restarting, no success."
REC-003437,2025-07-21 00:14:47,Paul.r submitted a ticket: performance on teams is extremely slow need this fixed asap. contact: youssef.t
REC-003438,2025-07-24 23:18:47,"Request for support regarding unable to access SAP, request ID #TKT-73399 colleagues on branch office also affected. Contact: emma.w"
REC-003439,2025-08-30 13:07:47,Need urgent help with performance on SAP is extremely slow causing delays in project work.
REC-003440,2025-08-14 01:48:47,Facing an issue where performance on SharePoint is extremely slow causing delays in project work.
REC-003441,2025-09-09 15:26:47,Problem encountered: vpn connection drops every few minutes this has been happening since yesterday.
REC-003442,2025-09-19 12:39:47,Could you please check the laptop keeps restarting randomly this is blocking me from completing my tasks.
REC-003443,2025-07-05 20:50:47,"I'm having trouble with unable to access Jira, request ID #TKT-97627 already tried restarting, no success. Contact: alex.b"
REC-003444,2025-09-18 07:05:47,Problem encountered: Zoom refuses to start after update colleagues on HQ also affected.
REC-003445,2025-07-25 09:24:47,"youssef.t submitted a ticket: unable to access Excel, request ID #TKT-58212 please grant access to shared drive."
REC-003446,2025-08-04 14:32:47,"nina.b submitted a ticket: unable to access SharePoint, request ID #TKT-30360 already tried restarting, no success."
REC-003447,2025-08-27 22:54:47,User youssef.t reported: can't log in to Zoom need this fixed ASAP. Contact: fatima.z
REC-003448,2025-09-01 02:35:47,sofia.g submitted a ticket: VPN connection drops every few minutes this has been happening since yesterday.
REC-003449,2025-08-10 06:41:47,User david.p reported: performance on Slack is extremely slow this is blocking me from completing my tasks.
REC-003450,2025-09-12 17:21:47,Request for support regarding performance on PowerPoint is extremely slow colleagues on floor 3 also affected.
REC-003451,2025-07-28 04:07:47,"Problem encountered: unable to access Outlook, request ID #TKT-80669 causing delays in project work. Contact: sarah.k"
REC-003452,2025-07-22 20:21:47,I'm having trouble with my desktop at HQ showing blue screen colleagues on HQ also affected. Contact: emma.w
REC-003453,2025-07-02 02:17:47,I'm having trouble with the desktop keeps restarting randomly colleagues on HQ also affected. Contact: hannah.j
REC-003454,2025-07-11 22:47:47,"Request for support regarding unable to access PowerPoint, request ID #TKT-94335 already tried restarting, no success."
REC-003455,2025-09-14 17:28:47,alex.b submitted a ticket: Chrome refuses to start after update please install Adobe Acrobat.
REC-003456,2025-09-09 10:48:47,Could you please check performance on Teams is extremely slow need this fixed ASAP. Contact: sofia.g
REC-003457,2025-07-21 04:01:47,Problem encountered: performance on PowerPoint is extremely slow colleagues on HQ also affected. Contact: emma.w
REC-003458,2025-08-13 09:08:47,"Facing an issue where unable to access PowerPoint, request ID #TKT-56895 need this fixed ASAP."
REC-003459,2025-09-22 02:04:47,Could you pls check the server keeps restarting randomly pls fix wifi.
REC-003460,2025-06-27 14:24:47,Facing an issue where performance on PowerPoint is extremely slow need this fixed ASAP.
REC-003461,2025-09-11 10:47:47,Request for support regarding VPN connection drops every few minutes please setup new email account.
REC-003462,2025-09-21 06:06:47,Need urgent help with Slack refuses to start after update need this fixed ASAP.
REC-003463,2025-08-16 03:54:47,User sarah.k reported: word refuses to start after update causing delays in project work.
REC-003464,2025-08-23 12:09:47,User youssef.t reported: performance on Teams is extremely slow please fix wifi.
REC-003465,2025-09-20 17:54:47,Problem encountered: performance on Jira is extremely slow pls setup new email account.
REC-003466,2025-07-01 09:21:47,Request for support regarding the laptop keeps restarting randomly need this fixed asap.
REC-003467,2025-09-05 11:55:47,Problem encountered: can't log in to Excel please reset password.
REC-003468,2025-07-25 07:29:47,I'm having trouble with the tablet keeps restarting randomly please unlock account. contact: hannah.j
REC-003469,2025-08-07 02:07:47,Need urgent help with my tablet at HQ showing disk full this has been happening since yesterday.
REC-003470,2025-09-09 11:55:47,User paul.r reported: my workstation at datacenter showing printer jam this has been happening since yesterday.
REC-003471,2025-07-06 22:55:47,Need urgent help with can't log in to Word colleagues on datacenter also affected.
REC-003472,2025-07-12 06:09:47,User sofia.g reported: my tablet at remote showing error code 720 colleagues on remote also affected. Contact: li.chen
REC-003473,2025-09-01 13:24:47,"Facing an issue where unable to access Excel, request ID #TKT-61108 already tried restarting, no success."
REC-003474,2025-09-20 03:15:47,User li.chen reported: my laptop at branch office showing not responding this has been happening since yesterday.
REC-003475,2025-07-30 16:59:47,User ahmed.h reported: can't log in to sap this is blocking me from completing my tasks.
REC-003476,2025-08-24 13:14:47,"Could you please check unable to access Slack, request ID #TKT-58975 this is blocking me from completing my tasks."
REC-003477,2025-08-06 01:03:47,Could you please check Word refuses to start after update colleagues on training hall also affected.
REC-003478,2025-09-03 16:18:47,Problem encountered: vpn connection drops every few minutes please replace keyboard.
REC-003479,2025-09-10 03:14:47,Need urgent help with can't log in to Teams need this fixed ASAP.
REC-003480,2025-06-30 23:13:47,"Problem encountered: unable to access Word, request ID #TKT-56936 causing delays in project work."
REC-003481,2025-08-01 22:21:47,Could you please check VPN connection drops every few minutes colleagues on datacenter also affected.
REC-003482,2025-08-19 02:06:47,"User khaled.a reported: my server at floor 1 showing unknown host already tried restarting, no success."
REC-003483,2025-07-07 09:33:47,I'm having trouble with my server at branch office showing blue screen need this fixed ASAP.
REC-003484,2025-09-21 16:35:47,Facing an issue where VPN connection drops every few minutes this is blocking me from completing my tasks.
REC-003485,2025-08-15 03:01:47,"mohamed.s submitted a ticket: unable to access SharePoint, request ID #TKT-97470 already tried restarting, no success."
REC-003486,2025-08-11 08:59:47,Facing an issue where performance on Word is extremely slow please upgrade RAM.
REC-003487,2025-08-23 06:36:47,Request for support regarding performance on Zoom is extremely slow this is blocking me from completing my tasks.
REC-003488,2025-06-28 03:50:47,Facing an issue where performance on Word is extremely slow need this fixed ASAP.
REC-003489,2025-08-14 21:54:47,Request for support regarding teams refuses to start after update please install vpn client. contact: david.p
REC-003490,2025-07-05 15:09:47,"Facing an issue where unable to access Slack, request ID #TKT-88124 this is blocking me from completing my tasks."
REC-003491,2025-06-27 03:21:47,I'm having trouble with the printer at training hall is not working again pls upgrade RAM.
REC-003492,2025-07-31 13:16:47,Request for support regarding the printer at floor 3 is not working again need this fixed ASAP.
REC-003493,2025-06-30 05:50:47,I'm having trouble with can't log in to Chrome please install Adobe Acrobat.
REC-003494,2025-08-16 04:05:47,Need urgent help with sharepoint refuses to start after update this has been happening since yesterday. contact: david.p
REC-003495,2025-08-22 03:04:47,"Problem encountered: unable to access Word, request ID #TKT-20954 this has been happening since yesterday. Contact: david.p"
REC-003496,2025-09-06 12:48:47,Problem encountered: performance on Chrome is extremely slow need this fixed ASAP. Contact: maria.l
REC-003497,2025-06-30 21:21:47,"I'm having trouble with unable to access Outlook, request ID #TKT-10186 already tried restarting, no success."
REC-003498,2025-09-15 00:18:47,Request for support regarding the laptop keeps restarting randomly please upgrade RAM. Contact: paul.r
REC-003499,2025-08-13 12:33:47,User youssef.t reported: can't log in to jira causing delays in project work. contact: khaled.a
REC-003500,2025-09-05 14:35:47,youssef.t submitted a ticket: Zoom refuses to start after update this has been happening since yesterday. Contact: alex.b
REC-003501,2025-08-10 08:59:47,Need urgent help with the printer at branch office is not working again colleagues on branch office also affected.
REC-003502,2025-09-20 20:10:47,Facing an issue where the printer at HQ is not working again this has been happening since yesterday.
REC-003503,2025-06-26 20:34:47,Need urgent help with Outlook refuses to start after update causing delays in project work.
REC-003504,2025-07-08 22:27:47,User olivia.m reported: performance on chrome is extremely slow causing delays in project work. contact: mohamed.s
REC-003505,2025-07-03 19:07:47,Could you please check the phone keeps restarting randomly this has been happening since yesterday.
REC-003506,2025-09-01 14:04:47,youssef.t submitted a ticket: my tablet at remote showing unknown host causing delays in project work. Contact: george.t
REC-003507,2025-08-11 20:27:47,Could you please check the desktop keeps restarting randomly colleagues on training hall also affected.
REC-003508,2025-07-26 11:50:47,I'm having trouble with performance on Chrome is extremely slow please unlock account. Contact: khaled.a
REC-003509,2025-09-16 12:32:47,Could you please check my laptop at datacenter showing network timeout colleagues on datacenter also affected. Contact: emma.w
REC-003510,2025-07-13 02:47:47,youssef.t submitted a ticket: can't log in to Slack need this fixed ASAP.
REC-003511,2025-08-08 10:40:47,Need urgent help with can't log in to SAP please setup new email account.
REC-003512,2025-08-14 05:15:47,"I'm having trouble with vpn connection drops every few minutes already tried restarting, no success."
REC-003513,2025-07-18 17:51:47,I'm having trouble with the workstation keeps restarting randomly please grant access to shared drive.
REC-003514,2025-08-11 02:12:47,Problem encountered: SAP refuses to start after update this has been happening since yesterday.
REC-003515,2025-08-30 09:23:47,Could you pls check performance on SAP is extremely slow pls replace keyboard.
REC-003516,2025-07-09 02:22:47,Problem encountered: the printer at branch office is not working again this is blocking me from completing my tasks.
REC-003517,2025-06-28 04:34:47,Facing an issue where the desktop keeps restarting randomly this is blocking me from completing my tasks.
REC-003518,2025-08-05 19:44:47,"Could you please check unable to access Teams, request ID #TKT-36201 already tried restarting, no success. Contact: ahmed.h"
REC-003519,2025-06-30 14:51:47,Problem encountered: performance on Teams is extremely slow causing delays in project work. Contact: li.chen
REC-003520,2025-08-20 21:21:47,Could you pls check Word refuses to start after update this has been happening since yesterday.
REC-003521,2025-09-03 04:55:47,Could you please check can't log in to Slack this is blocking me from completing my tasks.
REC-003522,2025-07-12 17:47:47,User paul.r reported: can't log in to SAP need this fixed ASAP.
REC-003523,2025-09-03 21:38:47,"Request for support regarding unable to access sap, request id #tkt-71977 this is blocking me from completing my tasks. contact: alex.b"
REC-003524,2025-07-01 12:12:47,"User alex.b reported: Teams refuses to start after update already tried restarting, no success."
REC-003525,2025-09-04 08:03:47,"Request for support regarding the printer at floor 2 is not working again already tried restarting, no success. contact: emma.w"
REC-003526,2025-07-14 05:44:47,Could you please check Teams refuses to start after update this has been happening since yesterday. Contact: olivia.m
REC-003527,2025-09-12 10:45:47,I'm having trouble with the printer at HQ is not working again please grant access to shared drive.
REC-003528,2025-08-13 03:05:47,Could you please check can't log in to Word this has been happening since yesterday.
REC-003529,2025-06-29 10:02:47,Problem encountered: can't log in to Excel this has been happening since yesterday. Contact: fatima.z
REC-003530,2025-06-27 21:36:47,Facing an issue where vpn connection drops every few minutes pls replace keyboard.
REC-003531,2025-07-29 17:44:47,"Could you please check the printer at floor 1 is not working again already tried restarting, no success."
REC-003532,2025-09-12 11:34:47,Could you please check can't log in to OneDrive colleagues on datacenter also affected. Contact: alex.b
REC-003533,2025-09-15 15:34:47,olivia.m submitted a ticket: the server keeps restarting randomly causing delays in project work.
REC-003534,2025-09-16 16:38:47,User hannah.j reported: the phone keeps restarting randomly please replace keyboard.
REC-003535,2025-07-20 06:46:47,Need urgent help with the printer at floor 3 is not working again please install VPN client. Contact: sarah.k
REC-003536,2025-09-21 12:53:47,Facing an issue where vpn connection drops every few minutes please grant access to shared drive. contact: khaled.a
REC-003537,2025-07-16 21:06:47,Need urgent help with Chrome refuses to start after update colleagues on floor 2 also affected.
REC-003538,2025-09-08 22:50:47,Could you please check VPN connection drops every few minutes need this fixed ASAP.
REC-003539,2025-07-01 16:06:47,Could you please check my phone at datacenter showing not responding this has been happening since yesterday. Contact: nina.b
REC-003540,2025-07-09 14:52:47,Problem encountered: the printer at remote is not working again need this fixed ASAP.
REC-003541,2025-07-16 23:22:47,"Could you please check unable to access Jira, request ID #TKT-82856 already tried restarting, no success."
REC-003542,2025-07-22 21:00:47,I'm having trouble with the printer at floor 2 is not working again need this fixed ASAP. Contact: emma.w
REC-003543,2025-07-14 01:28:47,User youssef.t reported: the printer at branch office is not working again need this fixed ASAP. Contact: maria.l
REC-003544,2025-07-13 05:47:47,george.t submitted a ticket: performance on Teams is extremely slow please replace keyboard. Contact: john.doe
REC-003545,2025-06-26 00:57:47,Facing an issue where the laptop keeps restarting randomly colleagues on hq also affected.
REC-003546,2025-09-15 14:40:47,"I'm having trouble with my laptop at datacenter showing disk full already tried restarting, no success."
REC-003547,2025-06-30 14:36:47,User maria.l reported: vpn connection drops every few minutes please grant access to shared drive.
REC-003548,2025-07-31 14:58:47,"Facing an issue where the phone keeps restarting randomly already tried restarting, no success."
REC-003549,2025-06-25 21:11:47,"User emma.w reported: unable to access PowerPoint, request ID #TKT-11764 this is blocking me from completing my tasks."
REC-003550,2025-09-20 02:13:47,"I'm having trouble with the tablet keeps restarting randomly already tried restarting, no success."
REC-003551,2025-08-22 04:15:47,User mohamed.s reported: my workstation at floor 3 showing unknown host please install VPN client.
REC-003552,2025-09-08 15:13:47,Paul.r submitted a ticket: can't log in to outlook need this fixed asap.
REC-003553,2025-08-25 10:45:47,sarah.k submitted a ticket: VPN connection drops every few minutes colleagues on remote also affected.
REC-003554,2025-08-18 04:01:47,Need urgent help with can't log in to SAP need this fixed ASAP.
REC-003555,2025-08-16 00:36:47,Need urgent help with can't log in to SAP please grant access to shared drive. Contact: paul.r
REC-003556,2025-08-04 22:12:47,Facing an issue where performance on Chrome is extremely slow please replace keyboard. Contact: john.doe
REC-003557,2025-06-27 02:07:47,Facing an issue where performance on SharePoint is extremely slow colleagues on floor 2 also affected. Contact: fatima.z
REC-003558,2025-09-18 09:39:47,I'm having trouble with PowerPoint refuses to start after update colleagues on floor 2 also affected.
REC-003559,2025-07-22 08:03:47,Could you please check the phone keeps restarting randomly please replace keyboard.
REC-003560,2025-09-05 12:55:47,Could you please check performance on Outlook is extremely slow this is blocking me from completing my tasks.
REC-003561,2025-09-23 10:00:47,Problem encountered: VPN connection drops every few minutes causing delays in project work.
REC-003562,2025-09-20 02:38:47,I'm having trouble with the workstation keeps restarting randomly colleagues on branch office also affected.
REC-003563,2025-07-30 21:39:47,Problem encountered: performance on SharePoint is extremely slow need this fixed ASAP.
REC-003564,2025-08-02 09:15:47,Need urgent help with the printer at remote is not working again need this fixed ASAP.
REC-003565,2025-08-14 05:09:47,Facing an issue where the printer at branch office is not working again please reset password. Contact: youssef.t
REC-003566,2025-09-01 12:57:47,Could you please check my workstation at lab room showing access denied this has been happening since yesterday. Contact: khaled.a
REC-003567,2025-07-07 07:04:47,I'm having trouble with VPN connection drops every few minutes this has been happening since yesterday. Contact: paul.r
REC-003568,2025-09-22 17:06:47,Need urgent help with can't log in to SharePoint this is blocking me from completing my tasks.
REC-003569,2025-09-18 17:35:47,Request for support regarding the phone keeps restarting randomly need this fixed ASAP. Contact: paul.r
REC-003570,2025-08-05 18:55:47,User sarah.k reported: VPN connection drops every few minutes causing delays in project work.
REC-003571,2025-09-22 21:20:47,Facing an issue where SharePoint refuses to start after update causing delays in project work.
REC-003572,2025-07-31 08:34:47,"Problem encountered: performance on powerpoint is extremely slow already tried restarting, no success."
REC-003573,2025-08-26 01:52:47,"Nina.b submitted a ticket: unable to access chrome, request id #tkt-25541 already tried restarting, no success."
REC-003574,2025-09-11 20:14:47,I'm having trouble with performance on powerpoint is extremely slow this has been happening since yesterday. contact: john.doe
REC-003575,2025-09-07 19:18:47,I'm having trouble with performance on Teams is extremely slow causing delays in project work.
REC-003576,2025-06-26 01:54:47,User emma.w reported: my server at branch office showing network timeout need this fixed ASAP.
REC-003577,2025-07-12 09:57:47,User john.doe reported: the laptop keeps restarting randomly this has been happening since yesterday.
REC-003578,2025-07-20 21:58:47,Facing an issue where the workstation keeps restarting randomly this is blocking me from completing my tasks.
REC-003579,2025-08-03 15:41:47,Facing an issue where can't log in to powerpoint please install adobe acrobat.
REC-003580,2025-07-30 15:23:47,Need urgent help with word refuses to start after update colleagues on floor 1 also affected.
REC-003581,2025-09-15 14:56:47,Problem encountered: the desktop keeps restarting randomly this has been happening since yesterday.
REC-003582,2025-08-11 11:27:47,"I'm having trouble with unable to access Teams, request ID #TKT-35060 please replace keyboard."
REC-003583,2025-08-07 17:27:47,Facing an issue where Outlook refuses to start after update please setup new email account. Contact: mohamed.s
REC-003584,2025-09-11 06:48:47,"I'm having trouble with can't log in to OneDrive already tried restarting, no success."
REC-003585,2025-07-20 19:31:47,Facing an issue where my desktop at floor 2 showing error code 720 colleagues on floor 2 also affected.
REC-003586,2025-07-01 21:08:47,Problem encountered: my laptop at floor 2 showing unknown host colleagues on floor 2 also affected.
REC-003587,2025-07-02 17:26:47,george.t submitted a ticket: VPN connection drops every few minutes causing delays in project work.
REC-003588,2025-07-07 23:33:47,Need urgent help with VPN connection drops every few minutes causing delays in project work.
REC-003589,2025-08-27 16:30:47,Problem encountered: VPN connection drops every few minutes need this fixed ASAP.
REC-003590,2025-08-12 18:09:47,I'm having trouble with the laptop keeps restarting randomly this is blocking me from completing my tasks.
REC-003591,2025-09-13 18:01:47,hannah.j submitted a ticket: VPN connection drops every few minutes causing delays in project work.
REC-003592,2025-08-02 04:26:47,Could you please check VPN connection drops every few minutes this has been happening since yesterday.
REC-003593,2025-07-16 22:46:47,User paul.r reported: the printer at training hall is not working again this has been happening since yesterday. Contact: george.t
REC-003594,2025-09-04 15:44:47,Could you please check Chrome refuses to start after update causing delays in project work.
REC-003595,2025-08-24 09:30:47,Could you please check Outlook refuses to start after update this has been happening since yesterday.
REC-003596,2025-08-11 07:30:47,User mohamed.s reported: the desktop keeps restarting randomly causing delays in project work.
REC-003597,2025-09-09 19:16:47,Facing an issue where the printer at HQ is not working again colleagues on HQ also affected. Contact: sofia.g
REC-003598,2025-07-08 09:09:47,"sofia.g submitted a ticket: unable to access Word, request ID #TKT-72129 causing delays in project work. Contact: li.chen"
REC-003599,2025-07-23 11:16:47,"Facing an issue where the workstation keeps restarting randomly already tried restarting, no success."
REC-003600,2025-07-13 22:21:47,Sarah.k submitted a ticket: the printer at hq is not working again this has been happening since yesterday.
REC-003601,2025-08-17 20:48:47,khaled.a submitted a ticket: can't log in to Slack please fix wifi.
REC-003602,2025-08-24 17:34:47,"Need urgent help with performance on Teams is extremely slow already tried restarting, no success."
REC-003603,2025-09-08 17:25:47,Could you please check the server keeps restarting randomly causing delays in project work. contact: sarah.k
REC-003604,2025-09-19 15:40:47,"I'm having trouble with the phone keeps restarting randomly already tried restarting, no success."
REC-003605,2025-09-10 05:47:47,Need urgent help with performance on slack is extremely slow need this fixed asap.
REC-003606,2025-09-06 03:27:47,Could you please check the desktop keeps restarting randomly colleagues on floor 1 also affected.
REC-003607,2025-07-14 19:39:47,maria.l submitted a ticket: can't log in to Jira this has been happening since yesterday.
REC-003608,2025-08-15 22:32:47,Request for support regarding VPN connection drops every few minutes causing delays in project work. Contact: fatima.z
REC-003609,2025-07-14 06:13:47,I'm having trouble with can't log in to Slack causing delays in project work.
REC-003610,2025-07-26 19:06:47,I'm having trouble with vpn connection drops every few minutes need this fixed asap.
REC-003611,2025-08-29 13:48:47,User khaled.a reported: performance on Word is extremely slow this is blocking me from completing my tasks.
REC-003612,2025-09-21 11:39:47,Problem encountered: the server keeps restarting randomly please setup new email account. contact: alex.b
REC-003613,2025-07-04 13:09:47,Facing an issue where performance on PowerPoint is extremely slow please replace keyboard. Contact: paul.r
REC-003614,2025-09-09 04:20:47,Request for support regarding my phone at HQ showing not responding colleagues on HQ also affected. Contact: maria.l
REC-003615,2025-07-20 22:20:47,olivia.m submitted a ticket: can't log in to Teams please replace keyboard.
REC-003616,2025-07-24 02:51:47,User fatima.z reported: the server keeps restarting randomly colleagues on floor 2 also affected.
REC-003617,2025-09-10 11:48:47,I'm having trouble with vpn connection drops every few minutes this has been happening since yesterday. contact: john.doe
REC-003618,2025-07-22 09:19:47,I'm having trouble with the printer at branch office is not working again causing delays in project work.
REC-003619,2025-08-01 05:14:47,Need urgent help with SAP refuses to start after update please install Adobe Acrobat. Contact: john.doe
REC-003620,2025-09-02 18:57:47,Problem encountered: VPN connection drops every few minutes causing delays in project work.
REC-003621,2025-07-20 07:12:47,I'm having trouble with can't log in to Jira please reset password.
REC-003622,2025-09-06 17:31:47,Request for support regarding can't log in to Zoom this has been happening since yesterday.
REC-003623,2025-07-11 09:31:47,Request for support regarding Excel refuses to start after update this is blocking me from completing my tasks.
REC-003624,2025-08-27 18:16:47,"nina.b submitted a ticket: the desktop keeps restarting randomly already tried restarting, no success."
REC-003625,2025-09-10 00:36:47,Problem encountered: the printer at remote is not working again pls grant access to shared drive.
REC-003626,2025-07-05 02:18:47,Could you please check performance on Teams is extremely slow causing delays in project work.
REC-003627,2025-09-02 09:38:47,Could you please check VPN connection drops every few minutes need this fixed ASAP.
REC-003628,2025-09-11 20:15:47,alex.b submitted a ticket: my tablet at branch office showing printer jam pls install Adobe Acrobat. Contact: sofia.g
REC-003629,2025-06-29 17:27:47,Facing an issue where my tablet at floor 1 showing printer jam this is blocking me from completing my tasks.
REC-003630,2025-07-07 18:31:47,I'm having trouble with the tablet keeps restarting randomly this is blocking me from completing my tasks.
REC-003631,2025-08-07 09:37:47,maria.l submitted a ticket: Zoom refuses to start after update please upgrade RAM. Contact: paul.r
REC-003632,2025-09-15 22:25:47,User sofia.g reported: my server at floor 3 showing access denied this is blocking me from completing my tasks.
REC-003633,2025-08-30 22:33:47,emma.w submitted a ticket: can't log in to Excel this has been happening since yesterday. Contact: olivia.m
REC-003634,2025-08-09 09:54:47,Need urgent help with performance on Slack is extremely slow this is blocking me from completing my tasks.
REC-003635,2025-08-06 17:44:47,I'm having trouble with performance on SAP is extremely slow colleagues on training hall also affected.
REC-003636,2025-07-03 16:58:47,Need urgent help with can't log in to OneDrive colleagues on floor 2 also affected.
REC-003637,2025-08-07 02:50:47,mohamed.s submitted a ticket: Slack refuses to start after update need this fixed ASAP. Contact: youssef.t
REC-003638,2025-08-09 15:03:47,Facing an issue where the workstation keeps restarting randomly please install Adobe Acrobat.
REC-003639,2025-06-30 08:47:47,"Request for support regarding the workstation keeps restarting randomly already tried restarting, no success."
REC-003640,2025-09-11 12:21:47,User hannah.j reported: the printer at lab room is not working again this has been happening since yesterday.
REC-003641,2025-09-02 08:56:47,"Need urgent help with unable to access Zoom, request ID #TKT-20399 colleagues on training hall also affected."
REC-003642,2025-08-05 01:14:47,Problem encountered: my laptop at branch office showing network timeout causing delays in project work.
REC-003643,2025-07-07 13:17:47,"khaled.a submitted a ticket: can't log in to Chrome already tried restarting, no success. Contact: ahmed.h"
REC-003644,2025-08-15 20:09:47,"Could you please check vpn connection drops every few minutes already tried restarting, no success."
REC-003645,2025-07-02 05:44:47,Could you pls check performance on PowerPoint is extremely slow causing delays in project work.
REC-003646,2025-09-12 19:50:47,User youssef.t reported: can't log in to sap need this fixed asap.
REC-003647,2025-06-25 02:08:47,"I'm having trouble with Chrome refuses to start after update already tried restarting, no success."
REC-003648,2025-07-17 14:24:47,Need urgent help with VPN connection drops every few minutes causing delays in project work. Contact: hannah.j
REC-003649,2025-08-25 11:37:47,Need urgent help with VPN connection drops every few minutes please grant access to shared drive.
REC-003650,2025-07-19 03:32:47,paul.r submitted a ticket: the printer at floor 1 is not working again pls install VPN client.
REC-003651,2025-08-20 01:01:47,Request for support regarding the printer at branch office is not working again need this fixed ASAP.
REC-003652,2025-07-27 15:49:47,User khaled.a reported: the server keeps restarting randomly please install vpn client.
REC-003653,2025-06-30 20:12:47,Request for support regarding the printer at remote is not working again please install VPN client. Contact: fatima.z
REC-003654,2025-07-03 07:57:47,"Problem encountered: VPN connection drops every few minutes already tried restarting, no success."
REC-003655,2025-06-29 18:19:47,Problem encountered: VPN connection drops every few minutes this is blocking me from completing my tasks. Contact: sofia.g
REC-003656,2025-07-24 20:29:47,Problem encountered: my laptop at remote showing error code 720 causing delays in project work.
REC-003657,2025-07-17 04:30:47,"Need urgent help with performance on SharePoint is extremely slow already tried restarting, no success. Contact: ahmed.h"
REC-003658,2025-08-26 07:43:47,Could you please check the tablet keeps restarting randomly this has been happening since yesterday.
REC-003659,2025-09-18 06:41:47,"Could you pls check unable to access Teams, request ID #TKT-36140 this has been happening since yesterday. Contact: emma.w"
REC-003660,2025-07-01 17:00:47,Facing an issue where Word refuses to start after update pls grant access to shared drive. Contact: mohamed.s
REC-003661,2025-08-11 13:43:47,"User olivia.m reported: unable to access Jira, request ID #TKT-39800 causing delays in project work. Contact: li.chen"
REC-003662,2025-07-30 16:44:47,User li.chen reported: can't log in to Teams causing delays in project work.
REC-003663,2025-08-23 23:36:47,"Facing an issue where unable to access OneDrive, request ID #TKT-47939 colleagues on lab room also affected. Contact: maria.l"
REC-003664,2025-08-18 20:35:47,Problem encountered: the printer at HQ is not working again causing delays in project work.
REC-003665,2025-08-08 06:51:47,Need urgent help with the laptop keeps restarting randomly need this fixed ASAP.
REC-003666,2025-08-25 23:02:47,User ahmed.h reported: my laptop at branch office showing error code 720 this is blocking me from completing my tasks.
REC-003667,2025-09-13 01:27:47,"Could you please check performance on teams is extremely slow already tried restarting, no success."
REC-003668,2025-07-27 17:20:47,Problem encountered: Teams refuses to start after update need this fixed ASAP. Contact: olivia.m
REC-003669,2025-08-18 03:25:47,User hannah.j reported: can't log in to Excel need this fixed ASAP.
REC-003670,2025-08-24 14:52:47,User khaled.a reported: can't log in to Slack colleagues on remote also affected.
REC-003671,2025-06-26 09:55:47,Facing an issue where my tablet at datacenter showing access denied causing delays in project work.
REC-003672,2025-09-13 21:52:47,Facing an issue where the tablet keeps restarting randomly please upgrade RAM.
REC-003673,2025-09-06 07:16:47,"Need urgent help with unable to access Zoom, request ID #TKT-68400 causing delays in project work."
REC-003674,2025-07-14 07:25:47,Need urgent help with vpn connection drops every few minutes pls install adobe acrobat.
REC-003675,2025-07-03 17:15:47,"maria.l submitted a ticket: unable to access PowerPoint, request ID #TKT-86382 already tried restarting, no success."
REC-003676,2025-08-07 09:48:47,"Request for support regarding the desktop keeps restarting randomly already tried restarting, no success."
REC-003677,2025-08-28 00:39:47,Could you please check performance on teams is extremely slow causing delays in project work.
REC-003678,2025-08-14 21:13:47,User sarah.k reported: can't log in to slack please unlock account.
REC-003679,2025-09-17 16:47:47,Could you please check my laptop at datacenter showing unknown host please reset password. Contact: alex.b
REC-003680,2025-07-21 09:20:47,Facing an issue where my workstation at datacenter showing error code 720 need this fixed ASAP. Contact: khaled.a
REC-003681,2025-06-27 15:28:47,"Facing an issue where the laptop keeps restarting randomly already tried restarting, no success."
REC-003682,2025-07-25 01:41:47,nina.b submitted a ticket: VPN connection drops every few minutes colleagues on branch office also affected.
REC-003683,2025-08-31 12:57:47,I'm having trouble with the printer at datacenter is not working again need this fixed ASAP.
REC-003684,2025-07-22 14:41:47,"Could you please check performance on sharepoint is extremely slow already tried restarting, no success."
REC-003685,2025-08-16 14:39:47,"Need urgent help with unable to access Chrome, request ID #TKT-23835 this is blocking me from completing my tasks."
REC-003686,2025-07-29 23:20:47,"Problem encountered: the printer at floor 2 is not working again already tried restarting, no success."
REC-003687,2025-09-22 04:39:47,"User ahmed.h reported: unable to access Slack, request ID #TKT-88269 please grant access to shared drive."
REC-003688,2025-07-21 11:26:47,Could you please check the printer at floor 2 is not working again colleagues on floor 2 also affected.
REC-003689,2025-07-18 00:10:47,User george.t reported: my desktop at HQ showing not responding colleagues on HQ also affected.
REC-003690,2025-07-10 11:14:47,Problem encountered: the server keeps restarting randomly this has been happening since yesterday.
REC-003691,2025-09-16 11:58:47,Problem encountered: performance on Zoom is extremely slow this is blocking me from completing my tasks.
REC-003692,2025-09-04 04:20:47,User hannah.j reported: OneDrive refuses to start after update this is blocking me from completing my tasks.
REC-003693,2025-07-01 13:09:47,Need urgent help with can't log in to Slack need this fixed ASAP. Contact: olivia.m
REC-003694,2025-09-21 15:54:47,Need urgent help with the desktop keeps restarting randomly this is blocking me from completing my tasks. Contact: fatima.z
REC-003695,2025-08-01 21:32:47,Facing an issue where performance on Slack is extremely slow this is blocking me from completing my tasks. Contact: olivia.m
REC-003696,2025-09-22 02:57:47,Problem encountered: performance on Chrome is extremely slow this has been happening since yesterday.
REC-003697,2025-08-01 17:00:47,"Problem encountered: unable to access onedrive, request id #tkt-51475 need this fixed asap."
REC-003698,2025-08-29 00:36:47,Problem encountered: the workstation keeps restarting randomly causing delays in project work.
REC-003699,2025-09-06 14:27:47,Request for support regarding the printer at training hall is not working again this has been happening since yesterday.
REC-003700,2025-08-08 14:22:47,Need urgent help with can't log in to Excel need this fixed ASAP.
REC-003701,2025-08-11 05:39:47,User youssef.t reported: my tablet at lab room showing access denied causing delays in project work.
REC-003702,2025-09-06 21:36:47,Need urgent help with zoom refuses to start after update this is blocking me from completing my tasks. contact: alex.b
REC-003703,2025-08-31 02:30:47,I'm having trouble with VPN connection drops every few minutes colleagues on remote also affected.
REC-003704,2025-07-22 07:11:47,"Could you please check unable to access Word, request ID #TKT-15008 causing delays in project work."
REC-003705,2025-08-11 17:38:47,alex.b submitted a ticket: can't log in to PowerPoint please unlock account.
REC-003706,2025-07-06 12:57:47,Could you please check VPN connection drops every few minutes colleagues on floor 1 also affected.
REC-003707,2025-07-12 04:15:47,"User youssef.t reported: the laptop keeps restarting randomly already tried restarting, no success."
REC-003708,2025-08-23 06:15:47,User john.doe reported: the laptop keeps restarting randomly this has been happening since yesterday.
REC-003709,2025-09-19 12:13:47,I'm having trouble with can't log in to Chrome pls install VPN client. Contact: david.p
REC-003710,2025-08-09 18:30:47,Could you please check my server at floor 3 showing blue screen colleagues on floor 3 also affected. Contact: george.t
REC-003711,2025-08-10 22:48:47,Request for support regarding the printer at HQ is not working again this has been happening since yesterday.
REC-003712,2025-09-23 15:59:47,I'm having trouble with vpn connection drops every few minutes pls install adobe acrobat.
REC-003713,2025-06-28 15:37:47,User george.t reported: Excel refuses to start after update need this fixed ASAP. Contact: emma.w
REC-003714,2025-09-11 15:59:47,Could you pls check VPN connection drops every few minutes colleagues on training hall also affected. Contact: sofia.g
REC-003715,2025-06-28 14:11:47,Facing an issue where the printer at floor 3 is not working again this is blocking me from completing my tasks.
REC-003716,2025-09-08 16:29:47,"Problem encountered: unable to access PowerPoint, request ID #TKT-17597 already tried restarting, no success."
REC-003717,2025-07-18 11:28:47,"User ahmed.h reported: unable to access zoom, request id #tkt-84157 this is blocking me from completing my tasks."
REC-003718,2025-08-27 17:36:47,User paul.r reported: my workstation at branch office showing unknown host this has been happening since yesterday. Contact: emma.w
REC-003719,2025-09-11 11:08:47,"I'm having trouble with unable to access Slack, request ID #TKT-91415 already tried restarting, no success."
REC-003720,2025-06-25 01:39:47,User fatima.z reported: the printer at remote is not working again please install Adobe Acrobat. Contact: fatima.z
REC-003721,2025-07-22 23:35:47,mohamed.s submitted a ticket: performance on PowerPoint is extremely slow colleagues on floor 1 also affected. Contact: fatima.z
REC-003722,2025-08-09 09:40:47,Problem encountered: can't log in to Zoom this is blocking me from completing my tasks. Contact: nina.b
REC-003723,2025-07-14 10:41:47,Problem encountered: performance on Zoom is extremely slow colleagues on floor 1 also affected.
REC-003724,2025-07-18 13:26:47,Need urgent help with can't log in to Word need this fixed ASAP. Contact: maria.l
REC-003725,2025-08-13 09:05:47,Need urgent help with the printer at lab room is not working again colleagues on lab room also affected.
REC-003726,2025-09-11 21:48:47,fatima.z submitted a ticket: SAP refuses to start after update this is blocking me from completing my tasks.
REC-003727,2025-06-29 04:14:47,"Problem encountered: unable to access Slack, request ID #TKT-31342 this has been happening since yesterday. Contact: olivia.m"
REC-003728,2025-09-16 22:20:47,Could you please check Zoom refuses to start after update need this fixed ASAP. Contact: ahmed.h
REC-003729,2025-07-30 02:38:47,"Facing an issue where unable to access Zoom, request ID #TKT-76943 please install VPN client."
REC-003730,2025-09-14 02:12:47,"hannah.j submitted a ticket: can't log in to Word already tried restarting, no success."
REC-003731,2025-07-06 18:17:47,Facing an issue where the desktop keeps restarting randomly this has been happening since yesterday.
REC-003732,2025-08-19 15:05:47,User nina.b reported: can't log in to PowerPoint colleagues on branch office also affected.
REC-003733,2025-08-18 02:27:47,I'm having trouble with performance on Teams is extremely slow this has been happening since yesterday. Contact: mohamed.s
REC-003734,2025-09-11 08:38:47,Need urgent help with the printer at floor 3 is not working again please grant access to shared drive.
REC-003735,2025-08-01 18:06:47,"Problem encountered: unable to access OneDrive, request ID #TKT-87415 need this fixed ASAP."
REC-003736,2025-09-13 15:37:47,Need urgent help with can't log in to Zoom this has been happening since yesterday.
REC-003737,2025-07-24 06:55:47,khaled.a submitted a ticket: can't log in to Excel need this fixed ASAP.
REC-003738,2025-08-26 18:48:47,User ahmed.h reported: the laptop keeps restarting randomly need this fixed ASAP.
REC-003739,2025-09-12 23:35:47,Request for support regarding can't log in to Word this has been happening since yesterday.
REC-003740,2025-08-07 20:18:47,Request for support regarding my workstation at floor 2 showing access denied colleagues on floor 2 also affected.
REC-003741,2025-09-12 13:33:47,"Request for support regarding can't log in to zoom already tried restarting, no success."
REC-003742,2025-09-15 19:50:47,Problem encountered: the workstation keeps restarting randomly colleagues on floor 3 also affected. Contact: youssef.t
REC-003743,2025-09-13 07:45:47,Request for support regarding SharePoint refuses to start after update this has been happening since yesterday.
REC-003744,2025-07-07 11:45:47,"Could you please check Teams refuses to start after update already tried restarting, no success. Contact: fatima.z"
REC-003745,2025-07-12 15:39:47,Need urgent help with the server keeps restarting randomly this has been happening since yesterday. Contact: ahmed.h
REC-003746,2025-09-03 04:44:47,Problem encountered: the workstation keeps restarting randomly colleagues on training hall also affected. Contact: li.chen
REC-003747,2025-06-29 07:40:47,Need urgent help with performance on teams is extremely slow please unlock account. contact: mohamed.s
REC-003748,2025-07-25 11:49:47,Request for support regarding my tablet at branch office showing printer jam causing delays in project work.
REC-003749,2025-08-25 14:03:47,"I'm having trouble with the printer at HQ is not working again already tried restarting, no success."
REC-003750,2025-08-30 06:21:47,"Need urgent help with unable to access sap, request id #tkt-64908 this is blocking me from completing my tasks."
REC-003751,2025-09-18 16:04:47,Request for support regarding PowerPoint refuses to start after update causing delays in project work.
REC-003752,2025-08-17 17:23:47,khaled.a submitted a ticket: my laptop at floor 3 showing not responding this has been happening since yesterday. Contact: sarah.k
REC-003753,2025-08-07 17:45:47,"Problem encountered: OneDrive refuses to start after update already tried restarting, no success."
REC-003754,2025-08-06 00:03:47,khaled.a submitted a ticket: the printer at datacenter is not working again please install VPN client. Contact: olivia.m
REC-003755,2025-07-08 14:30:47,Need urgent help with VPN connection drops every few minutes this is blocking me from completing my tasks.
REC-003756,2025-07-27 00:30:47,hannah.j submitted a ticket: Slack refuses to start after update need this fixed ASAP.
REC-003757,2025-07-09 07:03:47,Facing an issue where Excel refuses to start after update this is blocking me from completing my tasks. Contact: khaled.a
REC-003758,2025-07-06 09:22:47,User sarah.k reported: performance on powerpoint is extremely slow please setup new email account. contact: nina.b
REC-003759,2025-08-01 15:10:47,Problem encountered: the server keeps restarting randomly need this fixed ASAP. Contact: paul.r
REC-003760,2025-08-08 10:37:47,Need urgent help with performance on Jira is extremely slow this has been happening since yesterday. Contact: john.doe
REC-003761,2025-07-27 19:02:47,I'm having trouble with the printer at remote is not working again please upgrade RAM.
REC-003762,2025-07-01 05:07:47,"Could you please check VPN connection drops every few minutes already tried restarting, no success. Contact: emma.w"
REC-003763,2025-09-22 03:41:47,Could you please check Outlook refuses to start after update causing delays in project work. Contact: ahmed.h
REC-003764,2025-08-14 22:14:47,Need urgent help with can't log in to SAP this has been happening since yesterday.
REC-003765,2025-07-01 18:04:47,Request for support regarding the printer at training hall is not working again need this fixed ASAP.
REC-003766,2025-09-23 07:34:47,Need urgent help with my tablet at training hall showing printer jam colleagues on training hall also affected.
REC-003767,2025-08-25 02:46:47,"Facing an issue where unable to access SharePoint, request ID #TKT-31533 causing delays in project work."
REC-003768,2025-08-29 00:03:47,User john.doe reported: can't log in to Chrome colleagues on datacenter also affected. Contact: khaled.a
REC-003769,2025-08-31 18:27:47,Facing an issue where performance on Jira is extremely slow need this fixed ASAP. Contact: maria.l
REC-003770,2025-06-30 03:54:47,User sofia.g reported: the laptop keeps restarting randomly causing delays in project work.
REC-003771,2025-07-07 15:49:47,"Request for support regarding unable to access PowerPoint, request ID #TKT-86800 causing delays in project work."
REC-003772,2025-08-16 02:11:47,Facing an issue where the desktop keeps restarting randomly this is blocking me from completing my tasks.
REC-003773,2025-08-17 23:38:47,"Problem encountered: unable to access Zoom, request ID #TKT-33800 need this fixed ASAP."
REC-003774,2025-09-13 07:02:47,Request for support regarding Excel refuses to start after update need this fixed ASAP. Contact: paul.r
REC-003775,2025-08-03 12:39:47,Need urgent help with vpn connection drops every few minutes causing delays in project work.
REC-003776,2025-09-16 23:10:47,User khaled.a reported: the printer at datacenter is not working again please setup new email account.
REC-003777,2025-07-10 17:23:47,nina.b submitted a ticket: the server keeps restarting randomly pls reset password.
REC-003778,2025-09-02 21:27:47,I'm having trouble with can't log in to Excel this has been happening since yesterday. Contact: olivia.m
REC-003779,2025-07-15 07:07:47,Could you pls check SharePoint refuses to start after update need this fixed ASAP. Contact: sofia.g
REC-003780,2025-09-06 19:46:47,"Request for support regarding performance on zoom is extremely slow already tried restarting, no success."
REC-003781,2025-08-28 18:27:47,Need urgent help with can't log in to Slack please upgrade RAM. Contact: youssef.t
REC-003782,2025-08-16 20:02:47,"Problem encountered: unable to access Word, request ID #TKT-53688 please grant access to shared drive."
REC-003783,2025-09-19 02:53:47,I'm having trouble with teams refuses to start after update this is blocking me from completing my tasks.
REC-003784,2025-07-06 11:38:47,Request for support regarding Slack refuses to start after update please upgrade RAM.
REC-003785,2025-08-24 10:24:47,Need urgent help with the workstation keeps restarting randomly this is blocking me from completing my tasks.
REC-003786,2025-08-23 12:35:47,I'm having trouble with my phone at floor 1 showing network timeout please fix wifi.
REC-003787,2025-08-10 01:28:47,Need urgent help with performance on OneDrive is extremely slow this is blocking me from completing my tasks.
REC-003788,2025-09-08 11:08:47,User youssef.t reported: the printer at remote is not working again causing delays in project work.
REC-003789,2025-08-03 12:45:47,maria.l submitted a ticket: the laptop keeps restarting randomly this has been happening since yesterday. Contact: paul.r
REC-003790,2025-07-29 22:57:47,"I'm having trouble with the printer at branch office is not working again already tried restarting, no success."
REC-003791,2025-08-08 23:02:47,Request for support regarding my server at lab room showing unknown host please upgrade RAM. Contact: george.t
REC-003792,2025-09-19 08:53:47,"I'm having trouble with unable to access Teams, request ID #TKT-93688 causing delays in project work."
REC-003793,2025-06-25 05:07:47,"Request for support regarding unable to access Word, request ID #TKT-77525 please grant access to shared drive."
REC-003794,2025-07-18 23:08:47,"I'm having trouble with unable to access Slack, request ID #TKT-88558 causing delays in project work."
REC-003795,2025-09-04 04:27:47,Request for support regarding the printer at datacenter is not working again this is blocking me from completing my tasks. Contact: david.p
REC-003796,2025-08-14 05:04:47,User sarah.k reported: performance on Word is extremely slow please fix wifi. Contact: david.p
REC-003797,2025-09-08 16:08:47,I'm having trouble with my laptop at lab room showing unknown host need this fixed ASAP.
REC-003798,2025-08-14 19:55:47,Facing an issue where VPN connection drops every few minutes causing delays in project work. Contact: david.p
REC-003799,2025-07-02 15:46:47,mohamed.s submitted a ticket: the tablet keeps restarting randomly colleagues on datacenter also affected.
REC-003800,2025-08-05 04:02:47,"Need urgent help with unable to access Excel, request ID #TKT-89261 need this fixed ASAP."
REC-003801,2025-07-09 07:29:47,"olivia.m submitted a ticket: unable to access Outlook, request ID #TKT-47932 already tried restarting, no success."
REC-003802,2025-07-24 01:40:47,I'm having trouble with performance on SAP is extremely slow this has been happening since yesterday.
REC-003803,2025-08-03 22:03:47,User paul.r reported: vpn connection drops every few minutes need this fixed asap.
REC-003804,2025-08-22 09:06:47,Request for support regarding OneDrive refuses to start after update please install VPN client.
REC-003805,2025-08-08 08:04:47,User sofia.g reported: can't log in to PowerPoint this is blocking me from completing my tasks. Contact: mohamed.s
REC-003806,2025-08-26 04:18:47,I'm having trouble with Jira refuses to start after update please grant access to shared drive.
REC-003807,2025-09-07 06:39:47,Could you please check SharePoint refuses to start after update this has been happening since yesterday.
REC-003808,2025-09-11 03:51:47,Could you please check my workstation at floor 2 showing access denied this has been happening since yesterday.
REC-003809,2025-08-04 19:38:47,Maria.l submitted a ticket: teams refuses to start after update this is blocking me from completing my tasks. contact: john.doe
REC-003810,2025-07-01 07:16:47,"Problem encountered: the tablet keeps restarting randomly already tried restarting, no success."
REC-003811,2025-09-17 21:02:47,User maria.l reported: SharePoint refuses to start after update colleagues on floor 3 also affected.
REC-003812,2025-07-28 18:14:47,I'm having trouble with my workstation at training hall showing printer jam this is blocking me from completing my tasks.
REC-003813,2025-07-26 11:01:47,User david.p reported: my desktop at floor 2 showing access denied causing delays in project work.
REC-003814,2025-08-20 12:05:47,Facing an issue where the tablet keeps restarting randomly this is blocking me from completing my tasks. Contact: alex.b
REC-003815,2025-09-06 11:27:47,User maria.l reported: the printer at floor 1 is not working again causing delays in project work.
REC-003816,2025-07-27 01:35:47,Could you please check Jira refuses to start after update causing delays in project work.
REC-003817,2025-06-27 17:59:47,"I'm having trouble with unable to access Jira, request ID #TKT-20955 causing delays in project work."
REC-003818,2025-09-22 15:30:47,User olivia.m reported: my tablet at floor 3 showing unknown host colleagues on floor 3 also affected. Contact: li.chen
REC-003819,2025-08-21 03:12:47,Facing an issue where can't log in to Word causing delays in project work.
REC-003820,2025-07-22 09:45:47,Need urgent help with VPN connection drops every few minutes please install VPN client.
REC-003821,2025-07-07 10:20:47,Problem encountered: can't log in to SharePoint colleagues on training hall also affected.
REC-003822,2025-09-01 04:22:47,Facing an issue where performance on onedrive is extremely slow colleagues on floor 2 also affected.
REC-003823,2025-08-02 16:53:47,Could you pls check Jira refuses to start after update this has been happening since yesterday.
REC-003824,2025-08-18 21:02:47,fatima.z submitted a ticket: the printer at floor 1 is not working again this is blocking me from completing my tasks.
REC-003825,2025-09-14 04:54:47,Could you please check can't log in to OneDrive need this fixed ASAP. Contact: sofia.g
REC-003826,2025-08-10 23:28:47,Facing an issue where the workstation keeps restarting randomly colleagues on floor 3 also affected. Contact: emma.w
REC-003827,2025-08-20 04:19:47,Problem encountered: the printer at lab room is not working again causing delays in project work.
REC-003828,2025-07-30 21:46:47,I'm having trouble with the laptop keeps restarting randomly this has been happening since yesterday.
REC-003829,2025-09-05 21:17:47,david.p submitted a ticket: the server keeps restarting randomly this has been happening since yesterday.
REC-003830,2025-09-04 12:01:47,"I'm having trouble with my server at branch office showing network timeout already tried restarting, no success."
REC-003831,2025-08-13 09:44:47,"User li.chen reported: can't log in to Teams already tried restarting, no success. Contact: youssef.t"
REC-003832,2025-07-20 20:06:47,Request for support regarding can't log in to Outlook this is blocking me from completing my tasks. Contact: mohamed.s
REC-003833,2025-08-21 21:58:47,"Problem encountered: unable to access onedrive, request id #tkt-22950 this has been happening since yesterday."
REC-003834,2025-06-29 15:53:47,"Need urgent help with the printer at floor 3 is not working again already tried restarting, no success. Contact: youssef.t"
REC-003835,2025-08-10 13:26:47,Request for support regarding SharePoint refuses to start after update causing delays in project work. Contact: li.chen
REC-003836,2025-07-31 16:29:47,youssef.t submitted a ticket: the printer at remote is not working again this has been happening since yesterday.
REC-003837,2025-09-15 04:48:47,Need urgent help with the phone keeps restarting randomly this has been happening since yesterday.
REC-003838,2025-07-08 07:49:47,"Could you please check unable to access SAP, request ID #TKT-72995 already tried restarting, no success. Contact: sarah.k"
REC-003839,2025-08-27 10:15:47,Request for support regarding performance on Excel is extremely slow this has been happening since yesterday.
REC-003840,2025-09-15 08:38:47,Request for support regarding can't log in to Word causing delays in project work.
REC-003841,2025-09-11 04:08:47,Could you please check SAP refuses to start after update colleagues on floor 2 also affected.
REC-003842,2025-07-20 08:42:47,Request for support regarding my desktop at floor 1 showing error code 720 need this fixed ASAP.
REC-003843,2025-07-18 00:02:47,Request for support regarding the printer at floor 3 is not working again please upgrade RAM.
REC-003844,2025-08-04 00:25:47,"I'm having trouble with unable to access chrome, request id #tkt-17730 colleagues on floor 3 also affected."
REC-003845,2025-09-18 11:54:47,"sarah.k submitted a ticket: unable to access Teams, request ID #TKT-35614 this is blocking me from completing my tasks."
REC-003846,2025-08-31 17:14:47,Need urgent help with the tablet keeps restarting randomly colleagues on floor 1 also affected.
REC-003847,2025-09-21 14:33:47,Could you pls check performance on Chrome is extremely slow causing delays in project work.
REC-003848,2025-08-03 15:17:47,Request for support regarding performance on Slack is extremely slow pls reset password.
REC-003849,2025-07-17 05:19:47,I'm having trouble with my workstation at remote showing unknown host this is blocking me from completing my tasks.
REC-003850,2025-09-07 14:32:47,Request for support regarding Outlook refuses to start after update pls setup new email account. Contact: paul.r
REC-003851,2025-09-10 10:08:47,Request for support regarding performance on SAP is extremely slow please replace keyboard.
REC-003852,2025-08-02 12:18:47,Need urgent help with can't log in to slack this has been happening since yesterday.
REC-003853,2025-07-10 01:24:47,Request for support regarding the printer at floor 1 is not working again this is blocking me from completing my tasks.
REC-003854,2025-08-22 05:52:47,Facing an issue where performance on Zoom is extremely slow this has been happening since yesterday.
REC-003855,2025-08-09 14:19:47,"Could you pls check unable to access PowerPoint, request ID #TKT-25145 pls reset password. Contact: ahmed.h"
REC-003856,2025-08-30 20:24:47,Could you please check my laptop at HQ showing blue screen need this fixed ASAP. Contact: alex.b
REC-003857,2025-07-25 09:22:47,Could you pls check can't log in to Zoom pls unlock account. Contact: li.chen
REC-003858,2025-07-02 04:16:47,"Request for support regarding unable to access SAP, request ID #TKT-21885 causing delays in project work. Contact: mohamed.s"
REC-003859,2025-06-26 16:51:47,Problem encountered: can't log in to OneDrive this is blocking me from completing my tasks.
REC-003860,2025-09-16 09:02:47,User olivia.m reported: can't log in to Slack need this fixed ASAP. Contact: mohamed.s
REC-003861,2025-07-29 13:14:47,Request for support regarding the server keeps restarting randomly causing delays in project work.
REC-003862,2025-07-14 05:39:47,Could you please check my workstation at remote showing blue screen causing delays in project work.
REC-003863,2025-08-01 16:13:47,Need urgent help with the server keeps restarting randomly please replace keyboard.
REC-003864,2025-07-19 20:05:47,Could you pls check the workstation keeps restarting randomly this is blocking me from completing my tasks. Contact: paul.r
REC-003865,2025-07-13 01:12:47,Could you please check the printer at lab room is not working again need this fixed ASAP.
REC-003866,2025-08-30 13:18:47,User david.p reported: my laptop at floor 1 showing blue screen causing delays in project work.
REC-003867,2025-09-20 04:46:47,I'm having trouble with VPN connection drops every few minutes this has been happening since yesterday. Contact: paul.r
REC-003868,2025-06-30 11:21:47,Problem encountered: the printer at floor 1 is not working again colleagues on floor 1 also affected.
REC-003869,2025-08-23 07:12:47,Could you please check Zoom refuses to start after update colleagues on floor 2 also affected.
REC-003870,2025-08-13 17:09:47,User li.chen reported: the tablet keeps restarting randomly need this fixed ASAP.
REC-003871,2025-08-02 15:33:47,Problem encountered: my desktop at floor 1 showing disk full this is blocking me from completing my tasks.
REC-003872,2025-07-22 09:39:47,"Problem encountered: can't log in to Chrome already tried restarting, no success."
REC-003873,2025-08-03 15:26:47,Facing an issue where VPN connection drops every few minutes please reset password. Contact: li.chen
REC-003874,2025-07-13 10:40:47,Could you please check can't log in to SAP please reset password.
REC-003875,2025-09-23 20:55:47,Problem encountered: my laptop at remote showing disk full need this fixed ASAP. Contact: nina.b
REC-003876,2025-09-20 09:40:47,Could you please check my laptop at datacenter showing unknown host colleagues on datacenter also affected.
REC-003877,2025-08-10 22:07:47,Could you please check chrome refuses to start after update this has been happening since yesterday. contact: khaled.a
REC-003878,2025-06-26 11:51:47,"Request for support regarding performance on Teams is extremely slow already tried restarting, no success."
REC-003879,2025-08-05 22:20:47,"Could you please check unable to access Excel, request ID #TKT-42059 already tried restarting, no success."
REC-003880,2025-08-12 10:56:47,I'm having trouble with VPN connection drops every few minutes causing delays in project work.
REC-003881,2025-07-18 10:01:47,alex.b submitted a ticket: my desktop at floor 3 showing network timeout please fix wifi.
REC-003882,2025-07-30 06:39:47,"I'm having trouble with unable to access SAP, request ID #TKT-89777 causing delays in project work. Contact: ahmed.h"
REC-003883,2025-07-17 20:32:47,Problem encountered: my laptop at datacenter showing printer jam this has been happening since yesterday.
REC-003884,2025-09-07 00:54:47,olivia.m submitted a ticket: performance on Excel is extremely slow pls install Adobe Acrobat.
REC-003885,2025-08-17 16:02:47,"Need urgent help with VPN connection drops every few minutes already tried restarting, no success. Contact: paul.r"
REC-003886,2025-09-09 06:16:47,"Facing an issue where unable to access Slack, request ID #TKT-17250 already tried restarting, no success. Contact: david.p"
REC-003887,2025-08-09 21:26:47,Could you pls check Excel refuses to start after update need this fixed ASAP.
REC-003888,2025-06-30 14:47:47,User nina.b reported: vpn connection drops every few minutes this has been happening since yesterday. contact: ahmed.h
REC-003889,2025-08-08 18:21:47,Need urgent help with the printer at floor 3 is not working again this has been happening since yesterday.
REC-003890,2025-07-27 23:22:47,khaled.a submitted a ticket: the printer at remote is not working again causing delays in project work. Contact: hannah.j
REC-003891,2025-09-09 01:45:47,"I'm having trouble with unable to access Chrome, request ID #TKT-78944 already tried restarting, no success."
REC-003892,2025-08-28 01:36:47,Facing an issue where the printer at HQ is not working again pls setup new email account.
REC-003893,2025-06-28 02:11:47,"Could you please check unable to access Teams, request ID #TKT-23836 already tried restarting, no success."
REC-003894,2025-07-04 13:35:47,Need urgent help with can't log in to Slack causing delays in project work.
REC-003895,2025-09-06 11:23:47,Facing an issue where my workstation at floor 3 showing blue screen causing delays in project work.
REC-003896,2025-08-31 10:14:47,User olivia.m reported: Teams refuses to start after update this is blocking me from completing my tasks. Contact: nina.b
REC-003897,2025-08-25 18:40:47,"I'm having trouble with VPN connection drops every few minutes already tried restarting, no success."
REC-003898,2025-08-26 01:56:47,I'm having trouble with my laptop at remote showing disk full this is blocking me from completing my tasks. Contact: maria.l
REC-003899,2025-06-25 05:38:47,User sofia.g reported: my laptop at floor 3 showing error code 720 need this fixed ASAP.
REC-003900,2025-09-01 01:13:47,Facing an issue where the tablet keeps restarting randomly this is blocking me from completing my tasks.
REC-003901,2025-08-05 10:16:47,sofia.g submitted a ticket: the tablet keeps restarting randomly causing delays in project work.
REC-003902,2025-07-07 23:05:47,I'm having trouble with performance on Teams is extremely slow causing delays in project work.
REC-003903,2025-08-29 18:53:47,"Need urgent help with VPN connection drops every few minutes already tried restarting, no success. Contact: sofia.g"
REC-003904,2025-08-01 03:53:47,"Need urgent help with unable to access OneDrive, request ID #TKT-45280 need this fixed ASAP."
REC-003905,2025-07-23 12:09:47,Need urgent help with my phone at branch office showing not responding need this fixed ASAP.
REC-003906,2025-09-02 03:49:47,"Facing an issue where VPN connection drops every few minutes already tried restarting, no success."
REC-003907,2025-07-14 16:37:47,"Facing an issue where unable to access sharepoint, request id #tkt-62937 this has been happening since yesterday. contact: fatima.z"
REC-003908,2025-08-26 15:53:47,Need urgent help with the server keeps restarting randomly need this fixed ASAP.
REC-003909,2025-07-07 23:56:47,I'm having trouble with can't log in to SharePoint need this fixed ASAP.
REC-003910,2025-07-04 15:28:47,Problem encountered: my desktop at floor 1 showing printer jam need this fixed ASAP. Contact: sofia.g
REC-003911,2025-08-22 08:23:47,khaled.a submitted a ticket: can't log in to Teams colleagues on training hall also affected.
REC-003912,2025-08-31 21:54:47,I'm having trouble with the printer at datacenter is not working again this is blocking me from completing my tasks.
REC-003913,2025-09-23 02:36:47,hannah.j submitted a ticket: the printer at remote is not working again causing delays in project work. Contact: mohamed.s
REC-003914,2025-08-26 02:51:47,Facing an issue where VPN connection drops every few minutes please fix wifi.
REC-003915,2025-06-30 09:52:47,Could you please check can't log in to jira this is blocking me from completing my tasks.
REC-003916,2025-09-13 20:31:47,Request for support regarding Outlook refuses to start after update causing delays in project work. Contact: li.chen
REC-003917,2025-07-29 23:25:47,"Facing an issue where VPN connection drops every few minutes already tried restarting, no success. Contact: maria.l"
REC-003918,2025-08-07 05:39:47,"User fatima.z reported: the printer at HQ is not working again already tried restarting, no success. Contact: fatima.z"
REC-003919,2025-07-08 11:52:47,"Facing an issue where the printer at lab room is not working again already tried restarting, no success."
REC-003920,2025-07-25 05:50:47,Need urgent help with my phone at training hall showing unknown host this has been happening since yesterday.
REC-003921,2025-06-27 17:28:47,User john.doe reported: can't log in to SAP this has been happening since yesterday.
REC-003922,2025-07-03 16:42:47,"Could you please check the printer at lab room is not working again already tried restarting, no success. Contact: sarah.k"
REC-003923,2025-07-17 00:22:47,User mohamed.s reported: VPN connection drops every few minutes this is blocking me from completing my tasks.
REC-003924,2025-07-02 01:25:47,Request for support regarding the desktop keeps restarting randomly please grant access to shared drive.
REC-003925,2025-07-16 16:08:47,"Problem encountered: unable to access SharePoint, request ID #TKT-15623 causing delays in project work. Contact: youssef.t"
REC-003926,2025-08-14 18:45:47,User ahmed.h reported: VPN connection drops every few minutes causing delays in project work. Contact: john.doe
REC-003927,2025-07-04 08:07:47,li.chen submitted a ticket: can't log in to Slack this is blocking me from completing my tasks.
REC-003928,2025-07-04 15:14:47,Request for support regarding the printer at training hall is not working again colleagues on training hall also affected. Contact: fatima.z
REC-003929,2025-08-25 02:02:47,Request for support regarding can't log in to zoom colleagues on hq also affected.
REC-003930,2025-08-02 05:18:47,Facing an issue where performance on Excel is extremely slow causing delays in project work.
REC-003931,2025-07-26 21:50:47,I'm having trouble with the phone keeps restarting randomly this has been happening since yesterday.
REC-003932,2025-08-17 04:52:47,Need urgent help with SharePoint refuses to start after update please install VPN client.
REC-003933,2025-08-25 04:31:47,"Request for support regarding unable to access Excel, request ID #TKT-42483 need this fixed ASAP."
REC-003934,2025-08-06 07:01:47,"alex.b submitted a ticket: the printer at HQ is not working again already tried restarting, no success. Contact: mohamed.s"
REC-003935,2025-08-20 23:07:47,Could you please check the printer at floor 3 is not working again this is blocking me from completing my tasks.
REC-003936,2025-08-23 01:24:47,sarah.k submitted a ticket: SAP refuses to start after update this has been happening since yesterday. Contact: sofia.g
REC-003937,2025-08-08 12:39:47,User paul.r reported: the phone keeps restarting randomly this has been happening since yesterday.
REC-003938,2025-07-22 08:44:47,Problem encountered: performance on OneDrive is extremely slow this is blocking me from completing my tasks.
REC-003939,2025-08-30 16:29:47,User hannah.j reported: the printer at floor 1 is not working again need this fixed ASAP.
REC-003940,2025-09-13 18:31:47,"maria.l submitted a ticket: VPN connection drops every few minutes already tried restarting, no success."
REC-003941,2025-07-03 20:46:47,User hannah.j reported: can't log in to Slack causing delays in project work.
REC-003942,2025-08-27 05:04:47,Could you please check can't log in to sap causing delays in project work.
REC-003943,2025-09-09 00:30:47,David.p submitted a ticket: vpn connection drops every few minutes colleagues on lab room also affected.
REC-003944,2025-09-20 20:21:47,Need urgent help with my server at branch office showing disk full this is blocking me from completing my tasks.
REC-003945,2025-08-09 03:37:47,"ahmed.h submitted a ticket: unable to access Excel, request ID #TKT-26752 pls unlock account."
REC-003946,2025-07-30 10:12:47,Could you please check my laptop at HQ showing network timeout this has been happening since yesterday.
REC-003947,2025-06-25 14:17:47,User alex.b reported: the printer at HQ is not working again need this fixed ASAP.
REC-003948,2025-08-02 05:40:47,I'm having trouble with my phone at floor 1 showing access denied colleagues on floor 1 also affected.
REC-003949,2025-07-06 11:02:47,"Problem encountered: the laptop keeps restarting randomly already tried restarting, no success."
REC-003950,2025-08-09 10:29:47,"User paul.r reported: unable to access Slack, request ID #TKT-96457 already tried restarting, no success."
REC-003951,2025-07-07 21:50:47,"David.p submitted a ticket: the phone keeps restarting randomly already tried restarting, no success. contact: olivia.m"
REC-003952,2025-08-14 11:12:47,Li.chen submitted a ticket: the server keeps restarting randomly need this fixed asap.
REC-003953,2025-08-21 22:20:47,User alex.b reported: vpn connection drops every few minutes this is blocking me from completing my tasks.
REC-003954,2025-08-21 06:36:47,Could you please check performance on Word is extremely slow this is blocking me from completing my tasks.
REC-003955,2025-09-11 14:35:47,"User youssef.t reported: the desktop keeps restarting randomly already tried restarting, no success."
REC-003956,2025-06-27 15:48:47,Need urgent help with performance on SAP is extremely slow please install VPN client.
REC-003957,2025-08-27 19:38:47,Could you please check the phone keeps restarting randomly colleagues on floor 1 also affected.
REC-003958,2025-08-29 06:19:47,"Problem encountered: unable to access sharepoint, request id #tkt-38963 causing delays in project work."
REC-003959,2025-07-09 16:36:47,Request for support regarding performance on SharePoint is extremely slow this is blocking me from completing my tasks.
REC-003960,2025-09-20 04:03:47,"User john.doe reported: unable to access Zoom, request ID #TKT-17881 this has been happening since yesterday."
REC-003961,2025-09-04 20:55:47,sarah.k submitted a ticket: the phone keeps restarting randomly causing delays in project work.
REC-003962,2025-09-07 06:21:47,Need urgent help with the tablet keeps restarting randomly causing delays in project work.
REC-003963,2025-08-20 02:39:47,Need urgent help with performance on Jira is extremely slow this is blocking me from completing my tasks.
REC-003964,2025-09-11 22:49:47,Request for support regarding can't log in to OneDrive need this fixed ASAP.
REC-003965,2025-08-04 08:54:47,"Facing an issue where unable to access OneDrive, request ID #TKT-85787 this has been happening since yesterday."
REC-003966,2025-06-29 00:51:47,I'm having trouble with VPN connection drops every few minutes please install VPN client.
REC-003967,2025-07-08 17:40:47,"Need urgent help with unable to access SharePoint, request ID #TKT-83266 need this fixed ASAP."
REC-003968,2025-09-14 18:50:47,Facing an issue where can't log in to sap this has been happening since yesterday.
REC-003969,2025-08-04 14:31:47,Facing an issue where the phone keeps restarting randomly colleagues on branch office also affected. contact: maria.l
REC-003970,2025-07-10 21:56:47,Problem encountered: can't log in to Zoom please unlock account.
REC-003971,2025-07-27 18:14:47,Problem encountered: performance on OneDrive is extremely slow need this fixed ASAP.
REC-003972,2025-07-01 00:52:47,Facing an issue where my laptop at floor 2 showing blue screen this is blocking me from completing my tasks.
REC-003973,2025-09-06 22:33:47,I'm having trouble with VPN connection drops every few minutes please replace keyboard.
REC-003974,2025-08-18 17:34:47,Could you please check excel refuses to start after update colleagues on branch office also affected. contact: youssef.t
REC-003975,2025-09-04 16:59:47,Could you please check VPN connection drops every few minutes need this fixed ASAP. Contact: khaled.a
REC-003976,2025-08-18 11:57:47,I'm having trouble with Jira refuses to start after update this is blocking me from completing my tasks. Contact: ahmed.h
REC-003977,2025-08-02 13:10:47,Need urgent help with the workstation keeps restarting randomly this is blocking me from completing my tasks.
REC-003978,2025-07-01 06:56:47,Request for support regarding the printer at floor 2 is not working again please fix wifi.
REC-003979,2025-09-21 20:38:47,"Need urgent help with unable to access Outlook, request ID #TKT-98968 already tried restarting, no success."
REC-003980,2025-08-01 00:57:47,User nina.b reported: can't log in to onedrive this has been happening since yesterday.
REC-003981,2025-07-04 17:46:47,Could you please check the tablet keeps restarting randomly causing delays in project work.
REC-003982,2025-09-14 23:33:47,Facing an issue where my server at lab room showing not responding colleagues on lab room also affected.
REC-003983,2025-07-18 22:21:47,hannah.j submitted a ticket: my laptop at floor 1 showing printer jam colleagues on floor 1 also affected.
REC-003984,2025-09-16 15:53:47,I'm having trouble with the server keeps restarting randomly causing delays in project work.
REC-003985,2025-08-24 15:17:47,I'm having trouble with my workstation at branch office showing blue screen need this fixed ASAP. Contact: fatima.z
REC-003986,2025-08-03 08:30:47,User mohamed.s reported: my phone at training hall showing disk full this is blocking me from completing my tasks.
REC-003987,2025-07-29 07:12:47,User paul.r reported: VPN connection drops every few minutes need this fixed ASAP. Contact: fatima.z
REC-003988,2025-07-04 02:27:47,User paul.r reported: the printer at lab room is not working again this has been happening since yesterday.
REC-003989,2025-09-17 12:29:47,"Need urgent help with unable to access Word, request ID #TKT-68623 please install VPN client."
REC-003990,2025-09-14 00:48:47,Could you please check VPN connection drops every few minutes causing delays in project work. Contact: nina.b
REC-003991,2025-08-29 05:06:47,"Facing an issue where the printer at floor 2 is not working again already tried restarting, no success."
REC-003992,2025-08-03 07:40:47,"Problem encountered: unable to access SharePoint, request ID #TKT-99696 this is blocking me from completing my tasks."
REC-003993,2025-09-01 03:52:47,Need urgent help with my laptop at HQ showing network timeout this is blocking me from completing my tasks.
REC-003994,2025-09-12 07:05:47,"Facing an issue where unable to access SharePoint, request ID #TKT-98591 causing delays in project work."
REC-003995,2025-08-25 20:49:47,david.p submitted a ticket: VPN connection drops every few minutes this is blocking me from completing my tasks. Contact: fatima.z
REC-003996,2025-07-11 23:20:47,Could you please check SharePoint refuses to start after update this has been happening since yesterday.
REC-003997,2025-07-26 11:34:47,"Could you please check can't log in to Chrome already tried restarting, no success."
REC-003998,2025-08-17 22:06:47,"Request for support regarding unable to access PowerPoint, request ID #TKT-47875 colleagues on remote also affected. Contact: li.chen"
REC-003999,2025-07-31 20:52:47,"nina.b submitted a ticket: the server keeps restarting randomly already tried restarting, no success. Contact: george.t"
REC-004000,2025-08-23 22:49:47,"Facing an issue where my phone at training hall showing unknown host already tried restarting, no success. Contact: david.p"
REC-004001,2025-09-18 18:28:47,Need urgent help with the printer at training hall is not working again colleagues on training hall also affected.
REC-004002,2025-08-29 13:04:47,I'm having trouble with performance on Word is extremely slow this is blocking me from completing my tasks.
REC-004003,2025-08-12 03:17:47,"User li.chen reported: unable to access SharePoint, request ID #TKT-64293 please install VPN client."
REC-004004,2025-07-09 06:04:47,Request for support regarding performance on slack is extremely slow colleagues on training hall also affected. contact: ahmed.h
REC-004005,2025-06-29 21:12:47,Need urgent help with Outlook refuses to start after update please reset password.
REC-004006,2025-07-08 17:23:47,Emma.w submitted a ticket: vpn connection drops every few minutes this has been happening since yesterday.
REC-004007,2025-08-19 06:34:47,Could you please check VPN connection drops every few minutes need this fixed ASAP. Contact: alex.b
REC-004008,2025-07-26 10:12:47,Emma.w submitted a ticket: my phone at lab room showing not responding colleagues on lab room also affected. contact: david.p
REC-004009,2025-09-19 21:18:47,User khaled.a reported: the printer at branch office is not working again colleagues on branch office also affected.
REC-004010,2025-07-24 21:50:47,fatima.z submitted a ticket: performance on Outlook is extremely slow this has been happening since yesterday.
REC-004011,2025-09-14 17:52:47,"maria.l submitted a ticket: VPN connection drops every few minutes already tried restarting, no success."
REC-004012,2025-09-16 15:26:47,Could you pls check the workstation keeps restarting randomly colleagues on branch office also affected.
REC-004013,2025-09-20 02:29:47,fatima.z submitted a ticket: the printer at HQ is not working again pls reset password.
REC-004014,2025-08-21 02:33:47,I'm having trouble with the printer at remote is not working again colleagues on remote also affected.
REC-004015,2025-08-05 05:18:47,Problem encountered: performance on OneDrive is extremely slow causing delays in project work.
REC-004016,2025-08-12 14:39:47,"Hannah.j submitted a ticket: performance on chrome is extremely slow already tried restarting, no success."
REC-004017,2025-06-27 15:56:47,Problem encountered: Word refuses to start after update colleagues on lab room also affected. Contact: khaled.a
REC-004018,2025-07-12 02:29:47,mohamed.s submitted a ticket: my desktop at floor 2 showing not responding need this fixed ASAP. Contact: paul.r
REC-004019,2025-09-04 20:08:47,I'm having trouble with the printer at remote is not working again this is blocking me from completing my tasks. Contact: ahmed.h
REC-004020,2025-07-13 10:47:47,Problem encountered: the printer at datacenter is not working again causing delays in project work.
REC-004021,2025-07-12 03:52:47,Request for support regarding the tablet keeps restarting randomly need this fixed ASAP. Contact: mohamed.s
REC-004022,2025-08-24 14:52:47,Could you pls check the laptop keeps restarting randomly pls grant access to shared drive.
REC-004023,2025-09-12 06:42:47,"User sarah.k reported: VPN connection drops every few minutes already tried restarting, no success."
REC-004024,2025-08-05 22:23:47,Request for support regarding the phone keeps restarting randomly colleagues on floor 1 also affected. Contact: ahmed.h
REC-004025,2025-09-14 13:53:47,Facing an issue where performance on word is extremely slow colleagues on floor 3 also affected.
REC-004026,2025-08-23 17:46:47,"mohamed.s submitted a ticket: unable to access Excel, request ID #TKT-78030 this has been happening since yesterday."
REC-004027,2025-09-21 21:33:47,Problem encountered: PowerPoint refuses to start after update causing delays in project work.
REC-004028,2025-09-02 18:53:47,Problem encountered: the printer at datacenter is not working again need this fixed ASAP. Contact: li.chen
REC-004029,2025-08-05 17:16:47,Need urgent help with the printer at remote is not working again causing delays in project work.
REC-004030,2025-08-24 05:48:47,"Need urgent help with the printer at datacenter is not working again already tried restarting, no success. Contact: fatima.z"
REC-004031,2025-09-06 15:43:47,Need urgent help with VPN connection drops every few minutes this is blocking me from completing my tasks.
REC-004032,2025-08-28 02:37:47,Could you please check the desktop keeps restarting randomly causing delays in project work.
REC-004033,2025-07-18 01:48:47,I'm having trouble with Jira refuses to start after update causing delays in project work. Contact: olivia.m
REC-004034,2025-09-03 18:11:47,"User paul.r reported: unable to access Slack, request ID #TKT-94007 causing delays in project work."
REC-004035,2025-07-26 04:19:47,Need urgent help with can't log in to Excel need this fixed ASAP.
REC-004036,2025-07-02 14:14:47,"User nina.b reported: unable to access Teams, request ID #TKT-63956 already tried restarting, no success."
REC-004037,2025-07-26 13:58:47,Facing an issue where my tablet at datacenter showing unknown host this is blocking me from completing my tasks. contact: youssef.t
REC-004038,2025-09-18 07:03:47,"Facing an issue where unable to access onedrive, request id #tkt-87758 please install adobe acrobat."
REC-004039,2025-07-22 23:41:47,Request for support regarding outlook refuses to start after update this has been happening since yesterday.
REC-004040,2025-09-10 07:31:47,maria.l submitted a ticket: SharePoint refuses to start after update causing delays in project work.
REC-004041,2025-07-16 20:15:47,Need urgent help with VPN connection drops every few minutes please install VPN client. Contact: li.chen
REC-004042,2025-09-09 13:48:47,"I'm having trouble with Teams refuses to start after update already tried restarting, no success. Contact: olivia.m"
REC-004043,2025-07-06 01:19:47,I'm having trouble with performance on Outlook is extremely slow this is blocking me from completing my tasks.
REC-004044,2025-08-19 12:38:47,Facing an issue where Slack refuses to start after update causing delays in project work.
REC-004045,2025-08-28 04:30:47,User george.t reported: the desktop keeps restarting randomly this has been happening since yesterday.
REC-004046,2025-09-16 13:39:47,"User maria.l reported: unable to access Chrome, request ID #TKT-33394 colleagues on lab room also affected."
REC-004047,2025-08-27 10:13:47,Problem encountered: my tablet at training hall showing error code 720 colleagues on training hall also affected. Contact: li.chen
REC-004048,2025-07-04 09:21:47,Problem encountered: the workstation keeps restarting randomly need this fixed ASAP. Contact: olivia.m
REC-004049,2025-07-15 05:43:47,I'm having trouble with performance on SAP is extremely slow need this fixed ASAP.
REC-004050,2025-08-27 21:14:47,maria.l submitted a ticket: Chrome refuses to start after update this is blocking me from completing my tasks.
REC-004051,2025-09-11 07:15:47,"mohamed.s submitted a ticket: performance on Jira is extremely slow already tried restarting, no success."
REC-004052,2025-07-06 07:24:47,I'm having trouble with performance on Jira is extremely slow colleagues on remote also affected. Contact: john.doe
REC-004053,2025-07-13 15:35:47,User alex.b reported: OneDrive refuses to start after update colleagues on HQ also affected. Contact: sofia.g
REC-004054,2025-08-30 20:13:47,"I'm having trouble with VPN connection drops every few minutes already tried restarting, no success."
REC-004055,2025-08-27 19:13:47,fatima.z submitted a ticket: my workstation at floor 2 showing blue screen please install VPN client. Contact: hannah.j
REC-004056,2025-09-01 00:21:47,Request for support regarding Excel refuses to start after update please install VPN client. Contact: olivia.m
REC-004057,2025-08-15 07:11:47,Maria.l submitted a ticket: the laptop keeps restarting randomly pls grant access to shared drive. contact: mohamed.s
REC-004058,2025-08-19 18:45:47,User hannah.j reported: performance on SAP is extremely slow this is blocking me from completing my tasks.
REC-004059,2025-08-24 00:35:47,Need urgent help with can't log in to Word please upgrade RAM.
REC-004060,2025-08-03 06:52:47,"Need urgent help with VPN connection drops every few minutes already tried restarting, no success."
REC-004061,2025-08-03 14:06:47,Problem encountered: VPN connection drops every few minutes colleagues on floor 3 also affected.
REC-004062,2025-07-28 00:02:47,Problem encountered: can't log in to Jira this is blocking me from completing my tasks.
REC-004063,2025-09-08 07:50:47,Facing an issue where Teams refuses to start after update causing delays in project work.
REC-004064,2025-09-10 18:59:47,Problem encountered: the phone keeps restarting randomly colleagues on lab room also affected. contact: paul.r
REC-004065,2025-08-15 20:25:47,Hannah.j submitted a ticket: performance on chrome is extremely slow need this fixed asap.
REC-004066,2025-08-03 23:35:47,Problem encountered: the workstation keeps restarting randomly colleagues on lab room also affected.
REC-004067,2025-07-23 22:39:47,Could you pls check my phone at HQ showing blue screen need this fixed ASAP.
REC-004068,2025-09-13 21:54:47,User fatima.z reported: my desktop at lab room showing network timeout this has been happening since yesterday.
REC-004069,2025-07-02 20:21:47,Need urgent help with my phone at floor 3 showing network timeout need this fixed asap.
REC-004070,2025-09-19 07:21:47,"I'm having trouble with unable to access Chrome, request ID #TKT-86098 colleagues on branch office also affected. Contact: ahmed.h"
REC-004071,2025-09-04 03:11:47,User youssef.t reported: the server keeps restarting randomly please unlock account.
REC-004072,2025-08-16 21:24:47,sofia.g submitted a ticket: can't log in to Outlook colleagues on floor 3 also affected.
REC-004073,2025-09-12 05:53:47,"Request for support regarding unable to access Word, request ID #TKT-93742 causing delays in project work."
REC-004074,2025-07-15 13:11:47,Need urgent help with can't log in to Teams colleagues on training hall also affected.
REC-004075,2025-08-05 16:57:47,Facing an issue where can't log in to SharePoint this is blocking me from completing my tasks. Contact: sarah.k
REC-004076,2025-07-28 12:21:47,Request for support regarding my laptop at datacenter showing unknown host causing delays in project work.
REC-004077,2025-09-13 15:34:47,User emma.w reported: my desktop at datacenter showing not responding this has been happening since yesterday.
REC-004078,2025-07-20 06:35:47,User john.doe reported: my desktop at datacenter showing unknown host this is blocking me from completing my tasks.
REC-004079,2025-08-16 06:26:47,Need urgent help with vpn connection drops every few minutes this has been happening since yesterday. contact: fatima.z
REC-004080,2025-08-24 12:20:47,Could you please check the printer at datacenter is not working again need this fixed ASAP. Contact: hannah.j
REC-004081,2025-08-15 01:42:47,"khaled.a submitted a ticket: unable to access Slack, request ID #TKT-55331 already tried restarting, no success."
REC-004082,2025-07-04 13:35:47,Problem encountered: can't log in to SAP this has been happening since yesterday.
REC-004083,2025-07-15 22:55:47,I'm having trouble with the printer at floor 1 is not working again this is blocking me from completing my tasks.
REC-004084,2025-07-02 22:55:47,Problem encountered: can't log in to onedrive colleagues on hq also affected.
REC-004085,2025-07-10 03:07:47,Request for support regarding the laptop keeps restarting randomly please unlock account.
REC-004086,2025-07-10 06:08:47,"paul.r submitted a ticket: unable to access Chrome, request ID #TKT-60230 already tried restarting, no success."
REC-004087,2025-08-03 14:37:47,Could you pls check can't log in to Jira need this fixed ASAP.
REC-004088,2025-09-07 19:46:47,I'm having trouble with performance on SAP is extremely slow this is blocking me from completing my tasks.
REC-004089,2025-09-13 08:06:47,"Facing an issue where my laptop at floor 1 showing printer jam already tried restarting, no success."
REC-004090,2025-09-21 13:11:47,Facing an issue where can't log in to SharePoint please upgrade RAM.
REC-004091,2025-07-24 20:38:47,I'm having trouble with my server at lab room showing unknown host colleagues on lab room also affected.
REC-004092,2025-09-08 07:06:47,"Could you pls check the printer at branch office is not working again already tried restarting, no success."
REC-004093,2025-07-20 08:38:47,Could you please check performance on SAP is extremely slow colleagues on branch office also affected.
REC-004094,2025-09-18 15:30:47,Request for support regarding the phone keeps restarting randomly need this fixed ASAP.
REC-004095,2025-09-05 13:53:47,Problem encountered: Word refuses to start after update please upgrade RAM.
REC-004096,2025-06-26 14:38:47,Problem encountered: my server at branch office showing access denied this has been happening since yesterday.
REC-004097,2025-09-08 16:42:47,"User sarah.k reported: unable to access Outlook, request ID #TKT-67252 already tried restarting, no success."
REC-004098,2025-08-31 22:41:47,Problem encountered: Slack refuses to start after update this is blocking me from completing my tasks.
REC-004099,2025-08-03 19:13:47,Need urgent help with VPN connection drops every few minutes this is blocking me from completing my tasks.
REC-004100,2025-09-06 10:33:47,User alex.b reported: VPN connection drops every few minutes please unlock account.
REC-004101,2025-07-21 04:46:47,Could you please check performance on SharePoint is extremely slow please reset password. Contact: fatima.z
REC-004102,2025-08-16 01:31:47,I'm having trouble with performance on Outlook is extremely slow this has been happening since yesterday. Contact: ahmed.h
REC-004103,2025-07-03 01:21:47,Need urgent help with VPN connection drops every few minutes please fix wifi.
REC-004104,2025-08-18 14:04:47,"Need urgent help with unable to access zoom, request id #tkt-37876 this is blocking me from completing my tasks."
REC-004105,2025-07-09 04:48:47,Need urgent help with the desktop keeps restarting randomly causing delays in project work.
REC-004106,2025-08-09 19:28:47,Facing an issue where my tablet at training hall showing not responding this is blocking me from completing my tasks.
REC-004107,2025-07-13 19:04:47,Need urgent help with VPN connection drops every few minutes this has been happening since yesterday. Contact: nina.b
REC-004108,2025-07-30 15:33:47,User khaled.a reported: the desktop keeps restarting randomly colleagues on floor 3 also affected.
REC-004109,2025-08-27 17:47:47,User john.doe reported: my phone at training hall showing network timeout please replace keyboard.
REC-004110,2025-09-12 04:58:47,Request for support regarding the desktop keeps restarting randomly need this fixed ASAP.
REC-004111,2025-08-18 23:19:47,Need urgent help with VPN connection drops every few minutes please grant access to shared drive.
REC-004112,2025-08-20 09:20:47,Facing an issue where the tablet keeps restarting randomly this is blocking me from completing my tasks.
REC-004113,2025-08-28 06:02:47,Request for support regarding can't log in to SharePoint this is blocking me from completing my tasks.
REC-004114,2025-09-05 08:57:47,"Problem encountered: unable to access Word, request ID #TKT-52086 causing delays in project work. Contact: sarah.k"
REC-004115,2025-06-30 03:22:47,I'm having trouble with the workstation keeps restarting randomly this has been happening since yesterday.
REC-004116,2025-07-23 13:38:47,Request for support regarding can't log in to Teams colleagues on datacenter also affected.
REC-004117,2025-07-17 14:52:47,sofia.g submitted a ticket: the printer at remote is not working again causing delays in project work.
REC-004118,2025-08-29 11:30:47,Could you please check Chrome refuses to start after update this is blocking me from completing my tasks.
REC-004119,2025-07-18 03:50:47,"Request for support regarding unable to access Word, request ID #TKT-18553 colleagues on branch office also affected."
REC-004120,2025-09-09 01:22:47,User fatima.z reported: the printer at lab room is not working again need this fixed ASAP. Contact: john.doe
REC-004121,2025-09-08 15:44:47,Facing an issue where my tablet at branch office showing access denied colleagues on branch office also affected.
REC-004122,2025-07-01 23:53:47,olivia.m submitted a ticket: SAP refuses to start after update causing delays in project work.
REC-004123,2025-08-16 04:04:47,"Problem encountered: the tablet keeps restarting randomly already tried restarting, no success. Contact: george.t"
REC-004124,2025-09-22 14:18:47,I'm having trouble with vpn connection drops every few minutes please setup new email account.
REC-004125,2025-07-18 18:54:47,I'm having trouble with the printer at floor 1 is not working again this is blocking me from completing my tasks. Contact: fatima.z
REC-004126,2025-08-28 02:02:47,"User george.t reported: Excel refuses to start after update already tried restarting, no success."
REC-004127,2025-08-06 08:26:47,Could you pls check performance on Jira is extremely slow this has been happening since yesterday.
REC-004128,2025-07-10 06:35:47,Problem encountered: can't log in to Chrome this has been happening since yesterday. Contact: sofia.g
REC-004129,2025-07-07 08:07:47,User fatima.z reported: SharePoint refuses to start after update this has been happening since yesterday.
REC-004130,2025-08-01 02:55:47,"I'm having trouble with unable to access Teams, request ID #TKT-97335 need this fixed ASAP."
REC-004131,2025-06-26 13:43:47,Facing an issue where my laptop at HQ showing printer jam this is blocking me from completing my tasks. Contact: li.chen
REC-004132,2025-09-11 10:27:47,Facing an issue where VPN connection drops every few minutes this has been happening since yesterday.
REC-004133,2025-07-13 08:26:47,Request for support regarding can't log in to Outlook colleagues on HQ also affected.
REC-004134,2025-07-20 11:32:47,I'm having trouble with performance on PowerPoint is extremely slow need this fixed ASAP. Contact: hannah.j
REC-004135,2025-09-21 03:47:47,"olivia.m submitted a ticket: unable to access OneDrive, request ID #TKT-10978 this is blocking me from completing my tasks. Contact: youssef.t"
REC-004136,2025-08-07 06:51:47,Could you pls check my server at floor 3 showing disk full pls reset password.
REC-004137,2025-07-06 13:46:47,User david.p reported: the printer at floor 1 is not working again please unlock account. contact: mohamed.s
REC-004138,2025-07-31 21:29:47,I'm having trouble with the workstation keeps restarting randomly this is blocking me from completing my tasks.
REC-004139,2025-08-07 10:22:47,Request for support regarding can't log in to Slack please grant access to shared drive.
REC-004140,2025-07-23 15:37:47,"Problem encountered: VPN connection drops every few minutes already tried restarting, no success. Contact: ahmed.h"
REC-004141,2025-08-31 23:56:47,Could you please check performance on Chrome is extremely slow causing delays in project work. Contact: paul.r
REC-004142,2025-09-18 10:27:47,Request for support regarding VPN connection drops every few minutes please install VPN client. Contact: sarah.k
REC-004143,2025-08-15 16:55:47,User emma.w reported: my phone at floor 2 showing not responding this has been happening since yesterday.
REC-004144,2025-08-11 15:47:47,I'm having trouble with my phone at floor 2 showing unknown host please unlock account. Contact: david.p
REC-004145,2025-09-12 14:01:47,"Need urgent help with unable to access Outlook, request ID #TKT-70968 this is blocking me from completing my tasks."
REC-004146,2025-09-02 11:03:47,"Could you pls check unable to access SAP, request ID #TKT-27658 need this fixed ASAP."
REC-004147,2025-08-12 10:09:47,Request for support regarding the tablet keeps restarting randomly need this fixed ASAP.
REC-004148,2025-07-20 03:37:47,"User mohamed.s reported: unable to access Jira, request ID #TKT-50721 please replace keyboard."
REC-004149,2025-08-04 20:42:47,david.p submitted a ticket: the desktop keeps restarting randomly need this fixed ASAP. Contact: maria.l
REC-004150,2025-09-02 04:24:47,Could you please check my laptop at HQ showing blue screen this has been happening since yesterday.
REC-004151,2025-09-16 21:00:47,Need urgent help with VPN connection drops every few minutes this has been happening since yesterday.
REC-004152,2025-07-23 15:04:47,ahmed.h submitted a ticket: Zoom refuses to start after update causing delays in project work.
REC-004153,2025-08-18 16:22:47,"User david.p reported: unable to access Chrome, request ID #TKT-53027 colleagues on lab room also affected."
REC-004154,2025-07-12 05:52:47,User fatima.z reported: VPN connection drops every few minutes this is blocking me from completing my tasks.
REC-004155,2025-08-02 04:19:47,Request for support regarding onedrive refuses to start after update please install adobe acrobat. contact: hannah.j
REC-004156,2025-07-13 17:59:47,Could you please check performance on Word is extremely slow causing delays in project work.
REC-004157,2025-07-10 22:20:47,Could you please check can't log in to Chrome this has been happening since yesterday.
REC-004158,2025-08-05 10:36:47,"Request for support regarding the laptop keeps restarting randomly already tried restarting, no success."
REC-004159,2025-06-29 20:17:47,"I'm having trouble with unable to access sap, request id #tkt-44916 colleagues on remote also affected. contact: olivia.m"
REC-004160,2025-07-16 02:34:47,Could you please check can't log in to Excel please unlock account.
REC-004161,2025-07-04 00:56:47,maria.l submitted a ticket: VPN connection drops every few minutes this has been happening since yesterday.
REC-004162,2025-07-16 04:53:47,"Could you please check VPN connection drops every few minutes already tried restarting, no success. Contact: david.p"
REC-004163,2025-09-18 15:10:47,"User john.doe reported: VPN connection drops every few minutes already tried restarting, no success."
REC-004164,2025-08-13 17:35:47,I'm having trouble with my server at HQ showing access denied please fix wifi. Contact: john.doe
REC-004165,2025-07-29 11:26:47,Need urgent help with performance on Word is extremely slow this has been happening since yesterday. Contact: alex.b
REC-004166,2025-09-15 12:53:47,I'm having trouble with the printer at remote is not working again this has been happening since yesterday.
REC-004167,2025-09-10 14:52:47,maria.l submitted a ticket: my laptop at lab room showing printer jam need this fixed ASAP.
REC-004168,2025-07-28 00:24:47,User ahmed.h reported: the printer at floor 1 is not working again colleagues on floor 1 also affected. Contact: paul.r
REC-004169,2025-06-27 23:36:47,fatima.z submitted a ticket: the printer at HQ is not working again colleagues on HQ also affected. Contact: sofia.g
REC-004170,2025-06-26 04:57:47,Problem encountered: performance on Teams is extremely slow causing delays in project work.
REC-004171,2025-08-18 08:48:47,Problem encountered: my desktop at floor 2 showing not responding causing delays in project work.
REC-004172,2025-08-25 23:28:47,Need urgent help with Teams refuses to start after update this has been happening since yesterday.
REC-004173,2025-08-12 01:37:47,Problem encountered: the printer at branch office is not working again this has been happening since yesterday.
REC-004174,2025-08-31 18:31:47,"I'm having trouble with my laptop at floor 2 showing network timeout already tried restarting, no success."
REC-004175,2025-08-21 03:18:47,maria.l submitted a ticket: my laptop at HQ showing network timeout colleagues on HQ also affected. Contact: youssef.t
REC-004176,2025-08-12 03:49:47,User mohamed.s reported: can't log in to onedrive need this fixed asap. contact: paul.r
REC-004177,2025-07-25 04:19:47,"Problem encountered: unable to access Excel, request ID #TKT-16811 this is blocking me from completing my tasks. Contact: john.doe"
REC-004178,2025-09-18 16:08:47,"Need urgent help with unable to access OneDrive, request ID #TKT-59323 need this fixed ASAP. Contact: fatima.z"
REC-004179,2025-08-08 03:28:47,Could you pls check performance on OneDrive is extremely slow causing delays in project work.
REC-004180,2025-08-26 10:12:47,I'm having trouble with performance on PowerPoint is extremely slow please upgrade RAM.
REC-004181,2025-08-18 11:07:47,Could you please check the desktop keeps restarting randomly please setup new email account.
REC-004182,2025-07-25 02:31:47,"I'm having trouble with the laptop keeps restarting randomly already tried restarting, no success."
REC-004183,2025-07-26 09:37:47,User maria.l reported: performance on slack is extremely slow pls upgrade ram.
REC-004184,2025-09-18 15:59:47,User paul.r reported: my workstation at training hall showing printer jam this is blocking me from completing my tasks.
REC-004185,2025-09-20 10:53:47,Request for support regarding can't log in to PowerPoint this is blocking me from completing my tasks.
REC-004186,2025-08-27 06:43:47,"I'm having trouble with the printer at HQ is not working again already tried restarting, no success."
REC-004187,2025-07-12 06:36:47,"I'm having trouble with unable to access OneDrive, request ID #TKT-30480 please setup new email account. Contact: youssef.t"
REC-004188,2025-07-25 14:24:47,Need urgent help with my tablet at floor 3 showing blue screen this is blocking me from completing my tasks. Contact: david.p
REC-004189,2025-08-05 23:52:47,Need urgent help with the printer at training hall is not working again please unlock account.
REC-004190,2025-08-20 23:53:47,"Facing an issue where unable to access SAP, request ID #TKT-17497 colleagues on remote also affected."
REC-004191,2025-07-23 01:24:47,Could you pls check performance on Zoom is extremely slow this is blocking me from completing my tasks.
REC-004192,2025-07-11 20:30:47,I'm having trouble with VPN connection drops every few minutes please install Adobe Acrobat.
REC-004193,2025-07-11 03:21:47,Need urgent help with my workstation at floor 1 showing not responding this has been happening since yesterday.
REC-004194,2025-08-29 18:04:47,Could you please check VPN connection drops every few minutes this has been happening since yesterday.
REC-004195,2025-08-11 18:13:47,Facing an issue where can't log in to Zoom causing delays in project work.
REC-004196,2025-07-28 09:59:47,I'm having trouble with the printer at datacenter is not working again need this fixed ASAP. Contact: alex.b
REC-004197,2025-06-26 10:59:47,george.t submitted a ticket: performance on OneDrive is extremely slow need this fixed ASAP. Contact: sofia.g
REC-004198,2025-06-26 11:48:47,Facing an issue where my workstation at floor 3 showing network timeout need this fixed ASAP.
REC-004199,2025-07-30 13:22:47,"Problem encountered: PowerPoint refuses to start after update already tried restarting, no success."
REC-004200,2025-06-24 23:10:47,Problem encountered: can't log in to sap colleagues on hq also affected.
REC-004201,2025-08-30 10:10:47,"Problem encountered: the printer at training hall is not working again already tried restarting, no success. contact: emma.w"
REC-004202,2025-09-23 04:36:47,John.doe submitted a ticket: vpn connection drops every few minutes need this fixed asap.
REC-004203,2025-07-18 14:22:47,Problem encountered: VPN connection drops every few minutes pls fix wifi. Contact: paul.r
REC-004204,2025-09-07 18:48:47,I'm having trouble with performance on Word is extremely slow please install Adobe Acrobat.
REC-004205,2025-08-20 22:34:47,Need urgent help with Slack refuses to start after update need this fixed ASAP. Contact: sofia.g
REC-004206,2025-09-15 08:40:47,User david.p reported: the printer at datacenter is not working again need this fixed ASAP.
REC-004207,2025-07-24 16:44:47,Problem encountered: VPN connection drops every few minutes please upgrade RAM. Contact: george.t
REC-004208,2025-09-03 12:25:47,Could you please check the tablet keeps restarting randomly this has been happening since yesterday.
REC-004209,2025-09-09 20:46:47,I'm having trouble with can't log in to Teams need this fixed ASAP.
REC-004210,2025-07-08 12:05:47,Alex.b submitted a ticket: the printer at floor 2 is not working again causing delays in project work. contact: alex.b
REC-004211,2025-07-14 12:59:47,User maria.l reported: the printer at floor 3 is not working again this is blocking me from completing my tasks.
REC-004212,2025-08-11 03:24:47,Need urgent help with SharePoint refuses to start after update colleagues on branch office also affected. Contact: youssef.t
REC-004213,2025-07-12 19:13:47,I'm having trouble with Slack refuses to start after update this is blocking me from completing my tasks.
REC-004214,2025-09-20 10:38:47,Need urgent help with performance on sap is extremely slow please fix wifi.
REC-004215,2025-09-15 16:08:47,Li.chen submitted a ticket: my laptop at training hall showing disk full need this fixed asap. contact: george.t
REC-004216,2025-08-27 17:51:47,Request for support regarding the printer at HQ is not working again causing delays in project work. Contact: david.p
REC-004217,2025-08-22 18:24:47,maria.l submitted a ticket: performance on SAP is extremely slow colleagues on training hall also affected.
REC-004218,2025-07-16 10:34:47,User ahmed.h reported: VPN connection drops every few minutes colleagues on floor 2 also affected.
REC-004219,2025-09-16 10:45:47,"Need urgent help with the printer at datacenter is not working again already tried restarting, no success."
REC-004220,2025-08-12 22:25:47,li.chen submitted a ticket: can't log in to SharePoint need this fixed ASAP.
REC-004221,2025-09-18 00:29:47,Facing an issue where VPN connection drops every few minutes causing delays in project work.
REC-004222,2025-09-08 14:26:47,"nina.b submitted a ticket: unable to access PowerPoint, request ID #TKT-24411 this is blocking me from completing my tasks."
REC-004223,2025-08-22 03:12:47,"Problem encountered: unable to access Slack, request ID #TKT-27527 please install Adobe Acrobat."
REC-004224,2025-06-30 09:56:47,"Could you please check unable to access OneDrive, request ID #TKT-85181 need this fixed ASAP. Contact: mohamed.s"
REC-004225,2025-08-06 02:37:47,Facing an issue where the tablet keeps restarting randomly need this fixed asap. contact: paul.r
REC-004226,2025-09-07 09:30:47,Facing an issue where the server keeps restarting randomly need this fixed asap.
REC-004227,2025-08-22 21:28:47,Facing an issue where performance on OneDrive is extremely slow need this fixed ASAP.
REC-004228,2025-07-01 05:59:47,li.chen submitted a ticket: the tablet keeps restarting randomly please unlock account.
REC-004229,2025-09-01 20:30:47,Request for support regarding performance on Outlook is extremely slow colleagues on HQ also affected.
REC-004230,2025-07-01 08:45:47,Request for support regarding the workstation keeps restarting randomly this has been happening since yesterday.
REC-004231,2025-07-12 11:44:47,Could you pls check my desktop at lab room showing blue screen need this fixed ASAP. Contact: hannah.j
REC-004232,2025-09-03 18:40:47,Need urgent help with the workstation keeps restarting randomly colleagues on training hall also affected. Contact: sofia.g
REC-004233,2025-08-05 13:28:47,I'm having trouble with my workstation at floor 3 showing error code 720 causing delays in project work.
REC-004234,2025-08-24 23:22:47,Need urgent help with jira refuses to start after update this has been happening since yesterday. contact: olivia.m
REC-004235,2025-08-09 20:21:47,"Request for support regarding unable to access Slack, request ID #TKT-46665 causing delays in project work."
REC-004236,2025-07-05 05:45:47,"User paul.r reported: unable to access Zoom, request ID #TKT-21567 please install Adobe Acrobat."
REC-004237,2025-06-28 06:14:47,li.chen submitted a ticket: my tablet at remote showing unknown host please reset password.
REC-004238,2025-07-02 20:05:47,"I'm having trouble with performance on Word is extremely slow already tried restarting, no success."
REC-004239,2025-08-09 14:57:47,I'm having trouble with the tablet keeps restarting randomly colleagues on branch office also affected.
REC-004240,2025-08-13 12:39:47,Need urgent help with VPN connection drops every few minutes please install VPN client. Contact: emma.w
REC-004241,2025-08-07 08:46:47,Problem encountered: my workstation at floor 2 showing network timeout this is blocking me from completing my tasks.
REC-004242,2025-07-09 13:33:47,User hannah.j reported: the workstation keeps restarting randomly pls setup new email account. Contact: olivia.m
REC-004243,2025-08-12 04:08:47,"hannah.j submitted a ticket: the laptop keeps restarting randomly already tried restarting, no success."
REC-004244,2025-07-29 04:38:47,"User emma.w reported: unable to access Outlook, request ID #TKT-35351 this has been happening since yesterday. Contact: sarah.k"
REC-004245,2025-08-06 04:14:47,Problem encountered: can't log in to teams this is blocking me from completing my tasks.
REC-004246,2025-07-09 05:25:47,I'm having trouble with the printer at floor 3 is not working again causing delays in project work. Contact: nina.b
REC-004247,2025-08-01 14:47:47,Problem encountered: my desktop at branch office showing disk full causing delays in project work.
REC-004248,2025-08-14 14:51:47,"fatima.z submitted a ticket: unable to access Chrome, request ID #TKT-17872 need this fixed ASAP. Contact: paul.r"
REC-004249,2025-08-22 08:08:47,Could you please check my workstation at branch office showing printer jam this has been happening since yesterday.
REC-004250,2025-09-04 10:52:47,Request for support regarding performance on PowerPoint is extremely slow this has been happening since yesterday.
REC-004251,2025-09-05 11:29:47,Could you please check my phone at floor 3 showing unknown host this is blocking me from completing my tasks. Contact: paul.r
REC-004252,2025-06-26 05:02:47,Could you pls check the laptop keeps restarting randomly pls install VPN client.
REC-004253,2025-09-08 13:39:47,Problem encountered: my desktop at floor 2 showing unknown host causing delays in project work.
REC-004254,2025-08-25 03:26:47,mohamed.s submitted a ticket: the printer at remote is not working again colleagues on remote also affected.
REC-004255,2025-08-22 19:30:47,Problem encountered: performance on word is extremely slow causing delays in project work.
REC-004256,2025-07-06 02:10:47,"I'm having trouble with VPN connection drops every few minutes already tried restarting, no success."
REC-004257,2025-07-17 14:40:47,I'm having trouble with can't log in to jira please upgrade ram.
REC-004258,2025-06-25 18:01:47,Facing an issue where OneDrive refuses to start after update colleagues on branch office also affected.
REC-004259,2025-09-03 07:59:47,Facing an issue where performance on Teams is extremely slow this has been happening since yesterday.
REC-004260,2025-08-28 07:55:47,Could you pls check Word refuses to start after update causing delays in project work.
REC-004261,2025-08-24 09:24:47,"I'm having trouble with unable to access PowerPoint, request ID #TKT-40735 already tried restarting, no success. Contact: nina.b"
REC-004262,2025-08-03 17:24:47,Hannah.j submitted a ticket: performance on sap is extremely slow please grant access to shared drive.
REC-004263,2025-09-14 20:07:47,Could you please check the laptop keeps restarting randomly colleagues on training hall also affected. Contact: fatima.z
REC-004264,2025-09-01 05:36:47,"Could you please check unable to access Teams, request ID #TKT-33706 colleagues on training hall also affected."
REC-004265,2025-09-15 04:35:47,"Need urgent help with unable to access Chrome, request ID #TKT-30169 this is blocking me from completing my tasks."
REC-004266,2025-07-26 06:51:47,Problem encountered: performance on chrome is extremely slow causing delays in project work.
REC-004267,2025-06-27 09:51:47,"I'm having trouble with my phone at branch office showing error code 720 already tried restarting, no success. Contact: olivia.m"
REC-004268,2025-08-27 08:54:47,"Request for support regarding unable to access SharePoint, request ID #TKT-41177 this is blocking me from completing my tasks."
REC-004269,2025-06-27 20:31:47,"Request for support regarding the printer at floor 3 is not working again already tried restarting, no success."
REC-004270,2025-07-19 18:06:47,"Could you please check unable to access Teams, request ID #TKT-74261 please install Adobe Acrobat."
REC-004271,2025-07-08 06:42:47,"User olivia.m reported: unable to access SAP, request ID #TKT-36638 need this fixed ASAP."
REC-004272,2025-08-27 14:32:47,sarah.k submitted a ticket: SharePoint refuses to start after update this has been happening since yesterday.
REC-004273,2025-09-20 19:39:47,"Request for support regarding unable to access Word, request ID #TKT-44015 need this fixed ASAP."
REC-004274,2025-08-11 20:33:47,I'm having trouble with PowerPoint refuses to start after update need this fixed ASAP.
REC-004275,2025-07-23 16:55:47,"Need urgent help with unable to access SAP, request ID #TKT-24783 this has been happening since yesterday."
REC-004276,2025-08-18 15:27:47,"Need urgent help with my desktop at HQ showing printer jam already tried restarting, no success."
REC-004277,2025-07-05 23:40:47,"john.doe submitted a ticket: unable to access Slack, request ID #TKT-83547 colleagues on branch office also affected."
REC-004278,2025-08-23 10:48:47,"Could you please check performance on Slack is extremely slow already tried restarting, no success."
REC-004279,2025-09-15 12:59:47,Facing an issue where the printer at remote is not working again causing delays in project work.
REC-004280,2025-09-23 01:33:47,emma.w submitted a ticket: the printer at remote is not working again need this fixed ASAP.
REC-004281,2025-07-21 09:09:47,"Facing an issue where unable to access Jira, request ID #TKT-65126 this is blocking me from completing my tasks."
REC-004282,2025-08-11 14:17:47,"Problem encountered: unable to access sap, request id #tkt-78147 colleagues on floor 2 also affected."
REC-004283,2025-08-02 21:47:47,"Could you please check unable to access Word, request ID #TKT-90966 causing delays in project work."
REC-004284,2025-08-21 20:53:47,Problem encountered: OneDrive refuses to start after update causing delays in project work.
REC-004285,2025-08-31 13:00:47,"User sofia.g reported: unable to access Teams, request ID #TKT-93996 already tried restarting, no success."
REC-004286,2025-06-25 12:32:47,Need urgent help with can't log in to Zoom colleagues on training hall also affected. Contact: paul.r
REC-004287,2025-08-17 15:27:47,Problem encountered: the printer at floor 2 is not working again this is blocking me from completing my tasks.
REC-004288,2025-06-29 09:39:47,"Facing an issue where unable to access jira, request id #tkt-19454 this has been happening since yesterday."
REC-004289,2025-09-09 02:27:47,"Facing an issue where the printer at branch office is not working again already tried restarting, no success."
REC-004290,2025-07-11 01:32:47,"Could you pls check unable to access Outlook, request ID #TKT-57932 colleagues on remote also affected. Contact: khaled.a"
REC-004291,2025-09-09 17:03:47,I'm having trouble with performance on OneDrive is extremely slow this is blocking me from completing my tasks.
REC-004292,2025-09-18 23:59:47,Request for support regarding can't log in to Teams this has been happening since yesterday. Contact: john.doe
REC-004293,2025-09-05 21:08:47,User ahmed.h reported: performance on Chrome is extremely slow this has been happening since yesterday.
REC-004294,2025-08-05 03:58:47,Problem encountered: the tablet keeps restarting randomly this has been happening since yesterday. contact: nina.b
REC-004295,2025-09-17 16:12:47,youssef.t submitted a ticket: my workstation at lab room showing access denied this is blocking me from completing my tasks.
REC-004296,2025-08-15 01:25:47,"I'm having trouble with unable to access Word, request ID #TKT-72438 please grant access to shared drive."
REC-004297,2025-07-06 10:12:47,"hannah.j submitted a ticket: the printer at HQ is not working again already tried restarting, no success."
REC-004298,2025-07-06 02:42:47,"User li.chen reported: can't log in to Word already tried restarting, no success."
REC-004299,2025-07-19 20:58:47,li.chen submitted a ticket: my laptop at branch office showing not responding need this fixed ASAP.
REC-004300,2025-08-15 14:06:47,Could you please check Word refuses to start after update this is blocking me from completing my tasks. Contact: khaled.a
REC-004301,2025-09-14 16:50:47,olivia.m submitted a ticket: can't log in to Teams this is blocking me from completing my tasks.
REC-004302,2025-07-20 09:51:47,Need urgent help with the printer at floor 2 is not working again please unlock account.
REC-004303,2025-08-13 02:52:47,alex.b submitted a ticket: the printer at remote is not working again causing delays in project work. Contact: mohamed.s
REC-004304,2025-07-15 16:38:47,Problem encountered: the printer at remote is not working again please fix wifi. Contact: george.t
REC-004305,2025-08-18 22:48:47,"john.doe submitted a ticket: unable to access PowerPoint, request ID #TKT-64704 causing delays in project work. Contact: paul.r"
REC-004306,2025-07-07 09:10:47,"david.p submitted a ticket: VPN connection drops every few minutes already tried restarting, no success."
REC-004307,2025-06-29 05:23:47,Could you please check the phone keeps restarting randomly this has been happening since yesterday.
REC-004308,2025-09-12 18:53:47,Request for support regarding the printer at floor 1 is not working again this is blocking me from completing my tasks.
REC-004309,2025-08-03 09:49:47,Could you please check VPN connection drops every few minutes this has been happening since yesterday.
REC-004310,2025-07-27 14:40:47,Could you pls check the desktop keeps restarting randomly colleagues on training hall also affected.
REC-004311,2025-08-19 15:36:47,User maria.l reported: Zoom refuses to start after update need this fixed ASAP. Contact: mohamed.s
REC-004312,2025-07-18 20:29:47,User fatima.z reported: the printer at datacenter is not working again colleagues on datacenter also affected.
REC-004313,2025-07-04 02:20:47,Facing an issue where performance on Slack is extremely slow causing delays in project work.
REC-004314,2025-07-08 12:01:47,I'm having trouble with VPN connection drops every few minutes causing delays in project work.
REC-004315,2025-08-06 02:31:47,I'm having trouble with the laptop keeps restarting randomly colleagues on floor 2 also affected.
REC-004316,2025-09-01 22:14:47,"Problem encountered: can't log in to Zoom already tried restarting, no success."
REC-004317,2025-07-09 07:15:47,Problem encountered: performance on Outlook is extremely slow this is blocking me from completing my tasks.
REC-004318,2025-09-12 09:02:47,Request for support regarding the printer at HQ is not working again pls replace keyboard.
REC-004319,2025-07-20 08:59:47,"I'm having trouble with Teams refuses to start after update already tried restarting, no success."
REC-004320,2025-08-28 05:59:47,Problem encountered: VPN connection drops every few minutes need this fixed ASAP.
REC-004321,2025-08-09 04:42:47,I'm having trouble with the laptop keeps restarting randomly colleagues on datacenter also affected.
REC-004322,2025-06-25 15:23:47,olivia.m submitted a ticket: the printer at datacenter is not working again this is blocking me from completing my tasks. Contact: alex.b
REC-004323,2025-06-27 03:43:47,"I'm having trouble with unable to access Slack, request ID #TKT-12471 please unlock account."
REC-004324,2025-09-02 08:21:47,I'm having trouble with Jira refuses to start after update need this fixed ASAP.
REC-004325,2025-08-12 07:52:47,Facing an issue where the desktop keeps restarting randomly causing delays in project work.
REC-004326,2025-07-22 04:32:47,"fatima.z submitted a ticket: unable to access Slack, request ID #TKT-68629 colleagues on floor 3 also affected."
REC-004327,2025-06-26 12:30:47,Need urgent help with performance on Word is extremely slow need this fixed ASAP.
REC-004328,2025-09-14 02:11:47,Facing an issue where performance on Teams is extremely slow pls setup new email account. Contact: alex.b
REC-004329,2025-09-15 11:37:47,User sofia.g reported: the printer at floor 3 is not working again need this fixed ASAP. Contact: sofia.g
REC-004330,2025-08-18 23:44:47,User sarah.k reported: Word refuses to start after update this has been happening since yesterday. Contact: david.p
REC-004331,2025-09-05 15:28:47,Problem encountered: word refuses to start after update this is blocking me from completing my tasks.
REC-004332,2025-09-05 19:15:47,"User nina.b reported: unable to access Jira, request ID #TKT-82052 this has been happening since yesterday. Contact: maria.l"
REC-004333,2025-07-02 21:58:47,"Need urgent help with the printer at hq is not working again already tried restarting, no success."
REC-004334,2025-07-03 13:06:47,"Facing an issue where onedrive refuses to start after update already tried restarting, no success. contact: nina.b"
REC-004335,2025-06-24 23:11:47,Could you pls check my workstation at floor 1 showing access denied causing delays in project work. Contact: youssef.t
REC-004336,2025-08-15 08:46:47,"Need urgent help with can't log in to PowerPoint already tried restarting, no success."
REC-004337,2025-08-15 16:20:47,"Problem encountered: the desktop keeps restarting randomly already tried restarting, no success. Contact: paul.r"
REC-004338,2025-09-09 14:40:47,Problem encountered: VPN connection drops every few minutes this is blocking me from completing my tasks. Contact: khaled.a
REC-004339,2025-09-17 07:41:47,User david.p reported: can't log in to SharePoint colleagues on datacenter also affected.
REC-004340,2025-07-23 08:33:47,User john.doe reported: the desktop keeps restarting randomly this is blocking me from completing my tasks.
REC-004341,2025-07-20 19:00:47,I'm having trouble with VPN connection drops every few minutes need this fixed ASAP. Contact: mohamed.s
REC-004342,2025-08-11 01:42:47,"Facing an issue where my laptop at branch office showing blue screen already tried restarting, no success. Contact: fatima.z"
REC-004343,2025-08-10 18:18:47,Problem encountered: the printer at training hall is not working again colleagues on training hall also affected.
REC-004344,2025-09-10 22:19:47,"George.t submitted a ticket: unable to access sharepoint, request id #tkt-83544 already tried restarting, no success."
REC-004345,2025-08-18 03:47:47,I'm having trouble with Jira refuses to start after update this has been happening since yesterday.
REC-004346,2025-09-10 09:57:47,nina.b submitted a ticket: can't log in to SAP this is blocking me from completing my tasks.
REC-004347,2025-07-08 06:19:47,"ahmed.h submitted a ticket: unable to access Teams, request ID #TKT-82119 this is blocking me from completing my tasks."
REC-004348,2025-09-07 14:07:47,User nina.b reported: vpn connection drops every few minutes this has been happening since yesterday.
REC-004349,2025-06-29 00:13:47,"Problem encountered: unable to access PowerPoint, request ID #TKT-89613 please install VPN client. Contact: george.t"
REC-004350,2025-07-07 12:32:47,"li.chen submitted a ticket: Zoom refuses to start after update already tried restarting, no success. Contact: mohamed.s"
REC-004351,2025-06-25 02:01:47,"Request for support regarding my server at training hall showing printer jam already tried restarting, no success."
REC-004352,2025-09-10 08:20:47,Problem encountered: the printer at lab room is not working again need this fixed ASAP. Contact: paul.r
REC-004353,2025-08-29 06:19:47,george.t submitted a ticket: the printer at floor 3 is not working again causing delays in project work.
REC-004354,2025-07-21 20:57:47,Facing an issue where can't log in to Teams this is blocking me from completing my tasks.
REC-004355,2025-07-09 14:12:47,Need urgent help with can't log in to SharePoint this has been happening since yesterday.
REC-004356,2025-09-06 05:40:47,khaled.a submitted a ticket: VPN connection drops every few minutes colleagues on floor 2 also affected.
REC-004357,2025-07-04 23:09:47,Facing an issue where the server keeps restarting randomly please setup new email account.
REC-004358,2025-09-18 08:52:47,Could you please check PowerPoint refuses to start after update colleagues on training hall also affected.
REC-004359,2025-09-17 08:21:47,Request for support regarding SAP refuses to start after update this is blocking me from completing my tasks.
REC-004360,2025-07-17 04:22:47,Request for support regarding SAP refuses to start after update this is blocking me from completing my tasks. Contact: sofia.g
REC-004361,2025-07-06 09:15:47,Request for support regarding the printer at floor 2 is not working again colleagues on floor 2 also affected.
REC-004362,2025-08-20 21:30:47,"Could you please check unable to access Jira, request ID #TKT-83237 need this fixed ASAP."
REC-004363,2025-08-08 01:31:47,john.doe submitted a ticket: my phone at HQ showing blue screen causing delays in project work. Contact: george.t
REC-004364,2025-08-08 23:30:47,alex.b submitted a ticket: VPN connection drops every few minutes colleagues on lab room also affected. Contact: alex.b
REC-004365,2025-08-01 13:20:47,Need urgent help with jira refuses to start after update this is blocking me from completing my tasks. contact: alex.b
REC-004366,2025-07-15 22:54:47,"Facing an issue where VPN connection drops every few minutes already tried restarting, no success."
REC-004367,2025-07-28 02:24:47,Facing an issue where my workstation at datacenter showing error code 720 this is blocking me from completing my tasks. Contact: nina.b
REC-004368,2025-09-18 23:33:47,User george.t reported: the printer at training hall is not working again causing delays in project work.
REC-004369,2025-07-29 09:04:47,User youssef.t reported: performance on Chrome is extremely slow causing delays in project work.
REC-004370,2025-09-13 07:44:47,User maria.l reported: my server at lab room showing printer jam need this fixed ASAP.
REC-004371,2025-06-30 06:14:47,"Need urgent help with unable to access SharePoint, request ID #TKT-43624 causing delays in project work."
REC-004372,2025-07-17 15:47:47,User david.p reported: Excel refuses to start after update colleagues on floor 1 also affected.
REC-004373,2025-07-03 15:57:47,Could you please check Zoom refuses to start after update causing delays in project work.
REC-004374,2025-09-04 06:57:47,Facing an issue where Outlook refuses to start after update this is blocking me from completing my tasks. Contact: mohamed.s
REC-004375,2025-09-11 04:36:47,Could you please check can't log in to PowerPoint this is blocking me from completing my tasks.
REC-004376,2025-08-07 13:47:47,sofia.g submitted a ticket: Teams refuses to start after update please install Adobe Acrobat.
REC-004377,2025-09-09 18:58:47,Could you please check can't log in to SharePoint colleagues on floor 2 also affected. Contact: david.p
REC-004378,2025-09-18 15:09:47,Facing an issue where Word refuses to start after update causing delays in project work.
REC-004379,2025-07-07 20:05:47,"Request for support regarding unable to access Outlook, request ID #TKT-83681 colleagues on branch office also affected."
REC-004380,2025-08-27 00:41:47,Request for support regarding can't log in to PowerPoint please fix wifi. Contact: paul.r
REC-004381,2025-07-21 15:59:47,Problem encountered: VPN connection drops every few minutes need this fixed ASAP. Contact: sofia.g
REC-004382,2025-07-03 13:36:47,"Could you please check unable to access Slack, request ID #TKT-31674 this is blocking me from completing my tasks. Contact: maria.l"
REC-004383,2025-07-20 16:20:47,Need urgent help with the printer at remote is not working again this has been happening since yesterday.
REC-004384,2025-08-02 16:52:47,"Problem encountered: can't log in to teams already tried restarting, no success. contact: maria.l"
REC-004385,2025-07-10 13:52:47,"Could you please check VPN connection drops every few minutes already tried restarting, no success."
REC-004386,2025-08-05 21:30:47,Could you pls check the printer at floor 2 is not working again need this fixed ASAP.
REC-004387,2025-08-26 09:38:47,User alex.b reported: VPN connection drops every few minutes causing delays in project work. Contact: nina.b
REC-004388,2025-07-08 14:28:47,david.p submitted a ticket: Zoom refuses to start after update please upgrade RAM.
REC-004389,2025-09-18 02:03:47,User hannah.j reported: the laptop keeps restarting randomly need this fixed ASAP.
REC-004390,2025-08-08 00:51:47,sarah.k submitted a ticket: the printer at training hall is not working again colleagues on training hall also affected.
REC-004391,2025-08-01 14:15:47,Facing an issue where the workstation keeps restarting randomly this is blocking me from completing my tasks.
REC-004392,2025-08-10 15:06:47,Problem encountered: performance on Excel is extremely slow please unlock account. Contact: sarah.k
REC-004393,2025-08-07 10:04:47,"Problem encountered: unable to access Jira, request ID #TKT-69462 colleagues on training hall also affected."
REC-004394,2025-09-14 10:40:47,Need urgent help with the phone keeps restarting randomly this has been happening since yesterday.
REC-004395,2025-08-23 16:45:47,Request for support regarding Slack refuses to start after update this has been happening since yesterday.
REC-004396,2025-07-22 03:43:47,I'm having trouble with PowerPoint refuses to start after update colleagues on lab room also affected.
REC-004397,2025-07-13 03:54:47,John.doe submitted a ticket: sap refuses to start after update colleagues on floor 3 also affected. contact: george.t
REC-004398,2025-07-18 23:37:47,"Need urgent help with unable to access OneDrive, request ID #TKT-31212 pls replace keyboard."
REC-004399,2025-08-30 04:27:47,I'm having trouble with the printer at remote is not working again this is blocking me from completing my tasks.
REC-004400,2025-06-26 11:19:47,I'm having trouble with performance on Chrome is extremely slow please install Adobe Acrobat.
REC-004401,2025-09-06 17:00:47,User john.doe reported: OneDrive refuses to start after update this has been happening since yesterday.
REC-004402,2025-09-04 09:19:47,"Need urgent help with performance on sharepoint is extremely slow already tried restarting, no success."
REC-004403,2025-08-29 17:24:47,"Request for support regarding unable to access Teams, request ID #TKT-23724 causing delays in project work."
REC-004404,2025-08-24 20:22:47,Need urgent help with performance on Chrome is extremely slow pls unlock account.
REC-004405,2025-08-30 03:30:47,"Problem encountered: the printer at HQ is not working again already tried restarting, no success."
REC-004406,2025-07-27 22:29:47,I'm having trouble with VPN connection drops every few minutes this is blocking me from completing my tasks. Contact: hannah.j
REC-004407,2025-07-08 07:19:47,"Problem encountered: the tablet keeps restarting randomly already tried restarting, no success. Contact: khaled.a"
REC-004408,2025-08-11 13:59:47,User george.t reported: PowerPoint refuses to start after update this has been happening since yesterday.
REC-004409,2025-07-22 04:25:47,Facing an issue where can't log in to OneDrive this is blocking me from completing my tasks.
REC-004410,2025-09-18 08:00:47,"Could you please check VPN connection drops every few minutes already tried restarting, no success. Contact: sarah.k"
REC-004411,2025-07-24 15:21:47,Could you please check can't log in to Excel this is blocking me from completing my tasks. Contact: hannah.j
REC-004412,2025-06-25 18:18:47,Request for support regarding performance on Jira is extremely slow this has been happening since yesterday. Contact: david.p
REC-004413,2025-08-18 10:58:47,Facing an issue where the server keeps restarting randomly this is blocking me from completing my tasks.
REC-004414,2025-07-08 07:38:47,"User li.chen reported: can't log in to SAP already tried restarting, no success."
REC-004415,2025-09-07 05:00:47,User emma.w reported: the server keeps restarting randomly colleagues on hq also affected.
REC-004416,2025-09-15 05:01:47,khaled.a submitted a ticket: performance on OneDrive is extremely slow causing delays in project work.
REC-004417,2025-08-18 08:22:47,fatima.z submitted a ticket: the printer at branch office is not working again please setup new email account.
REC-004418,2025-07-26 09:02:47,Request for support regarding VPN connection drops every few minutes this is blocking me from completing my tasks.
REC-004419,2025-09-09 17:15:47,Could you please check the workstation keeps restarting randomly this has been happening since yesterday.
REC-004420,2025-09-16 11:24:47,fatima.z submitted a ticket: performance on SAP is extremely slow colleagues on remote also affected.
REC-004421,2025-09-06 22:43:47,Need urgent help with the printer at floor 3 is not working again need this fixed ASAP.
REC-004422,2025-09-19 08:28:47,hannah.j submitted a ticket: VPN connection drops every few minutes need this fixed ASAP.
REC-004423,2025-09-15 06:07:47,"I'm having trouble with OneDrive refuses to start after update already tried restarting, no success."
REC-004424,2025-08-20 20:44:47,User li.chen reported: my desktop at training hall showing error code 720 need this fixed ASAP.
REC-004425,2025-08-17 08:39:47,Request for support regarding can't log in to jira need this fixed asap.
REC-004426,2025-08-20 14:17:47,Problem encountered: the printer at branch office is not working again this has been happening since yesterday.
REC-004427,2025-09-11 15:22:47,I'm having trouble with the printer at branch office is not working again please upgrade RAM.
REC-004428,2025-09-20 23:08:47,"User mohamed.s reported: unable to access SAP, request ID #TKT-88121 this is blocking me from completing my tasks."
REC-004429,2025-06-27 16:23:47,Facing an issue where VPN connection drops every few minutes causing delays in project work. Contact: george.t
REC-004430,2025-09-17 02:27:47,Request for support regarding the printer at datacenter is not working again need this fixed ASAP.
REC-004431,2025-07-14 22:33:47,"Problem encountered: unable to access Chrome, request ID #TKT-55146 causing delays in project work."
REC-004432,2025-09-05 22:42:47,User george.t reported: the desktop keeps restarting randomly please upgrade RAM.
REC-004433,2025-08-21 11:46:47,"nina.b submitted a ticket: the printer at lab room is not working again already tried restarting, no success."
REC-004434,2025-09-19 15:44:47,Emma.w submitted a ticket: jira refuses to start after update need this fixed asap.
REC-004435,2025-08-17 02:44:47,User sarah.k reported: the workstation keeps restarting randomly causing delays in project work.
REC-004436,2025-09-18 06:36:47,"Request for support regarding the phone keeps restarting randomly already tried restarting, no success. Contact: john.doe"
REC-004437,2025-08-16 12:00:47,Could you please check word refuses to start after update colleagues on remote also affected.
REC-004438,2025-09-12 15:15:47,Facing an issue where performance on Chrome is extremely slow this is blocking me from completing my tasks. Contact: li.chen
REC-004439,2025-08-04 17:09:47,Need urgent help with the printer at branch office is not working again colleagues on branch office also affected.
REC-004440,2025-09-03 18:58:47,User olivia.m reported: can't log in to Teams need this fixed ASAP. Contact: hannah.j
REC-004441,2025-08-24 05:34:47,"ahmed.h submitted a ticket: the printer at lab room is not working again already tried restarting, no success."
REC-004442,2025-08-11 15:44:47,Li.chen submitted a ticket: can't log in to zoom this has been happening since yesterday.
REC-004443,2025-07-28 04:28:47,"Could you please check the printer at branch office is not working again already tried restarting, no success. Contact: sarah.k"
REC-004444,2025-08-03 21:16:47,User mohamed.s reported: the printer at floor 1 is not working again colleagues on floor 1 also affected.
REC-004445,2025-07-17 01:49:47,I'm having trouble with my server at datacenter showing blue screen need this fixed ASAP.
REC-004446,2025-07-17 00:40:47,"I'm having trouble with unable to access Outlook, request ID #TKT-38113 please fix wifi. Contact: fatima.z"
REC-004447,2025-09-15 02:38:47,"Facing an issue where can't log in to Zoom already tried restarting, no success."
REC-004448,2025-07-31 12:22:47,Need urgent help with the laptop keeps restarting randomly this has been happening since yesterday.
REC-004449,2025-09-04 02:17:47,I'm having trouble with the desktop keeps restarting randomly this has been happening since yesterday.
REC-004450,2025-07-10 10:50:47,User fatima.z reported: my phone at floor 2 showing printer jam this is blocking me from completing my tasks.
REC-004451,2025-06-30 22:18:47,Request for support regarding my server at remote showing access denied need this fixed ASAP. Contact: sarah.k
REC-004452,2025-07-13 00:28:47,Facing an issue where my server at remote showing error code 720 this has been happening since yesterday. Contact: sofia.g
REC-004453,2025-09-23 16:03:47,I'm having trouble with the workstation keeps restarting randomly this is blocking me from completing my tasks.
REC-004454,2025-09-10 00:35:47,Need urgent help with Excel refuses to start after update this is blocking me from completing my tasks.
REC-004455,2025-08-23 10:29:47,"Facing an issue where unable to access OneDrive, request ID #TKT-65531 colleagues on floor 3 also affected."
REC-004456,2025-07-24 10:11:47,Request for support regarding my phone at floor 2 showing blue screen please grant access to shared drive.
REC-004457,2025-09-04 00:12:47,Facing an issue where the desktop keeps restarting randomly colleagues on lab room also affected.
REC-004458,2025-08-03 11:50:47,fatima.z submitted a ticket: my laptop at branch office showing disk full please grant access to shared drive.
REC-004459,2025-07-05 20:16:47,"Facing an issue where the printer at remote is not working again already tried restarting, no success."
REC-004460,2025-07-24 21:51:47,I'm having trouble with my server at remote showing access denied this is blocking me from completing my tasks. contact: fatima.z
REC-004461,2025-09-15 18:12:47,Request for support regarding performance on sharepoint is extremely slow this is blocking me from completing my tasks.
REC-004462,2025-07-04 17:51:47,Request for support regarding performance on Zoom is extremely slow colleagues on HQ also affected.
REC-004463,2025-07-17 23:53:47,"Need urgent help with unable to access Excel, request ID #TKT-88936 this is blocking me from completing my tasks."
REC-004464,2025-07-06 11:24:47,"Could you pls check my desktop at branch office showing printer jam already tried restarting, no success."
REC-004465,2025-08-14 14:52:47,"User paul.r reported: unable to access SharePoint, request ID #TKT-16280 please replace keyboard."
REC-004466,2025-07-29 03:01:47,"Facing an issue where the printer at floor 3 is not working again already tried restarting, no success."
REC-004467,2025-09-12 12:23:47,User nina.b reported: can't log in to Slack please upgrade RAM.
REC-004468,2025-09-02 07:46:47,"sofia.g submitted a ticket: unable to access Teams, request ID #TKT-46743 this is blocking me from completing my tasks."
REC-004469,2025-07-01 10:43:47,"User li.chen reported: unable to access PowerPoint, request ID #TKT-77790 this is blocking me from completing my tasks."
REC-004470,2025-09-18 21:53:47,"Problem encountered: unable to access Zoom, request ID #TKT-15708 colleagues on floor 1 also affected."
REC-004471,2025-07-23 09:01:47,"I'm having trouble with unable to access OneDrive, request ID #TKT-60861 causing delays in project work."
REC-004472,2025-07-09 05:34:47,I'm having trouble with my tablet at lab room showing access denied this is blocking me from completing my tasks.
REC-004473,2025-06-25 16:24:47,User olivia.m reported: performance on Jira is extremely slow this is blocking me from completing my tasks.
REC-004474,2025-09-21 10:08:47,"User paul.r reported: the printer at datacenter is not working again already tried restarting, no success. Contact: sofia.g"
REC-004475,2025-07-29 12:51:47,Need urgent help with performance on Jira is extremely slow causing delays in project work.
REC-004476,2025-09-08 13:53:47,Request for support regarding performance on Zoom is extremely slow colleagues on floor 1 also affected. Contact: david.p
REC-004477,2025-07-27 06:00:47,Problem encountered: the printer at datacenter is not working again this is blocking me from completing my tasks.
REC-004478,2025-07-26 16:36:47,"I'm having trouble with VPN connection drops every few minutes already tried restarting, no success."
REC-004479,2025-08-16 07:30:47,Could you please check my tablet at remote showing network timeout this has been happening since yesterday.
REC-004480,2025-09-08 17:05:47,"I'm having trouble with performance on teams is extremely slow already tried restarting, no success."
REC-004481,2025-07-22 19:32:47,Problem encountered: can't log in to Zoom need this fixed ASAP.
REC-004482,2025-08-21 07:54:47,Problem encountered: performance on powerpoint is extremely slow colleagues on training hall also affected.
REC-004483,2025-09-16 09:37:47,"alex.b submitted a ticket: performance on OneDrive is extremely slow already tried restarting, no success."
REC-004484,2025-08-03 03:25:47,Hannah.j submitted a ticket: the printer at lab room is not working again causing delays in project work.
REC-004485,2025-09-07 04:02:47,Request for support regarding performance on SAP is extremely slow this has been happening since yesterday.
REC-004486,2025-08-02 23:41:47,"Nina.b submitted a ticket: unable to access sap, request id #tkt-76791 this has been happening since yesterday."
REC-004487,2025-07-04 18:59:47,Problem encountered: the phone keeps restarting randomly this has been happening since yesterday. Contact: khaled.a
REC-004488,2025-06-26 05:58:47,"Need urgent help with the printer at remote is not working again already tried restarting, no success."
REC-004489,2025-06-28 03:07:47,emma.w submitted a ticket: the desktop keeps restarting randomly this is blocking me from completing my tasks. Contact: hannah.j
REC-004490,2025-09-10 08:47:47,Could you please check VPN connection drops every few minutes causing delays in project work. Contact: emma.w
REC-004491,2025-07-23 11:38:47,Request for support regarding Teams refuses to start after update causing delays in project work.
REC-004492,2025-08-28 00:40:47,"emma.w submitted a ticket: Excel refuses to start after update already tried restarting, no success. Contact: mohamed.s"
REC-004493,2025-07-03 07:09:47,"I'm having trouble with unable to access Outlook, request ID #TKT-33794 this has been happening since yesterday. Contact: olivia.m"
REC-004494,2025-08-26 23:11:47,Request for support regarding can't log in to OneDrive this has been happening since yesterday. Contact: david.p
REC-004495,2025-07-16 17:34:47,Could you pls check performance on Teams is extremely slow causing delays in project work. Contact: hannah.j
REC-004496,2025-09-04 22:18:47,"Problem encountered: unable to access OneDrive, request ID #TKT-76878 this has been happening since yesterday."
REC-004497,2025-07-12 15:10:47,Request for support regarding performance on OneDrive is extremely slow please setup new email account. Contact: sofia.g
REC-004498,2025-07-16 19:57:47,Request for support regarding the desktop keeps restarting randomly this is blocking me from completing my tasks. Contact: emma.w
REC-004499,2025-09-23 05:52:47,Facing an issue where the printer at floor 1 is not working again this is blocking me from completing my tasks. Contact: paul.r
REC-004500,2025-07-05 17:46:47,Need urgent help with my tablet at HQ showing error code 720 causing delays in project work.
REC-004501,2025-08-19 15:50:47,paul.r submitted a ticket: the phone keeps restarting randomly this is blocking me from completing my tasks.
REC-004502,2025-07-06 11:47:47,"Could you pls check can't log in to Excel already tried restarting, no success."
REC-004503,2025-08-24 05:17:47,Request for support regarding the tablet keeps restarting randomly pls reset password.
REC-004504,2025-07-05 12:46:47,Facing an issue where my tablet at HQ showing blue screen please install VPN client.
REC-004505,2025-07-19 06:06:47,Facing an issue where the printer at floor 1 is not working again this has been happening since yesterday. Contact: ahmed.h
REC-004506,2025-07-16 21:23:47,Need urgent help with can't log in to Slack colleagues on remote also affected. Contact: alex.b
REC-004507,2025-07-06 04:37:47,User sarah.k reported: OneDrive refuses to start after update this is blocking me from completing my tasks. Contact: hannah.j
REC-004508,2025-08-27 19:02:47,Request for support regarding my phone at datacenter showing printer jam causing delays in project work. Contact: li.chen
REC-004509,2025-08-27 14:05:47,I'm having trouble with performance on OneDrive is extremely slow causing delays in project work.
REC-004510,2025-07-08 14:29:47,User emma.w reported: the printer at branch office is not working again colleagues on branch office also affected.
REC-004511,2025-09-21 07:54:47,I'm having trouble with can't log in to OneDrive need this fixed ASAP.
REC-004512,2025-09-15 05:38:47,maria.l submitted a ticket: the tablet keeps restarting randomly need this fixed ASAP.
REC-004513,2025-08-08 21:14:47,"Could you please check performance on OneDrive is extremely slow already tried restarting, no success."
REC-004514,2025-09-19 15:10:47,User john.doe reported: can't log in to SAP pls replace keyboard.
REC-004515,2025-06-26 08:36:47,Request for support regarding can't log in to Zoom this has been happening since yesterday. Contact: emma.w
REC-004516,2025-06-30 10:26:47,"Request for support regarding the printer at remote is not working again already tried restarting, no success. contact: khaled.a"
REC-004517,2025-07-03 10:51:47,"User olivia.m reported: my desktop at floor 1 showing blue screen already tried restarting, no success."
REC-004518,2025-08-21 21:34:47,Problem encountered: VPN connection drops every few minutes colleagues on branch office also affected.
REC-004519,2025-09-21 16:12:47,"Problem encountered: the printer at datacenter is not working again already tried restarting, no success. contact: john.doe"
REC-004520,2025-06-26 08:55:47,I'm having trouble with SAP refuses to start after update please grant access to shared drive. Contact: alex.b
REC-004521,2025-08-23 20:46:47,I'm having trouble with PowerPoint refuses to start after update please unlock account. Contact: nina.b
REC-004522,2025-06-29 18:27:47,Problem encountered: VPN connection drops every few minutes colleagues on remote also affected.
REC-004523,2025-07-12 14:26:47,"I'm having trouble with outlook refuses to start after update already tried restarting, no success."
REC-004524,2025-09-02 00:19:47,Need urgent help with performance on SAP is extremely slow colleagues on datacenter also affected.
REC-004525,2025-06-29 04:48:47,Need urgent help with my server at HQ showing access denied causing delays in project work.
REC-004526,2025-07-18 14:07:47,"User nina.b reported: unable to access OneDrive, request ID #TKT-85119 causing delays in project work. Contact: john.doe"
REC-004527,2025-06-30 11:49:47,Request for support regarding can't log in to Zoom this is blocking me from completing my tasks.
REC-004528,2025-07-21 13:02:47,"Could you pls check unable to access Chrome, request ID #TKT-15395 causing delays in project work."
REC-004529,2025-08-19 21:47:47,I'm having trouble with performance on OneDrive is extremely slow need this fixed ASAP.
REC-004530,2025-09-08 01:21:47,Request for support regarding chrome refuses to start after update this is blocking me from completing my tasks. contact: youssef.t
REC-004531,2025-09-05 17:41:47,Facing an issue where performance on Jira is extremely slow please install Adobe Acrobat. Contact: khaled.a
REC-004532,2025-09-02 05:41:47,User hannah.j reported: performance on OneDrive is extremely slow this has been happening since yesterday. Contact: hannah.j
REC-004533,2025-07-20 06:23:47,Could you please check can't log in to Slack this is blocking me from completing my tasks.
REC-004534,2025-07-08 04:34:47,Problem encountered: performance on Outlook is extremely slow need this fixed ASAP.
REC-004535,2025-07-28 22:23:47,Facing an issue where the phone keeps restarting randomly causing delays in project work.
REC-004536,2025-09-08 17:23:47,Request for support regarding the laptop keeps restarting randomly pls reset password.
REC-004537,2025-08-02 16:47:47,"Facing an issue where unable to access Excel, request ID #TKT-31489 please unlock account."
REC-004538,2025-06-28 16:50:47,"I'm having trouble with unable to access Slack, request ID #TKT-78437 this is blocking me from completing my tasks."
REC-004539,2025-09-04 12:36:47,Could you please check Teams refuses to start after update this has been happening since yesterday.
REC-004540,2025-08-18 04:55:47,"I'm having trouble with VPN connection drops every few minutes already tried restarting, no success."
REC-004541,2025-07-27 12:13:47,"Could you please check unable to access OneDrive, request ID #TKT-31331 causing delays in project work."
REC-004542,2025-08-02 04:32:47,emma.w submitted a ticket: VPN connection drops every few minutes colleagues on HQ also affected.
REC-004543,2025-09-13 20:01:47,I'm having trouble with can't log in to SAP need this fixed ASAP.
REC-004544,2025-09-04 21:23:47,I'm having trouble with the printer at floor 1 is not working again this has been happening since yesterday. Contact: li.chen
REC-004545,2025-08-19 03:50:47,Problem encountered: the printer at floor 2 is not working again this has been happening since yesterday.
REC-004546,2025-07-27 02:27:47,User sofia.g reported: performance on Chrome is extremely slow causing delays in project work.
REC-004547,2025-08-31 23:39:47,Could you please check VPN connection drops every few minutes this has been happening since yesterday.
REC-004548,2025-09-19 19:11:47,"maria.l submitted a ticket: unable to access OneDrive, request ID #TKT-22729 already tried restarting, no success. Contact: hannah.j"
REC-004549,2025-08-02 09:56:47,Need urgent help with performance on Word is extremely slow please fix wifi.
REC-004550,2025-07-04 15:17:47,User sarah.k reported: can't log in to Word need this fixed ASAP.
REC-004551,2025-07-18 09:33:47,User hannah.j reported: the printer at lab room is not working again please fix wifi.
REC-004552,2025-07-01 12:46:47,emma.w submitted a ticket: can't log in to SharePoint please unlock account. Contact: sarah.k
REC-004553,2025-07-04 04:32:47,Need urgent help with the laptop keeps restarting randomly need this fixed ASAP.
REC-004554,2025-08-01 15:42:47,User sofia.g reported: Chrome refuses to start after update colleagues on floor 2 also affected.
REC-004555,2025-06-29 09:46:47,I'm having trouble with performance on Word is extremely slow this is blocking me from completing my tasks.
REC-004556,2025-07-29 16:16:47,Problem encountered: vpn connection drops every few minutes need this fixed asap.
REC-004557,2025-09-09 20:02:47,Need urgent help with excel refuses to start after update pls grant access to shared drive.
REC-004558,2025-09-06 13:05:47,alex.b submitted a ticket: my desktop at HQ showing network timeout need this fixed ASAP. Contact: fatima.z
REC-004559,2025-09-20 13:28:47,Need urgent help with Excel refuses to start after update colleagues on HQ also affected. Contact: john.doe
REC-004560,2025-09-09 04:53:47,"Could you please check OneDrive refuses to start after update already tried restarting, no success."
REC-004561,2025-09-20 17:11:47,"Request for support regarding unable to access SharePoint, request ID #TKT-29897 already tried restarting, no success."
REC-004562,2025-08-13 01:05:47,User li.chen reported: word refuses to start after update this is blocking me from completing my tasks. contact: george.t
REC-004563,2025-09-20 03:51:47,Facing an issue where the printer at datacenter is not working again need this fixed ASAP.
REC-004564,2025-09-14 03:14:47,"Need urgent help with the phone keeps restarting randomly already tried restarting, no success. Contact: george.t"
REC-004565,2025-08-19 11:15:47,Problem encountered: the printer at training hall is not working again this is blocking me from completing my tasks.
REC-004566,2025-06-30 02:25:47,maria.l submitted a ticket: can't log in to PowerPoint causing delays in project work. Contact: olivia.m
REC-004567,2025-07-15 19:46:47,"Request for support regarding can't log in to PowerPoint already tried restarting, no success."
REC-004568,2025-09-03 02:54:47,"Facing an issue where unable to access PowerPoint, request ID #TKT-85560 please grant access to shared drive."
REC-004569,2025-08-07 00:17:47,"Request for support regarding unable to access Outlook, request ID #TKT-54949 this is blocking me from completing my tasks."
REC-004570,2025-09-15 00:27:47,"Could you pls check PowerPoint refuses to start after update already tried restarting, no success."
REC-004571,2025-06-25 02:21:47,Problem encountered: the server keeps restarting randomly this is blocking me from completing my tasks.
REC-004572,2025-07-23 16:20:47,I'm having trouble with performance on SAP is extremely slow please upgrade RAM.
REC-004573,2025-08-08 06:28:47,Problem encountered: can't log in to PowerPoint colleagues on branch office also affected. Contact: nina.b
REC-004574,2025-09-03 18:11:47,User li.chen reported: performance on excel is extremely slow pls fix wifi.
REC-004575,2025-07-22 21:58:47,Could you please check excel refuses to start after update causing delays in project work.
REC-004576,2025-09-23 06:01:47,Need urgent help with the printer at datacenter is not working again colleagues on datacenter also affected.
REC-004577,2025-08-13 17:53:47,Could you please check can't log in to PowerPoint need this fixed ASAP.
REC-004578,2025-07-24 23:03:47,User olivia.m reported: my phone at floor 2 showing access denied this is blocking me from completing my tasks. Contact: maria.l
REC-004579,2025-07-12 18:41:47,mohamed.s submitted a ticket: PowerPoint refuses to start after update this has been happening since yesterday.
REC-004580,2025-09-09 18:13:47,User alex.b reported: can't log in to OneDrive this is blocking me from completing my tasks. Contact: sofia.g
REC-004581,2025-08-07 00:01:47,User youssef.t reported: performance on Slack is extremely slow please replace keyboard.
REC-004582,2025-09-17 06:15:47,Could you pls check my workstation at training hall showing blue screen colleagues on training hall also affected.
REC-004583,2025-08-11 08:41:47,"Request for support regarding the printer at training hall is not working again already tried restarting, no success."
REC-004584,2025-07-17 20:27:47,Facing an issue where VPN connection drops every few minutes this has been happening since yesterday. Contact: youssef.t
REC-004585,2025-09-23 05:43:47,Request for support regarding the printer at HQ is not working again causing delays in project work.
REC-004586,2025-08-27 00:39:47,"paul.r submitted a ticket: the printer at HQ is not working again already tried restarting, no success. Contact: emma.w"
REC-004587,2025-07-15 02:06:47,Problem encountered: VPN connection drops every few minutes colleagues on floor 2 also affected. Contact: youssef.t
REC-004588,2025-07-31 10:52:47,Problem encountered: my tablet at HQ showing printer jam please install Adobe Acrobat.
REC-004589,2025-09-23 20:39:47,Need urgent help with the printer at HQ is not working again colleagues on HQ also affected.
REC-004590,2025-08-04 20:54:47,"Facing an issue where Teams refuses to start after update already tried restarting, no success. Contact: alex.b"
REC-004591,2025-07-01 12:55:47,Could you please check performance on OneDrive is extremely slow need this fixed ASAP.
REC-004592,2025-07-01 22:10:47,I'm having trouble with the printer at lab room is not working again this has been happening since yesterday.
REC-004593,2025-08-20 20:11:47,"maria.l submitted a ticket: unable to access Teams, request ID #TKT-66681 please setup new email account."
REC-004594,2025-06-28 09:13:47,Facing an issue where the printer at HQ is not working again this has been happening since yesterday.
REC-004595,2025-09-13 18:35:47,"Need urgent help with unable to access SAP, request ID #TKT-19355 please reset password. Contact: sarah.k"
REC-004596,2025-08-29 20:50:47,Request for support regarding VPN connection drops every few minutes this has been happening since yesterday. Contact: nina.b
REC-004597,2025-09-05 08:37:47,"Problem encountered: my phone at floor 1 showing blue screen already tried restarting, no success."
REC-004598,2025-07-09 11:14:47,Problem encountered: performance on onedrive is extremely slow please setup new email account. contact: emma.w
REC-004599,2025-08-20 19:36:47,Need urgent help with performance on Slack is extremely slow this has been happening since yesterday.
REC-004600,2025-08-31 05:46:47,"Problem encountered: Slack refuses to start after update already tried restarting, no success."
REC-004601,2025-09-01 17:02:47,Request for support regarding Slack refuses to start after update need this fixed ASAP.
REC-004602,2025-07-15 12:18:47,"Problem encountered: unable to access teams, request id #tkt-36881 already tried restarting, no success. contact: sofia.g"
REC-004603,2025-09-16 01:54:47,Need urgent help with can't log in to Chrome colleagues on lab room also affected.
REC-004604,2025-07-27 14:38:47,Could you please check performance on slack is extremely slow please install adobe acrobat. contact: nina.b
REC-004605,2025-09-14 06:02:47,I'm having trouble with my workstation at datacenter showing blue screen colleagues on datacenter also affected.
REC-004606,2025-07-31 00:22:47,Problem encountered: the tablet keeps restarting randomly pls install Adobe Acrobat.
REC-004607,2025-06-30 21:04:47,"Could you please check the printer at training hall is not working again already tried restarting, no success."
REC-004608,2025-06-25 17:02:47,I'm having trouble with the desktop keeps restarting randomly causing delays in project work.
REC-004609,2025-09-11 17:46:47,"Need urgent help with unable to access SAP, request ID #TKT-25305 already tried restarting, no success."
REC-004610,2025-09-11 23:43:47,User youssef.t reported: the printer at lab room is not working again this has been happening since yesterday. Contact: alex.b
REC-004611,2025-08-23 09:44:47,Problem encountered: the printer at branch office is not working again this is blocking me from completing my tasks.
REC-004612,2025-08-18 11:49:47,Could you please check VPN connection drops every few minutes please unlock account.
REC-004613,2025-09-06 22:58:47,Need urgent help with Outlook refuses to start after update colleagues on floor 1 also affected.
REC-004614,2025-06-28 11:27:47,"Need urgent help with SAP refuses to start after update already tried restarting, no success. Contact: george.t"
REC-004615,2025-07-06 16:04:47,"User maria.l reported: unable to access Teams, request ID #TKT-67852 this is blocking me from completing my tasks."
REC-004616,2025-07-23 06:56:47,"User alex.b reported: my laptop at branch office showing not responding already tried restarting, no success. Contact: ahmed.h"
REC-004617,2025-08-17 05:53:47,"User mohamed.s reported: my workstation at floor 1 showing printer jam already tried restarting, no success."
REC-004618,2025-08-18 00:36:47,I'm having trouble with the printer at floor 1 is not working again please fix wifi. contact: fatima.z
REC-004619,2025-08-19 20:38:47,ahmed.h submitted a ticket: my phone at lab room showing unknown host need this fixed ASAP. Contact: ahmed.h
REC-004620,2025-09-08 05:50:47,Need urgent help with the printer at lab room is not working again colleagues on lab room also affected.
REC-004621,2025-06-28 02:59:47,User john.doe reported: the workstation keeps restarting randomly need this fixed ASAP.
REC-004622,2025-07-27 11:18:47,Facing an issue where VPN connection drops every few minutes causing delays in project work.
REC-004623,2025-09-20 05:15:47,Maria.l submitted a ticket: vpn connection drops every few minutes this has been happening since yesterday. contact: ahmed.h
REC-004624,2025-09-18 18:07:47,"Problem encountered: unable to access SAP, request ID #TKT-72330 already tried restarting, no success."
REC-004625,2025-08-21 19:07:47,I'm having trouble with the printer at floor 1 is not working again causing delays in project work.
REC-004626,2025-08-13 02:36:47,User youssef.t reported: can't log in to Jira colleagues on remote also affected.
REC-004627,2025-09-16 15:14:47,"Need urgent help with can't log in to SharePoint already tried restarting, no success. Contact: paul.r"
REC-004628,2025-06-28 23:35:47,Facing an issue where performance on chrome is extremely slow need this fixed asap. contact: david.p
REC-004629,2025-06-27 02:01:47,Problem encountered: the printer at floor 2 is not working again need this fixed asap. contact: sofia.g
REC-004630,2025-07-24 05:07:47,Problem encountered: the printer at lab room is not working again need this fixed ASAP. Contact: alex.b
REC-004631,2025-06-25 14:32:47,Problem encountered: performance on Teams is extremely slow this is blocking me from completing my tasks.
REC-004632,2025-07-02 14:54:47,User mohamed.s reported: the phone keeps restarting randomly this is blocking me from completing my tasks. Contact: olivia.m
REC-004633,2025-07-19 14:20:47,Request for support regarding VPN connection drops every few minutes this has been happening since yesterday.
REC-004634,2025-08-26 09:25:47,User hannah.j reported: VPN connection drops every few minutes this has been happening since yesterday.
REC-004635,2025-07-22 07:03:47,User john.doe reported: performance on Zoom is extremely slow this has been happening since yesterday.
REC-004636,2025-08-04 19:26:47,Problem encountered: performance on Word is extremely slow this has been happening since yesterday.
REC-004637,2025-09-04 21:20:47,Problem encountered: my desktop at floor 1 showing blue screen this is blocking me from completing my tasks.
REC-004638,2025-08-27 21:44:47,I'm having trouble with my phone at floor 2 showing disk full colleagues on floor 2 also affected. Contact: youssef.t
REC-004639,2025-08-17 09:16:47,Request for support regarding the printer at floor 2 is not working again need this fixed ASAP. Contact: li.chen
REC-004640,2025-09-19 14:36:47,Need urgent help with the tablet keeps restarting randomly this is blocking me from completing my tasks.
REC-004641,2025-09-07 19:07:47,Need urgent help with VPN connection drops every few minutes this has been happening since yesterday. Contact: mohamed.s
REC-004642,2025-07-22 19:10:47,Could you please check Excel refuses to start after update this is blocking me from completing my tasks.
REC-004643,2025-09-13 09:39:47,"Facing an issue where unable to access Chrome, request ID #TKT-45750 causing delays in project work."
REC-004644,2025-08-09 17:49:47,Facing an issue where performance on Teams is extremely slow colleagues on training hall also affected. Contact: alex.b
REC-004645,2025-09-19 09:11:47,paul.r submitted a ticket: Outlook refuses to start after update this has been happening since yesterday.
REC-004646,2025-07-03 17:21:47,hannah.j submitted a ticket: performance on Outlook is extremely slow this has been happening since yesterday.
REC-004647,2025-08-11 15:02:47,john.doe submitted a ticket: performance on PowerPoint is extremely slow causing delays in project work.
REC-004648,2025-07-03 19:38:47,"Request for support regarding the printer at floor 1 is not working again already tried restarting, no success."
REC-004649,2025-07-19 07:50:47,john.doe submitted a ticket: Word refuses to start after update colleagues on HQ also affected.
REC-004650,2025-08-12 03:19:47,Could you please check the desktop keeps restarting randomly this has been happening since yesterday. Contact: sofia.g
REC-004651,2025-07-27 14:15:47,Need urgent help with the phone keeps restarting randomly colleagues on floor 3 also affected.
REC-004652,2025-09-10 18:53:47,"Problem encountered: the desktop keeps restarting randomly already tried restarting, no success."
REC-004653,2025-06-27 14:30:47,"Facing an issue where my workstation at remote showing not responding already tried restarting, no success. Contact: mohamed.s"
REC-004654,2025-08-04 11:27:47,I'm having trouble with my server at HQ showing blue screen need this fixed ASAP.
REC-004655,2025-07-20 00:37:47,"I'm having trouble with unable to access Outlook, request ID #TKT-69909 please upgrade RAM."
REC-004656,2025-08-18 20:28:47,I'm having trouble with performance on Chrome is extremely slow colleagues on training hall also affected. Contact: paul.r
REC-004657,2025-07-14 00:14:47,Facing an issue where VPN connection drops every few minutes need this fixed ASAP.
REC-004658,2025-08-12 06:36:47,"Facing an issue where the printer at lab room is not working again already tried restarting, no success."
REC-004659,2025-09-03 11:35:47,Request for support regarding the printer at hq is not working again colleagues on hq also affected.
REC-004660,2025-09-15 04:38:47,Request for support regarding VPN connection drops every few minutes pls reset password.
REC-004661,2025-07-22 00:16:47,User george.t reported: powerpoint refuses to start after update causing delays in project work.
REC-004662,2025-07-02 05:28:47,"Problem encountered: unable to access Zoom, request ID #TKT-28501 need this fixed ASAP."
REC-004663,2025-07-15 02:34:47,I'm having trouble with can't log in to Teams this is blocking me from completing my tasks.
REC-004664,2025-09-07 16:34:47,I'm having trouble with can't log in to Jira causing delays in project work. Contact: david.p
REC-004665,2025-07-07 01:50:47,I'm having trouble with the printer at training hall is not working again this has been happening since yesterday. Contact: hannah.j
REC-004666,2025-08-18 22:49:47,Facing an issue where Outlook refuses to start after update this is blocking me from completing my tasks.
REC-004667,2025-07-01 06:50:47,Could you pls check performance on excel is extremely slow need this fixed asap. contact: george.t
REC-004668,2025-09-18 03:59:47,Request for support regarding performance on Zoom is extremely slow this is blocking me from completing my tasks. Contact: olivia.m
REC-004669,2025-07-12 11:11:47,User john.doe reported: performance on SharePoint is extremely slow please fix wifi.
REC-004670,2025-07-28 03:56:47,Facing an issue where can't log in to excel colleagues on remote also affected.
REC-004671,2025-08-02 13:44:47,Could you please check VPN connection drops every few minutes this is blocking me from completing my tasks.
REC-004672,2025-06-26 08:04:47,Problem encountered: can't log in to Outlook pls upgrade RAM. Contact: maria.l
REC-004673,2025-08-01 05:58:47,emma.w submitted a ticket: my server at lab room showing error code 720 this has been happening since yesterday.
REC-004674,2025-09-07 16:59:47,"Facing an issue where unable to access Slack, request ID #TKT-20605 already tried restarting, no success."
REC-004675,2025-09-06 04:57:47,Request for support regarding vpn connection drops every few minutes colleagues on lab room also affected. contact: olivia.m
REC-004676,2025-08-28 12:45:47,Need urgent help with can't log in to OneDrive this has been happening since yesterday.
REC-004677,2025-07-18 23:33:47,"john.doe submitted a ticket: unable to access Slack, request ID #TKT-21696 colleagues on remote also affected. Contact: nina.b"
REC-004678,2025-07-02 15:42:47,User fatima.z reported: my workstation at HQ showing access denied causing delays in project work. Contact: olivia.m
REC-004679,2025-08-24 01:42:47,"Facing an issue where my desktop at floor 1 showing access denied already tried restarting, no success."
REC-004680,2025-08-31 07:45:47,"User mohamed.s reported: the server keeps restarting randomly already tried restarting, no success. Contact: george.t"
REC-004681,2025-06-25 21:48:47,Facing an issue where the phone keeps restarting randomly need this fixed ASAP.
REC-004682,2025-07-08 11:53:47,Problem encountered: my workstation at HQ showing unknown host need this fixed ASAP.
REC-004683,2025-09-01 08:43:47,I'm having trouble with can't log in to outlook causing delays in project work. contact: nina.b
REC-004684,2025-08-02 07:49:47,Could you please check my phone at branch office showing unknown host need this fixed ASAP.
REC-004685,2025-07-23 22:06:47,Request for support regarding the phone keeps restarting randomly need this fixed ASAP.
REC-004686,2025-09-09 00:47:47,Need urgent help with my phone at hq showing disk full please upgrade ram.
REC-004687,2025-08-17 11:16:47,User youssef.t reported: can't log in to OneDrive colleagues on training hall also affected.
REC-004688,2025-07-13 10:07:47,emma.w submitted a ticket: performance on Chrome is extremely slow colleagues on training hall also affected. Contact: john.doe
REC-004689,2025-07-19 15:06:47,"Problem encountered: my laptop at datacenter showing error code 720 already tried restarting, no success. Contact: ahmed.h"
REC-004690,2025-08-13 12:25:47,I'm having trouble with can't log in to Outlook need this fixed ASAP.
REC-004691,2025-06-28 19:30:47,Need urgent help with performance on Chrome is extremely slow this has been happening since yesterday.
REC-004692,2025-08-23 07:59:47,Need urgent help with my tablet at floor 1 showing not responding please reset password.
REC-004693,2025-08-04 01:36:47,Need urgent help with can't log in to OneDrive need this fixed ASAP.
REC-004694,2025-08-20 05:14:47,Problem encountered: the workstation keeps restarting randomly this is blocking me from completing my tasks.
REC-004695,2025-07-10 12:05:47,User ahmed.h reported: PowerPoint refuses to start after update need this fixed ASAP.
REC-004696,2025-08-24 12:29:47,Request for support regarding the phone keeps restarting randomly this has been happening since yesterday.
REC-004697,2025-08-30 13:07:47,sofia.g submitted a ticket: the printer at branch office is not working again this has been happening since yesterday. Contact: olivia.m
REC-004698,2025-07-08 11:20:47,Facing an issue where the printer at branch office is not working again this has been happening since yesterday. Contact: li.chen
REC-004699,2025-08-23 22:37:47,User emma.w reported: performance on outlook is extremely slow causing delays in project work.
REC-004700,2025-09-09 19:09:47,"Problem encountered: the printer at HQ is not working again already tried restarting, no success."
REC-004701,2025-08-06 04:21:47,"User fatima.z reported: unable to access SAP, request ID #TKT-18690 this has been happening since yesterday."
REC-004702,2025-07-11 21:33:47,Need urgent help with Jira refuses to start after update this has been happening since yesterday.
REC-004703,2025-09-04 07:57:47,Need urgent help with the printer at datacenter is not working again need this fixed ASAP. Contact: olivia.m
REC-004704,2025-08-18 17:57:47,"Could you please check unable to access OneDrive, request ID #TKT-56617 need this fixed ASAP. Contact: sarah.k"
REC-004705,2025-09-06 02:06:47,User nina.b reported: my tablet at floor 2 showing unknown host this is blocking me from completing my tasks.
REC-004706,2025-08-08 06:41:47,User alex.b reported: Outlook refuses to start after update colleagues on floor 1 also affected.
REC-004707,2025-06-29 09:22:47,User david.p reported: Teams refuses to start after update causing delays in project work. Contact: maria.l
REC-004708,2025-08-10 21:25:47,"Request for support regarding performance on Word is extremely slow already tried restarting, no success."
REC-004709,2025-08-22 02:28:47,Problem encountered: the printer at branch office is not working again causing delays in project work.
REC-004710,2025-09-21 02:11:47,Could you pls check the phone keeps restarting randomly causing delays in project work. Contact: ahmed.h
REC-004711,2025-07-03 12:37:47,Problem encountered: the printer at branch office is not working again please install VPN client.
REC-004712,2025-09-14 00:53:47,"Problem encountered: the tablet keeps restarting randomly already tried restarting, no success."
REC-004713,2025-09-11 02:06:47,User sarah.k reported: Outlook refuses to start after update this is blocking me from completing my tasks.
REC-004714,2025-07-12 22:33:47,Facing an issue where my desktop at remote showing access denied this has been happening since yesterday.
REC-004715,2025-07-06 03:16:47,User maria.l reported: SharePoint refuses to start after update please unlock account. Contact: emma.w
REC-004716,2025-09-02 02:54:47,Problem encountered: VPN connection drops every few minutes need this fixed ASAP. Contact: youssef.t
REC-004717,2025-09-08 15:11:47,Request for support regarding performance on sap is extremely slow this is blocking me from completing my tasks. contact: george.t
REC-004718,2025-07-17 23:13:47,li.chen submitted a ticket: SAP refuses to start after update colleagues on floor 1 also affected.
REC-004719,2025-07-23 16:42:47,Need urgent help with the printer at floor 2 is not working again colleagues on floor 2 also affected.
REC-004720,2025-09-01 17:09:47,User nina.b reported: VPN connection drops every few minutes this is blocking me from completing my tasks.
REC-004721,2025-09-08 06:11:47,Problem encountered: the phone keeps restarting randomly causing delays in project work.
REC-004722,2025-09-20 14:23:47,"Facing an issue where vpn connection drops every few minutes already tried restarting, no success."
REC-004723,2025-09-23 00:10:47,Request for support regarding performance on PowerPoint is extremely slow this has been happening since yesterday.
REC-004724,2025-09-08 17:52:47,"I'm having trouble with the printer at datacenter is not working again already tried restarting, no success."
REC-004725,2025-07-19 19:59:47,"Request for support regarding my workstation at datacenter showing error code 720 already tried restarting, no success."
REC-004726,2025-08-27 01:17:47,Facing an issue where OneDrive refuses to start after update this is blocking me from completing my tasks.
REC-004727,2025-07-23 05:01:47,Request for support regarding the workstation keeps restarting randomly this is blocking me from completing my tasks. Contact: olivia.m
REC-004728,2025-09-10 09:58:47,I'm having trouble with performance on Teams is extremely slow this has been happening since yesterday. Contact: fatima.z
REC-004729,2025-07-04 12:57:47,Request for support regarding my phone at remote showing disk full colleagues on remote also affected. Contact: fatima.z
REC-004730,2025-07-22 15:32:47,User sarah.k reported: VPN connection drops every few minutes this has been happening since yesterday.
REC-004731,2025-08-28 00:55:47,Problem encountered: the printer at lab room is not working again colleagues on lab room also affected. Contact: li.chen
REC-004732,2025-06-25 08:59:47,Problem encountered: Excel refuses to start after update this is blocking me from completing my tasks.
REC-004733,2025-07-31 14:25:47,I'm having trouble with VPN connection drops every few minutes colleagues on floor 1 also affected.
REC-004734,2025-07-12 02:31:47,"Could you please check the printer at remote is not working again already tried restarting, no success."
REC-004735,2025-08-31 07:51:47,Facing an issue where my desktop at lab room showing unknown host please fix wifi. Contact: olivia.m
REC-004736,2025-09-23 16:26:47,User mohamed.s reported: can't log in to Teams causing delays in project work. Contact: paul.r
REC-004737,2025-08-31 02:11:47,"Problem encountered: unable to access Slack, request ID #TKT-14948 this is blocking me from completing my tasks. Contact: ahmed.h"
REC-004738,2025-07-22 06:24:47,"Could you please check unable to access PowerPoint, request ID #TKT-15312 need this fixed ASAP."
REC-004739,2025-06-28 02:25:47,"I'm having trouble with unable to access Chrome, request ID #TKT-21133 please install Adobe Acrobat. Contact: ahmed.h"
REC-004740,2025-08-21 03:15:47,I'm having trouble with VPN connection drops every few minutes this has been happening since yesterday. Contact: david.p
REC-004741,2025-09-09 19:25:47,Problem encountered: the server keeps restarting randomly this is blocking me from completing my tasks.
REC-004742,2025-07-16 14:56:47,"Need urgent help with unable to access SharePoint, request ID #TKT-99200 causing delays in project work."
REC-004743,2025-07-20 23:53:47,mohamed.s submitted a ticket: my laptop at branch office showing blue screen this has been happening since yesterday.
REC-004744,2025-07-07 03:53:47,"I'm having trouble with Zoom refuses to start after update already tried restarting, no success."
REC-004745,2025-07-25 07:36:47,Facing an issue where Word refuses to start after update need this fixed ASAP.
REC-004746,2025-09-18 01:30:47,User ahmed.h reported: Word refuses to start after update please install VPN client. Contact: george.t
REC-004747,2025-09-18 18:37:47,Problem encountered: the printer at lab room is not working again this has been happening since yesterday. Contact: mohamed.s
REC-004748,2025-08-24 07:37:47,"Request for support regarding unable to access OneDrive, request ID #TKT-76818 this is blocking me from completing my tasks."
REC-004749,2025-09-13 12:54:47,I'm having trouble with the tablet keeps restarting randomly causing delays in project work. Contact: emma.w
REC-004750,2025-07-25 11:58:47,I'm having trouble with can't log in to Excel this has been happening since yesterday.
REC-004751,2025-09-05 15:26:47,"User mohamed.s reported: chrome refuses to start after update already tried restarting, no success."
REC-004752,2025-07-11 19:59:47,Problem encountered: can't log in to sharepoint need this fixed asap.
REC-004753,2025-07-28 08:56:47,Problem encountered: can't log in to Word causing delays in project work. Contact: sofia.g
REC-004754,2025-08-18 01:12:47,"Could you pls check unable to access Zoom, request ID #TKT-85848 this is blocking me from completing my tasks."
REC-004755,2025-08-03 12:50:47,Need urgent help with my workstation at floor 2 showing access denied colleagues on floor 2 also affected.
REC-004756,2025-08-07 17:24:47,Could you please check the laptop keeps restarting randomly need this fixed ASAP. Contact: youssef.t
REC-004757,2025-09-16 01:42:47,I'm having trouble with can't log in to Teams need this fixed ASAP.
REC-004758,2025-07-08 13:24:47,George.t submitted a ticket: my workstation at lab room showing blue screen this is blocking me from completing my tasks.
REC-004759,2025-08-01 02:43:47,"User khaled.a reported: SAP refuses to start after update already tried restarting, no success. Contact: george.t"
REC-004760,2025-07-21 13:29:47,paul.r submitted a ticket: Jira refuses to start after update this has been happening since yesterday.
REC-004761,2025-07-15 02:19:47,Request for support regarding the printer at floor 1 is not working again this is blocking me from completing my tasks.
REC-004762,2025-09-10 02:08:47,Need urgent help with the printer at floor 1 is not working again this is blocking me from completing my tasks.
REC-004763,2025-09-04 01:37:47,Facing an issue where performance on sharepoint is extremely slow colleagues on hq also affected.
REC-004764,2025-09-05 07:16:47,"ahmed.h submitted a ticket: unable to access OneDrive, request ID #TKT-65882 need this fixed ASAP. Contact: john.doe"
REC-004765,2025-09-17 22:04:47,ahmed.h submitted a ticket: the laptop keeps restarting randomly need this fixed ASAP.
REC-004766,2025-08-13 23:03:47,"I'm having trouble with unable to access SAP, request ID #TKT-90861 causing delays in project work. Contact: li.chen"
REC-004767,2025-07-17 15:06:47,"Request for support regarding the server keeps restarting randomly already tried restarting, no success. Contact: david.p"
REC-004768,2025-09-01 21:51:47,olivia.m submitted a ticket: the printer at lab room is not working again this is blocking me from completing my tasks.
REC-004769,2025-08-26 12:29:47,Request for support regarding the printer at datacenter is not working again causing delays in project work.
REC-004770,2025-09-08 18:42:47,Need urgent help with performance on Word is extremely slow colleagues on datacenter also affected. Contact: emma.w
REC-004771,2025-08-12 04:43:47,"Could you please check unable to access Teams, request ID #TKT-51708 this is blocking me from completing my tasks."
REC-004772,2025-09-13 11:57:47,I'm having trouble with my desktop at remote showing blue screen causing delays in project work.
REC-004773,2025-07-19 22:30:47,"Problem encountered: unable to access Word, request ID #TKT-53813 already tried restarting, no success."
REC-004774,2025-08-26 08:22:47,Request for support regarding Jira refuses to start after update causing delays in project work. Contact: fatima.z
REC-004775,2025-08-15 04:45:47,Need urgent help with the tablet keeps restarting randomly this is blocking me from completing my tasks. Contact: george.t
REC-004776,2025-09-09 21:29:47,Could you pls check VPN connection drops every few minutes pls install VPN client.
REC-004777,2025-07-11 05:19:47,Need urgent help with performance on Slack is extremely slow please unlock account.
REC-004778,2025-09-05 01:16:47,Could you please check the printer at floor 2 is not working again causing delays in project work.
REC-004779,2025-07-22 05:31:47,Need urgent help with Chrome refuses to start after update this has been happening since yesterday.
REC-004780,2025-09-04 23:44:47,"Could you pls check unable to access Jira, request ID #TKT-68163 pls setup new email account."
REC-004781,2025-07-10 05:56:47,"User khaled.a reported: my tablet at datacenter showing access denied already tried restarting, no success."
REC-004782,2025-07-31 11:26:47,Could you please check excel refuses to start after update colleagues on datacenter also affected. contact: david.p
REC-004783,2025-09-05 06:08:47,Need urgent help with Chrome refuses to start after update this has been happening since yesterday. Contact: olivia.m
REC-004784,2025-09-04 20:32:47,I'm having trouble with performance on SAP is extremely slow colleagues on datacenter also affected. Contact: sarah.k
REC-004785,2025-08-14 23:57:47,Facing an issue where the phone keeps restarting randomly colleagues on remote also affected. Contact: nina.b
REC-004786,2025-06-29 00:56:47,"Facing an issue where unable to access Outlook, request ID #TKT-40706 causing delays in project work."
REC-004787,2025-07-22 08:49:47,Facing an issue where the server keeps restarting randomly colleagues on HQ also affected.
REC-004788,2025-07-12 18:58:47,"I'm having trouble with unable to access Excel, request ID #TKT-47364 already tried restarting, no success."
REC-004789,2025-07-19 23:21:47,Need urgent help with my laptop at training hall showing unknown host colleagues on training hall also affected.
REC-004790,2025-08-06 11:12:47,Request for support regarding the printer at floor 1 is not working again this has been happening since yesterday. Contact: alex.b
REC-004791,2025-08-14 06:16:47,"li.chen submitted a ticket: can't log in to OneDrive already tried restarting, no success."
REC-004792,2025-08-12 01:19:47,Need urgent help with Excel refuses to start after update need this fixed ASAP.
REC-004793,2025-07-11 05:53:47,User paul.r reported: performance on Outlook is extremely slow pls setup new email account. Contact: fatima.z
REC-004794,2025-07-26 02:19:47,"Need urgent help with unable to access Chrome, request ID #TKT-49342 causing delays in project work. Contact: john.doe"
REC-004795,2025-07-05 16:01:47,"Could you please check unable to access Jira, request ID #TKT-44376 colleagues on branch office also affected. Contact: olivia.m"
REC-004796,2025-08-21 05:32:47,Problem encountered: can't log in to Zoom causing delays in project work.
REC-004797,2025-06-29 03:52:47,Problem encountered: my server at floor 3 showing network timeout this is blocking me from completing my tasks.
REC-004798,2025-08-31 00:56:47,"User nina.b reported: unable to access Word, request ID #TKT-39047 this has been happening since yesterday. Contact: sofia.g"
REC-004799,2025-08-28 01:35:47,"User olivia.m reported: unable to access Slack, request ID #TKT-82627 colleagues on datacenter also affected. Contact: sofia.g"
REC-004800,2025-07-26 13:54:47,I'm having trouble with can't log in to Teams please replace keyboard. Contact: fatima.z
REC-004801,2025-08-23 13:43:47,I'm having trouble with VPN connection drops every few minutes colleagues on branch office also affected. Contact: emma.w
REC-004802,2025-08-15 10:09:47,Could you please check VPN connection drops every few minutes this has been happening since yesterday.
REC-004803,2025-08-15 09:17:47,I'm having trouble with the printer at remote is not working again need this fixed ASAP. Contact: youssef.t
REC-004804,2025-08-02 03:46:47,Facing an issue where the tablet keeps restarting randomly this is blocking me from completing my tasks.
REC-004805,2025-08-05 16:49:47,"Request for support regarding VPN connection drops every few minutes already tried restarting, no success. Contact: emma.w"
REC-004806,2025-08-02 05:46:47,"Facing an issue where unable to access OneDrive, request ID #TKT-13392 already tried restarting, no success."
REC-004807,2025-07-17 03:49:47,I'm having trouble with performance on SharePoint is extremely slow this has been happening since yesterday.
REC-004808,2025-08-26 23:30:47,"Request for support regarding the server keeps restarting randomly already tried restarting, no success. Contact: sarah.k"
REC-004809,2025-08-13 02:27:47,User maria.l reported: my server at floor 1 showing disk full this has been happening since yesterday.
REC-004810,2025-08-02 04:17:47,"Problem encountered: OneDrive refuses to start after update already tried restarting, no success. Contact: olivia.m"
REC-004811,2025-07-14 08:19:47,"emma.w submitted a ticket: unable to access PowerPoint, request ID #TKT-62660 this has been happening since yesterday."
REC-004812,2025-07-05 23:22:47,Request for support regarding my desktop at training hall showing blue screen please reset password.
REC-004813,2025-07-30 22:07:47,Facing an issue where VPN connection drops every few minutes please replace keyboard. Contact: alex.b
REC-004814,2025-07-08 10:42:47,"Need urgent help with unable to access SAP, request ID #TKT-51450 need this fixed ASAP. Contact: sofia.g"
REC-004815,2025-07-14 02:28:47,Request for support regarding performance on PowerPoint is extremely slow colleagues on HQ also affected.
REC-004816,2025-08-13 21:24:47,User maria.l reported: my workstation at remote showing printer jam this has been happening since yesterday.
REC-004817,2025-08-29 17:15:47,Facing an issue where the printer at floor 1 is not working again colleagues on floor 1 also affected.
REC-004818,2025-07-02 17:47:47,Need urgent help with the server keeps restarting randomly this is blocking me from completing my tasks.
REC-004819,2025-07-20 13:50:47,Problem encountered: Jira refuses to start after update this has been happening since yesterday.
REC-004820,2025-07-21 03:44:47,Request for support regarding my laptop at datacenter showing network timeout this is blocking me from completing my tasks.
REC-004821,2025-09-14 20:58:47,Problem encountered: the printer at datacenter is not working again causing delays in project work. Contact: olivia.m
REC-004822,2025-06-25 13:17:47,I'm having trouble with vpn connection drops every few minutes this has been happening since yesterday.
REC-004823,2025-07-18 10:06:47,User youssef.t reported: the printer at training hall is not working again causing delays in project work.
REC-004824,2025-08-12 20:33:47,I'm having trouble with can't log in to outlook colleagues on remote also affected. contact: ahmed.h
REC-004825,2025-09-22 10:30:47,"Need urgent help with unable to access Outlook, request ID #TKT-68688 this has been happening since yesterday."
REC-004826,2025-07-02 13:20:47,"I'm having trouble with my phone at lab room showing access denied already tried restarting, no success."
REC-004827,2025-07-17 13:13:47,Facing an issue where the server keeps restarting randomly causing delays in project work.
REC-004828,2025-08-22 01:18:47,Could you pls check performance on zoom is extremely slow this is blocking me from completing my tasks. contact: david.p
REC-004829,2025-08-26 15:50:47,"Need urgent help with VPN connection drops every few minutes already tried restarting, no success."
REC-004830,2025-07-10 22:22:47,Could you please check performance on Outlook is extremely slow colleagues on HQ also affected.
REC-004831,2025-09-06 04:37:47,I'm having trouble with can't log in to Teams colleagues on lab room also affected.
REC-004832,2025-06-25 12:15:47,Problem encountered: my workstation at floor 1 showing printer jam this is blocking me from completing my tasks.
REC-004833,2025-09-22 21:28:47,"Need urgent help with the server keeps restarting randomly already tried restarting, no success."
REC-004834,2025-08-19 19:32:47,"Could you please check unable to access SharePoint, request ID #TKT-17034 colleagues on datacenter also affected."
REC-004835,2025-07-01 20:25:47,"I'm having trouble with can't log in to jira already tried restarting, no success."
REC-004836,2025-07-16 21:57:47,User ahmed.h reported: SharePoint refuses to start after update colleagues on remote also affected.
REC-004837,2025-09-07 21:28:47,Problem encountered: can't log in to Word this is blocking me from completing my tasks.
REC-004838,2025-07-13 06:45:47,"Facing an issue where the printer at floor 2 is not working again already tried restarting, no success. Contact: olivia.m"
REC-004839,2025-08-24 03:52:47,User khaled.a reported: the laptop keeps restarting randomly this is blocking me from completing my tasks. Contact: maria.l
REC-004840,2025-06-27 06:58:47,Facing an issue where can't log in to Excel need this fixed ASAP.
REC-004841,2025-07-30 08:01:47,I'm having trouble with VPN connection drops every few minutes causing delays in project work.
REC-004842,2025-07-14 16:43:47,"Request for support regarding unable to access Excel, request ID #TKT-14726 colleagues on remote also affected. Contact: john.doe"
REC-004843,2025-08-09 21:18:47,Request for support regarding my phone at training hall showing not responding causing delays in project work. Contact: youssef.t
REC-004844,2025-08-27 01:12:47,Need urgent help with can't log in to OneDrive colleagues on HQ also affected.
REC-004845,2025-06-27 11:20:47,Problem encountered: can't log in to Zoom this has been happening since yesterday.
REC-004846,2025-07-21 22:17:47,Request for support regarding VPN connection drops every few minutes this has been happening since yesterday.
REC-004847,2025-06-28 16:04:47,Need urgent help with performance on PowerPoint is extremely slow this is blocking me from completing my tasks.
REC-004848,2025-08-22 07:48:47,I'm having trouble with can't log in to SAP this is blocking me from completing my tasks.
REC-004849,2025-07-13 23:47:47,Could you pls check Zoom refuses to start after update need this fixed ASAP.
REC-004850,2025-07-23 09:16:47,Problem encountered: the tablet keeps restarting randomly colleagues on hq also affected. contact: george.t
REC-004851,2025-07-22 21:48:47,Problem encountered: the printer at floor 2 is not working again this has been happening since yesterday.
REC-004852,2025-08-29 11:43:47,Request for support regarding vpn connection drops every few minutes colleagues on remote also affected.
REC-004853,2025-09-22 07:09:47,fatima.z submitted a ticket: VPN connection drops every few minutes colleagues on floor 1 also affected. Contact: sarah.k
REC-004854,2025-07-25 23:50:47,"Facing an issue where the printer at floor 3 is not working again already tried restarting, no success. contact: olivia.m"
REC-004855,2025-07-05 04:47:47,Request for support regarding my server at branch office showing access denied please setup new email account.
REC-004856,2025-07-10 23:18:47,"olivia.m submitted a ticket: unable to access PowerPoint, request ID #TKT-70595 colleagues on datacenter also affected."
REC-004857,2025-07-01 13:56:47,Problem encountered: PowerPoint refuses to start after update please unlock account.
REC-004858,2025-08-16 21:11:47,Facing an issue where vpn connection drops every few minutes please setup new email account.
REC-004859,2025-08-12 16:19:47,alex.b submitted a ticket: performance on Excel is extremely slow this is blocking me from completing my tasks.
REC-004860,2025-09-23 14:19:47,Could you please check the printer at lab room is not working again causing delays in project work.
REC-004861,2025-06-29 06:01:47,Request for support regarding Word refuses to start after update this has been happening since yesterday.
REC-004862,2025-09-02 07:22:47,Need urgent help with Excel refuses to start after update please unlock account.
REC-004863,2025-07-08 01:20:47,Need urgent help with performance on powerpoint is extremely slow causing delays in project work.
REC-004864,2025-06-27 21:12:47,Request for support regarding can't log in to Slack need this fixed ASAP.
REC-004865,2025-08-12 04:09:47,george.t submitted a ticket: the printer at training hall is not working again causing delays in project work. Contact: george.t
REC-004866,2025-09-16 02:59:47,User maria.l reported: my phone at remote showing access denied this is blocking me from completing my tasks.
REC-004867,2025-07-07 07:39:47,li.chen submitted a ticket: my desktop at remote showing not responding this is blocking me from completing my tasks.
REC-004868,2025-09-09 09:48:47,Could you pls check PowerPoint refuses to start after update colleagues on lab room also affected.
REC-004869,2025-08-07 08:13:47,Hannah.j submitted a ticket: vpn connection drops every few minutes this has been happening since yesterday.
REC-004870,2025-07-08 02:35:47,sarah.k submitted a ticket: can't log in to Slack causing delays in project work.
REC-004871,2025-07-29 10:09:47,Need urgent help with my desktop at floor 3 showing error code 720 please install Adobe Acrobat.
REC-004872,2025-07-01 21:18:47,I'm having trouble with the server keeps restarting randomly need this fixed ASAP.
REC-004873,2025-09-21 05:24:47,User hannah.j reported: performance on Jira is extremely slow please unlock account.
REC-004874,2025-07-20 15:47:47,Need urgent help with VPN connection drops every few minutes this has been happening since yesterday.
REC-004875,2025-08-23 05:46:47,I'm having trouble with the server keeps restarting randomly this has been happening since yesterday.
REC-004876,2025-07-18 02:35:47,Need urgent help with the printer at training hall is not working again need this fixed ASAP. Contact: alex.b
REC-004877,2025-08-19 04:12:47,"I'm having trouble with the printer at lab room is not working again already tried restarting, no success."
REC-004878,2025-08-27 00:40:47,Need urgent help with the printer at training hall is not working again please replace keyboard. Contact: mohamed.s
REC-004879,2025-09-03 23:21:47,Fatima.z submitted a ticket: can't log in to excel this has been happening since yesterday.
REC-004880,2025-07-13 13:14:47,sarah.k submitted a ticket: performance on Slack is extremely slow this has been happening since yesterday.
REC-004881,2025-06-27 08:48:47,I'm having trouble with can't log in to Excel need this fixed ASAP. Contact: ahmed.h
REC-004882,2025-09-06 21:53:47,Facing an issue where can't log in to Word please install Adobe Acrobat.
REC-004883,2025-09-07 02:25:47,User li.chen reported: my workstation at branch office showing disk full causing delays in project work.
REC-004884,2025-07-25 09:45:47,Problem encountered: my workstation at remote showing not responding please fix wifi.
REC-004885,2025-09-05 00:38:47,I'm having trouble with vpn connection drops every few minutes this is blocking me from completing my tasks.
REC-004886,2025-08-28 13:30:47,I'm having trouble with can't log in to Outlook this has been happening since yesterday.
REC-004887,2025-09-19 04:49:47,khaled.a submitted a ticket: Word refuses to start after update this is blocking me from completing my tasks.
REC-004888,2025-08-24 10:47:47,"Request for support regarding unable to access Teams, request ID #TKT-60868 this has been happening since yesterday. Contact: youssef.t"
REC-004889,2025-08-08 15:57:47,Problem encountered: the desktop keeps restarting randomly please replace keyboard.
REC-004890,2025-08-06 02:25:47,john.doe submitted a ticket: the printer at branch office is not working again this is blocking me from completing my tasks.
REC-004891,2025-08-06 08:32:47,Could you please check VPN connection drops every few minutes causing delays in project work. Contact: george.t
REC-004892,2025-07-14 16:42:47,Problem encountered: performance on Jira is extremely slow causing delays in project work.
REC-004893,2025-08-15 13:05:47,Facing an issue where my tablet at floor 2 showing unknown host colleagues on floor 2 also affected.
REC-004894,2025-07-08 15:37:47,"Problem encountered: the printer at floor 2 is not working again already tried restarting, no success."
REC-004895,2025-09-02 16:09:47,User george.t reported: the printer at floor 1 is not working again need this fixed ASAP. Contact: youssef.t
REC-004896,2025-07-28 00:02:47,Problem encountered: Zoom refuses to start after update this is blocking me from completing my tasks.
REC-004897,2025-09-06 08:21:47,Could you please check can't log in to outlook please upgrade ram.
REC-004898,2025-07-18 06:17:47,fatima.z submitted a ticket: performance on PowerPoint is extremely slow this is blocking me from completing my tasks. Contact: paul.r
REC-004899,2025-08-27 00:54:47,User li.chen reported: Jira refuses to start after update colleagues on lab room also affected.
REC-004900,2025-06-28 19:09:47,Request for support regarding outlook refuses to start after update this has been happening since yesterday.
REC-004901,2025-08-01 06:26:47,"Facing an issue where unable to access SharePoint, request ID #TKT-96089 already tried restarting, no success."
REC-004902,2025-08-10 22:48:47,"Need urgent help with unable to access slack, request id #tkt-53620 colleagues on hq also affected. contact: alex.b"
REC-004903,2025-08-29 17:54:47,george.t submitted a ticket: can't log in to Excel pls replace keyboard.
REC-004904,2025-08-21 15:28:47,I'm having trouble with the printer at floor 3 is not working again this is blocking me from completing my tasks.
REC-004905,2025-08-28 03:10:47,Facing an issue where VPN connection drops every few minutes please grant access to shared drive.
REC-004906,2025-07-28 11:56:47,Facing an issue where SAP refuses to start after update causing delays in project work. Contact: ahmed.h
REC-004907,2025-07-15 12:36:47,Could you please check the server keeps restarting randomly causing delays in project work.
REC-004908,2025-07-15 09:57:47,ahmed.h submitted a ticket: my desktop at floor 1 showing not responding causing delays in project work.
REC-004909,2025-06-26 06:48:47,I'm having trouble with SharePoint refuses to start after update this has been happening since yesterday.
REC-004910,2025-07-26 16:36:47,Facing an issue where the workstation keeps restarting randomly please install Adobe Acrobat.
REC-004911,2025-07-18 12:34:47,Request for support regarding Zoom refuses to start after update pls replace keyboard.
REC-004912,2025-08-20 01:35:47,"I'm having trouble with unable to access word, request id #tkt-29527 this is blocking me from completing my tasks."
REC-004913,2025-08-02 15:47:47,Request for support regarding my tablet at floor 1 showing blue screen colleagues on floor 1 also affected. Contact: mohamed.s
REC-004914,2025-08-03 20:21:47,Could you please check Excel refuses to start after update colleagues on lab room also affected. Contact: youssef.t
REC-004915,2025-08-31 04:10:47,Facing an issue where my workstation at lab room showing disk full colleagues on lab room also affected.
REC-004916,2025-09-18 14:28:47,Need urgent help with can't log in to zoom need this fixed asap. contact: fatima.z
REC-004917,2025-08-21 17:33:47,"Could you please check Chrome refuses to start after update already tried restarting, no success."
REC-004918,2025-08-27 04:44:47,I'm having trouble with the printer at lab room is not working again colleagues on lab room also affected.
REC-004919,2025-07-08 09:10:47,Request for support regarding the tablet keeps restarting randomly need this fixed ASAP.
REC-004920,2025-07-04 02:17:47,User sofia.g reported: my phone at floor 2 showing blue screen causing delays in project work.
REC-004921,2025-09-18 03:41:47,Problem encountered: performance on SharePoint is extremely slow this has been happening since yesterday.
REC-004922,2025-08-22 13:32:47,I'm having trouble with performance on PowerPoint is extremely slow causing delays in project work.
REC-004923,2025-07-29 19:45:47,Request for support regarding my tablet at datacenter showing network timeout colleagues on datacenter also affected. Contact: khaled.a
REC-004924,2025-06-25 08:21:47,Problem encountered: Zoom refuses to start after update this has been happening since yesterday. Contact: li.chen
REC-004925,2025-08-20 04:28:47,Problem encountered: my tablet at floor 3 showing error code 720 please setup new email account.
REC-004926,2025-07-10 00:53:47,Problem encountered: VPN connection drops every few minutes colleagues on training hall also affected. Contact: sarah.k
REC-004927,2025-08-06 07:19:47,I'm having trouble with performance on Teams is extremely slow please fix wifi. Contact: paul.r
REC-004928,2025-08-05 10:04:47,I'm having trouble with the printer at HQ is not working again this has been happening since yesterday. Contact: hannah.j
REC-004929,2025-09-18 11:40:47,sofia.g submitted a ticket: can't log in to Slack this is blocking me from completing my tasks.
REC-004930,2025-09-11 10:37:47,Could you please check my workstation at floor 1 showing printer jam need this fixed asap.
REC-004931,2025-09-20 20:54:47,Could you please check the tablet keeps restarting randomly this has been happening since yesterday.
REC-004932,2025-07-18 15:37:47,Problem encountered: VPN connection drops every few minutes need this fixed ASAP. Contact: li.chen
REC-004933,2025-09-11 20:49:47,"Could you pls check unable to access onedrive, request id #tkt-84108 pls fix wifi. contact: ahmed.h"
REC-004934,2025-08-20 08:18:47,Need urgent help with VPN connection drops every few minutes colleagues on lab room also affected.
REC-004935,2025-06-28 00:27:47,Sofia.g submitted a ticket: outlook refuses to start after update please install vpn client.
REC-004936,2025-07-12 14:19:47,User emma.w reported: VPN connection drops every few minutes this has been happening since yesterday.
REC-004937,2025-08-27 23:29:47,"Problem encountered: my workstation at lab room showing network timeout already tried restarting, no success."
REC-004938,2025-08-13 09:12:47,"Problem encountered: unable to access Slack, request ID #TKT-35012 already tried restarting, no success. Contact: youssef.t"
REC-004939,2025-08-15 20:25:47,"alex.b submitted a ticket: performance on PowerPoint is extremely slow already tried restarting, no success."
REC-004940,2025-09-19 12:07:47,Could you pls check performance on PowerPoint is extremely slow need this fixed ASAP. Contact: mohamed.s
REC-004941,2025-07-05 00:03:47,Request for support regarding the printer at branch office is not working again colleagues on branch office also affected.
REC-004942,2025-09-16 11:36:47,"I'm having trouble with the laptop keeps restarting randomly already tried restarting, no success."
REC-004943,2025-07-28 11:32:47,User khaled.a reported: VPN connection drops every few minutes this is blocking me from completing my tasks. Contact: sarah.k
REC-004944,2025-09-17 19:43:47,I'm having trouble with can't log in to chrome colleagues on datacenter also affected.
REC-004945,2025-08-10 18:45:47,Problem encountered: VPN connection drops every few minutes please unlock account. Contact: george.t
REC-004946,2025-09-12 08:28:47,Request for support regarding vpn connection drops every few minutes colleagues on floor 3 also affected.
REC-004947,2025-09-02 20:21:47,"Facing an issue where VPN connection drops every few minutes already tried restarting, no success."
REC-004948,2025-08-24 10:51:47,"Could you please check can't log in to sap already tried restarting, no success."
REC-004949,2025-07-27 07:25:47,emma.w submitted a ticket: my tablet at floor 1 showing printer jam colleagues on floor 1 also affected.
REC-004950,2025-09-16 04:21:47,fatima.z submitted a ticket: can't log in to Chrome colleagues on datacenter also affected.
REC-004951,2025-08-28 08:02:47,Could you please check my server at floor 3 showing error code 720 please replace keyboard. Contact: sofia.g
REC-004952,2025-06-28 01:14:47,Request for support regarding Chrome refuses to start after update please grant access to shared drive.
REC-004953,2025-08-10 15:39:47,Problem encountered: the printer at HQ is not working again this is blocking me from completing my tasks. Contact: sofia.g
REC-004954,2025-08-14 14:47:47,Could you please check the printer at floor 2 is not working again need this fixed ASAP.
REC-004955,2025-08-26 15:32:47,Problem encountered: can't log in to SharePoint colleagues on remote also affected.
REC-004956,2025-08-15 17:50:47,Facing an issue where the laptop keeps restarting randomly pls grant access to shared drive.
REC-004957,2025-07-16 15:42:47,I'm having trouble with the workstation keeps restarting randomly please unlock account.
REC-004958,2025-07-14 07:35:47,Request for support regarding VPN connection drops every few minutes causing delays in project work.
REC-004959,2025-08-28 06:14:47,Request for support regarding Word refuses to start after update this is blocking me from completing my tasks.
REC-004960,2025-08-08 16:02:47,Problem encountered: performance on Excel is extremely slow causing delays in project work.
REC-004961,2025-07-27 19:59:47,Facing an issue where Slack refuses to start after update please fix wifi.
REC-004962,2025-07-21 06:11:47,Facing an issue where performance on PowerPoint is extremely slow please install VPN client. Contact: sarah.k
REC-004963,2025-08-06 13:34:47,Request for support regarding Teams refuses to start after update please setup new email account.
REC-004964,2025-09-22 19:05:47,"Problem encountered: unable to access Zoom, request ID #TKT-14003 already tried restarting, no success."
REC-004965,2025-09-04 18:23:47,Need urgent help with can't log in to Zoom this has been happening since yesterday. Contact: george.t
REC-004966,2025-07-25 18:55:47,"Facing an issue where unable to access Outlook, request ID #TKT-10554 already tried restarting, no success."
REC-004967,2025-07-23 01:06:47,fatima.z submitted a ticket: can't log in to SAP colleagues on floor 1 also affected.
REC-004968,2025-06-30 13:14:47,"Facing an issue where unable to access SAP, request ID #TKT-58902 already tried restarting, no success. Contact: maria.l"
REC-004969,2025-09-05 10:02:47,Request for support regarding the printer at floor 1 is not working again please upgrade RAM.
REC-004970,2025-07-16 16:20:47,"Request for support regarding the printer at training hall is not working again already tried restarting, no success."
REC-004971,2025-07-10 04:13:47,I'm having trouble with performance on sap is extremely slow this is blocking me from completing my tasks.
REC-004972,2025-07-11 22:14:47,Request for support regarding my server at branch office showing blue screen pls install vpn client. contact: emma.w
REC-004973,2025-09-06 19:42:47,"Problem encountered: unable to access chrome, request id #tkt-98284 causing delays in project work."
REC-004974,2025-08-10 19:48:47,"Problem encountered: unable to access Teams, request ID #TKT-63980 please install Adobe Acrobat."
REC-004975,2025-07-28 11:51:47,Problem encountered: the desktop keeps restarting randomly need this fixed ASAP.
REC-004976,2025-09-05 06:06:47,User youssef.t reported: the desktop keeps restarting randomly this has been happening since yesterday.
REC-004977,2025-09-05 08:33:47,Need urgent help with the printer at floor 3 is not working again causing delays in project work. Contact: li.chen
REC-004978,2025-07-28 01:12:47,"Facing an issue where unable to access PowerPoint, request ID #TKT-91951 need this fixed ASAP."
REC-004979,2025-06-28 21:54:47,Facing an issue where can't log in to SAP colleagues on floor 2 also affected.
REC-004980,2025-08-18 11:45:47,I'm having trouble with the printer at floor 2 is not working again causing delays in project work. Contact: alex.b
REC-004981,2025-07-18 23:26:47,Need urgent help with Outlook refuses to start after update this is blocking me from completing my tasks. Contact: john.doe
REC-004982,2025-09-09 08:35:47,I'm having trouble with Teams refuses to start after update need this fixed ASAP.
REC-004983,2025-09-22 10:39:47,User li.chen reported: can't log in to zoom pls unlock account.
REC-004984,2025-09-22 03:58:47,alex.b submitted a ticket: the printer at floor 2 is not working again please fix wifi. Contact: ahmed.h
REC-004985,2025-08-02 20:33:47,Problem encountered: VPN connection drops every few minutes this has been happening since yesterday. Contact: maria.l
REC-004986,2025-08-03 08:37:47,Problem encountered: the server keeps restarting randomly causing delays in project work. Contact: paul.r
REC-004987,2025-08-24 09:59:47,Request for support regarding VPN connection drops every few minutes causing delays in project work. Contact: sarah.k
REC-004988,2025-06-30 12:07:47,User alex.b reported: VPN connection drops every few minutes need this fixed ASAP. Contact: youssef.t
REC-004989,2025-06-29 01:35:47,Problem encountered: SharePoint refuses to start after update need this fixed ASAP.
REC-004990,2025-09-19 18:55:47,"Facing an issue where unable to access Word, request ID #TKT-34234 pls install Adobe Acrobat. Contact: maria.l"
REC-004991,2025-08-07 16:45:47,I'm having trouble with Jira refuses to start after update colleagues on remote also affected.
REC-004992,2025-07-18 18:25:47,"User fatima.z reported: unable to access sharepoint, request id #tkt-93138 need this fixed asap."
REC-004993,2025-09-03 13:16:47,"george.t submitted a ticket: unable to access OneDrive, request ID #TKT-60701 causing delays in project work. Contact: hannah.j"
REC-004994,2025-07-21 07:53:47,"Request for support regarding zoom refuses to start after update already tried restarting, no success."
REC-004995,2025-09-18 03:15:47,Request for support regarding the printer at remote is not working again need this fixed ASAP. Contact: khaled.a
REC-004996,2025-09-13 02:06:47,Problem encountered: can't log in to SAP colleagues on remote also affected.
REC-004997,2025-08-04 15:20:47,sofia.g submitted a ticket: can't log in to Chrome this is blocking me from completing my tasks. Contact: sofia.g
REC-004998,2025-06-25 09:11:47,Could you please check performance on Teams is extremely slow colleagues on lab room also affected.
REC-004999,2025-07-03 06:52:47,"sofia.g submitted a ticket: unable to access Excel, request ID #TKT-58527 need this fixed ASAP."
REC-005000,2025-09-18 13:43:47,maria.l submitted a ticket: the printer at datacenter is not working again colleagues on datacenter also affected. Contact: mohamed.s
